protocol_id,protocol_date,config_hash,task,seed,target_col,time_col,frequency_minutes,lookback_steps,lookback_minutes,horizons_steps,horizons_minutes,n_features,feature_names,target_feature_index,data_file_sha256,device,torch_version,model,best_epoch,best_val_loss,epochs_ran,train_time_sec,peak_gpu_memory_mb,peak_process_rss_mb,total_params,trainable_params,total_model_size_mb,trainable_parameter_size_mb,trainable_ratio,test_rmse,test_mae,test_smape,rmse_h1,mae_h1,smape_h1,rmse_h2,mae_h2,smape_h2,rmse_h4,mae_h4,smape_h4,rmse_h8,mae_h8,smape_h8,rmse_h24,mae_h24,smape_h24,conformal_alpha,conformal_calibration_n,picp95,mpiw95,picp95_h1,mpiw95_h1,conformal_q95_h1,picp95_h2,mpiw95_h2,conformal_q95_h2,picp95_h4,mpiw95_h4,conformal_q95_h4,picp95_h8,mpiw95_h8,conformal_q95_h8,picp95_h24,mpiw95_h24,conformal_q95_h24,encoder_sparsity_pct,spikelora_sparsity_pct,inference_ms_per_sample,inference_ms_per_batch,train_windows,val_windows,calibration_windows,test_windows,model_hparams,prediction_file
SpikeLoRA-TS-R2-corrected-v1,2026-07-20,1c553ec25a0e,SR,0,GHI,date,15,96,1440,"[1,2,4,8,24]","[15,30,60,120,360]",12,"[""Temperature"",""Cloud Type"",""Dew Point"",""Relative Humidity"",""Solar Zenith Angle"",""Pressure"",""Wind Direction"",""Wind Speed"",""GHI"",""cal_hour"",""cal_dayofweek"",""cal_month""]",8,d30c392eddf014df2a416d4071fc87fbde68c18b8222041368028de94289252f,cuda,2.11.0+cu128,mlp,3,0.0936749500022553,10,32.53042985000002,24.7314453125,1672.3515625,362245,362245,1.3846025466918943,1.381855010986328,1.0,54.10230058674681,31.0183576695119,110.5036448901742,46.68874054935091,29.74634913981321,109.96843927944168,47.434300017234726,28.28487660241044,109.18856530078888,50.802731097765545,27.922336623961684,109.3860715507459,56.84395990573636,31.85453715010385,109.64832475395129,66.28189848614059,37.28368883127031,114.3268235659432,0.05,5226,0.8865101661825627,285.12033630228683,0.984381696109709,240.3129600385764,162.37908935546875,0.986572067996762,265.568097940451,178.97683715820312,0.9861911337555356,287.1606839744314,197.13755798339844,0.989048140564735,319.97698360690333,221.4560089111328,0.4863577924860721,312.58295595107217,220.7996826171875,,,0.0017742460935998,0.2271034999807852,73476,5226,5226,21001,"{""delta_threshold"":0.05,""dropout"":0.1,""encoder_mode"":""delta"",""patch_len"":16,""patch_stride"":8,""spike_steps"":8,""transformer_d_model"":128,""transformer_heads"":4,""transformer_layers"":3}",/content/drive/MyDrive/SpikeLoRA_TS_R2_results/predictions/E1/SR_mlp_seed0_SpikeLoRA-TS-R2-corrected-v1.npz
SpikeLoRA-TS-R2-corrected-v1,2026-07-20,1c553ec25a0e,SR,1,GHI,date,15,96,1440,"[1,2,4,8,24]","[15,30,60,120,360]",12,"[""Temperature"",""Cloud Type"",""Dew Point"",""Relative Humidity"",""Solar Zenith Angle"",""Pressure"",""Wind Direction"",""Wind Speed"",""GHI"",""cal_hour"",""cal_dayofweek"",""cal_month""]",8,d30c392eddf014df2a416d4071fc87fbde68c18b8222041368028de94289252f,cuda,2.11.0+cu128,mlp,4,0.0915136258611494,11,36.49274742900002,24.7314453125,1672.4140625,362245,362245,1.3846025466918943,1.381855010986328,1.0,55.95588678312013,32.18198405906511,110.26528607183266,44.1497137811422,27.37762631652957,109.2135383248631,44.72775154276452,24.81308746446877,108.43848267732872,51.54213835224672,29.707469404881856,109.44216482517344,59.50266073657038,34.37920610217059,112.50208331314433,74.21845244105542,44.63253100727474,111.7301612186537,0.05,5226,0.8844721679920003,278.17940324055206,0.9863339840959954,224.29333802017905,161.33941650390625,0.9852864149326224,244.1563286712968,174.0224609375,0.9843340793295556,270.3756766823563,192.8964233398437,0.9838102947478692,310.5931822209748,220.9627685546875,0.4825960668539593,341.4784906079534,229.83892822265625,,,0.0018057847656294,0.2311404500005665,73476,5226,5226,21001,"{""delta_threshold"":0.05,""dropout"":0.1,""encoder_mode"":""delta"",""patch_len"":16,""patch_stride"":8,""spike_steps"":8,""transformer_d_model"":128,""transformer_heads"":4,""transformer_layers"":3}",/content/drive/MyDrive/SpikeLoRA_TS_R2_results/predictions/E1/SR_mlp_seed1_SpikeLoRA-TS-R2-corrected-v1.npz
SpikeLoRA-TS-R2-corrected-v1,2026-07-20,1c553ec25a0e,SR,2,GHI,date,15,96,1440,"[1,2,4,8,24]","[15,30,60,120,360]",12,"[""Temperature"",""Cloud Type"",""Dew Point"",""Relative Humidity"",""Solar Zenith Angle"",""Pressure"",""Wind Direction"",""Wind Speed"",""GHI"",""cal_hour"",""cal_dayofweek"",""cal_month""]",8,d30c392eddf014df2a416d4071fc87fbde68c18b8222041368028de94289252f,cuda,2.11.0+cu128,mlp,2,0.0932305312782834,9,28.98388092100004,24.7314453125,1672.421875,362245,362245,1.3846025466918943,1.381855010986328,1.0,56.54835564389822,31.859201747897377,110.76134222299618,48.64456354028376,28.93936315946741,110.20617831801398,52.22799641114434,31.41734749364556,111.2727323906414,54.29221039894985,30.98443953506516,111.60641551569051,61.37403221430621,34.982403777121455,110.69343158440476,64.65376646994534,32.9724547741873,110.0279533062304,0.05,5226,0.8840531403266512,287.5999564107671,0.9837626779677158,242.7376204661816,165.40789794921875,0.9842388457692492,264.16119406962474,181.01593017578125,0.9847626303509356,284.81432334536976,198.4420166015625,0.9837150611875624,317.7008342231593,221.2041702270508,0.4837864863577925,328.58580994950006,230.878662109375,,,0.0017916367186288,0.2293294999844874,73476,5226,5226,21001,"{""delta_threshold"":0.05,""dropout"":0.1,""encoder_mode"":""delta"",""patch_len"":16,""patch_stride"":8,""spike_steps"":8,""transformer_d_model"":128,""transformer_heads"":4,""transformer_layers"":3}",/content/drive/MyDrive/SpikeLoRA_TS_R2_results/predictions/E1/SR_mlp_seed2_SpikeLoRA-TS-R2-corrected-v1.npz
SpikeLoRA-TS-R2-corrected-v1,2026-07-20,1c553ec25a0e,SR,0,GHI,date,15,96,1440,"[1,2,4,8,24]","[15,30,60,120,360]",12,"[""Temperature"",""Cloud Type"",""Dew Point"",""Relative Humidity"",""Solar Zenith Angle"",""Pressure"",""Wind Direction"",""Wind Speed"",""GHI"",""cal_hour"",""cal_dayofweek"",""cal_month""]",8,d30c392eddf014df2a416d4071fc87fbde68c18b8222041368028de94289252f,cuda,2.11.0+cu128,lstm,4,0.0886363970979027,11,94.83887457600008,257.513671875,1702.73046875,205445,205445,0.7862863540649414,0.7837104797363281,1.0,50.313773684860685,22.49414365917471,108.14563621765436,36.047150062052175,16.221194041898652,106.3275204652487,41.05069793134188,18.59085846637512,106.86661158611756,47.82715119732455,21.57454574444732,107.63118492802757,54.54608198514908,24.867662818436056,108.31896906387168,66.40866533991003,31.21645722471641,111.58389504500614,0.05,5226,0.8866815865911147,286.5151481943388,0.9846197800104756,199.4930986243029,139.255126953125,0.9865244512166088,249.86810086941776,174.77850341796875,0.9855721156135422,276.8130330636634,193.97149658203125,0.9875244035998286,326.8916130587235,230.28819274902344,0.4891671825151183,379.5098953555864,265.509521484375,,,0.0355202625001105,4.546593600014148,73476,5226,5226,21001,"{""delta_threshold"":0.05,""dropout"":0.1,""encoder_mode"":""delta"",""patch_len"":16,""patch_stride"":8,""spike_steps"":8,""transformer_d_model"":128,""transformer_heads"":4,""transformer_layers"":3}",/content/drive/MyDrive/SpikeLoRA_TS_R2_results/predictions/E1/SR_lstm_seed0_SpikeLoRA-TS-R2-corrected-v1.npz
SpikeLoRA-TS-R2-corrected-v1,2026-07-20,1c553ec25a0e,SR,1,GHI,date,15,96,1440,"[1,2,4,8,24]","[15,30,60,120,360]",12,"[""Temperature"",""Cloud Type"",""Dew Point"",""Relative Humidity"",""Solar Zenith Angle"",""Pressure"",""Wind Direction"",""Wind Speed"",""GHI"",""cal_hour"",""cal_dayofweek"",""cal_month""]",8,d30c392eddf014df2a416d4071fc87fbde68c18b8222041368028de94289252f,cuda,2.11.0+cu128,lstm,3,0.0883854153828743,10,87.6693915840001,257.513671875,1704.19140625,205445,205445,0.7862863540649414,0.7837104797363281,1.0,53.63192422327936,27.89722356309914,109.7193064321944,46.02005625368525,26.440844003112367,108.24969415879536,46.18292028721294,24.185461630021315,108.81726447177476,51.94849924026693,26.02367646632538,109.63352834881644,57.01751614714036,29.41995692603912,110.3017783806344,64.66502187972294,33.41617878999752,111.59426680095112,0.05,5226,0.8864530260463788,281.99411762964667,0.9838579115280224,209.16452122202352,144.9248046875,0.9860959001952287,250.4855609587003,173.90374755859375,0.986286367315842,283.72221911377545,196.1351318359375,0.9877148707204418,323.4269000619634,225.1976928710937,0.4883100804723584,343.1713867917707,236.209716796875,,,0.0349987062500112,4.479834400001437,73476,5226,5226,21001,"{""delta_threshold"":0.05,""dropout"":0.1,""encoder_mode"":""delta"",""patch_len"":16,""patch_stride"":8,""spike_steps"":8,""transformer_d_model"":128,""transformer_heads"":4,""transformer_layers"":3}",/content/drive/MyDrive/SpikeLoRA_TS_R2_results/predictions/E1/SR_lstm_seed1_SpikeLoRA-TS-R2-corrected-v1.npz
SpikeLoRA-TS-R2-corrected-v1,2026-07-20,1c553ec25a0e,SR,2,GHI,date,15,96,1440,"[1,2,4,8,24]","[15,30,60,120,360]",12,"[""Temperature"",""Cloud Type"",""Dew Point"",""Relative Humidity"",""Solar Zenith Angle"",""Pressure"",""Wind Direction"",""Wind Speed"",""GHI"",""cal_hour"",""cal_dayofweek"",""cal_month""]",8,d30c392eddf014df2a416d4071fc87fbde68c18b8222041368028de94289252f,cuda,2.11.0+cu128,lstm,5,0.0896854339701391,12,105.75330335099989,257.513671875,1705.25390625,205445,205445,0.7862863540649414,0.7837104797363281,1.0,49.53284971572732,22.04621576894369,108.82231096381123,36.05500744398183,16.03294229423436,105.8073929851399,40.696180248741626,16.32223768894073,106.35191945200924,46.75775269676124,18.985879753755448,107.88018955887352,53.81958792030152,25.23737832944873,109.73160165978186,65.02720872848484,33.65264077833917,114.34045116325156,0.05,5226,0.887129184324556,282.4063847962632,0.9835245940669493,199.17342344885023,134.97528076171875,0.9854768820532356,245.9078805811842,170.0096435546875,0.986857768677682,282.8163650492351,197.3285522460937,0.9890005237845816,333.72016799023623,236.542724609375,0.4907861530403314,350.4140869118101,250.5955810546875,,,0.035730482422025,4.573501750019204,73476,5226,5226,21001,"{""delta_threshold"":0.05,""dropout"":0.1,""encoder_mode"":""delta"",""patch_len"":16,""patch_stride"":8,""spike_steps"":8,""transformer_d_model"":128,""transformer_heads"":4,""transformer_layers"":3}",/content/drive/MyDrive/SpikeLoRA_TS_R2_results/predictions/E1/SR_lstm_seed2_SpikeLoRA-TS-R2-corrected-v1.npz
SpikeLoRA-TS-R2-corrected-v1,2026-07-20,1c553ec25a0e,SR,0,GHI,date,15,96,1440,"[1,2,4,8,24]","[15,30,60,120,360]",12,"[""Temperature"",""Cloud Type"",""Dew Point"",""Relative Humidity"",""Solar Zenith Angle"",""Pressure"",""Wind Direction"",""Wind Speed"",""GHI"",""cal_hour"",""cal_dayofweek"",""cal_month""]",8,d30c392eddf014df2a416d4071fc87fbde68c18b8222041368028de94289252f,cuda,2.11.0+cu128,gru,3,0.0855072415335808,10,67.76692820700009,250.671875,1709.87109375,154245,154245,0.5909738540649414,0.5883979797363281,1.0,48.37290070520592,21.72822254755447,108.10998157422762,36.64824987962592,16.41557126589931,105.91713551774887,40.146155231075056,17.65697006102795,106.49113201365024,47.19216838905882,20.690240351292445,107.53704106627416,52.58764212560127,23.841327509751327,108.64793689734584,61.25617317878977,30.03700354980132,111.95666237611904,0.05,5226,0.8856054473596495,270.4456704520389,0.9842388457692492,203.00724800218487,140.07501220703125,0.985857816294462,245.2796590073121,167.11273193359375,0.9847150135707824,274.8818183013595,190.9158630371093,0.986714918337222,320.8022372927542,223.6651611328125,0.486500642826532,308.2573896565838,218.4036865234375,,,0.0229145351559267,2.9330604999586285,73476,5226,5226,21001,"{""delta_threshold"":0.05,""dropout"":0.1,""encoder_mode"":""delta"",""patch_len"":16,""patch_stride"":8,""spike_steps"":8,""transformer_d_model"":128,""transformer_heads"":4,""transformer_layers"":3}",/content/drive/MyDrive/SpikeLoRA_TS_R2_results/predictions/E1/SR_gru_seed0_SpikeLoRA-TS-R2-corrected-v1.npz
SpikeLoRA-TS-R2-corrected-v1,2026-07-20,1c553ec25a0e,SR,1,GHI,date,15,96,1440,"[1,2,4,8,24]","[15,30,60,120,360]",12,"[""Temperature"",""Cloud Type"",""Dew Point"",""Relative Humidity"",""Solar Zenith Angle"",""Pressure"",""Wind Direction"",""Wind Speed"",""GHI"",""cal_hour"",""cal_dayofweek"",""cal_month""]",8,d30c392eddf014df2a416d4071fc87fbde68c18b8222041368028de94289252f,cuda,2.11.0+cu128,gru,4,0.0842150793853866,11,74.31274406800003,250.671875,1798.7109375,154245,154245,0.5909738540649414,0.5883979797363281,1.0,54.66289368874388,26.597826095631188,108.84978278466302,38.84299162599182,20.226026989234004,106.73340100794572,41.20924837397466,18.78234196830877,107.04505201558024,48.95991132876384,23.429294800339445,107.67497206890768,59.08365324672579,30.37911025392834,109.34303717072298,76.45409461781641,40.17235646634538,113.45245166015854,0.05,5226,0.8846054949764297,277.1004744152314,0.983191276605876,189.4655943620285,133.17462158203125,0.9857625827341556,243.33629451504856,167.74014282226562,0.9861911337555356,276.848298316172,194.36529541015625,0.985857816294462,331.4336278172574,231.66021728515625,0.4820246654921194,344.4185570656507,237.0450134277344,,,0.0228314082029612,2.922420249979041,73476,5226,5226,21001,"{""delta_threshold"":0.05,""dropout"":0.1,""encoder_mode"":""delta"",""patch_len"":16,""patch_stride"":8,""spike_steps"":8,""transformer_d_model"":128,""transformer_heads"":4,""transformer_layers"":3}",/content/drive/MyDrive/SpikeLoRA_TS_R2_results/predictions/E1/SR_gru_seed1_SpikeLoRA-TS-R2-corrected-v1.npz
SpikeLoRA-TS-R2-corrected-v1,2026-07-20,1c553ec25a0e,SR,2,GHI,date,15,96,1440,"[1,2,4,8,24]","[15,30,60,120,360]",12,"[""Temperature"",""Cloud Type"",""Dew Point"",""Relative Humidity"",""Solar Zenith Angle"",""Pressure"",""Wind Direction"",""Wind Speed"",""GHI"",""cal_hour"",""cal_dayofweek"",""cal_month""]",8,d30c392eddf014df2a416d4071fc87fbde68c18b8222041368028de94289252f,cuda,2.11.0+cu128,gru,4,0.0864291804882926,11,74.09444395499986,250.671875,1748.53515625,154245,154245,0.5909738540649414,0.5883979797363281,1.0,50.45797646803251,25.289817841301293,108.37021425086742,36.8758584839486,17.47387721178549,106.15270323561371,41.37679611593542,19.27616297613467,107.09145059174816,49.454509946212994,26.39918552760334,108.16725203911608,55.82985667300458,31.3726632687814,109.48079017678948,63.99568188828376,31.927200222201567,110.95887521106968,0.05,5226,0.8857578210561402,267.5497515770908,0.9837150611875624,192.37166028803605,131.04141235351562,0.985857816294462,240.0213847489341,166.19317626953125,0.9855244988333888,265.89205895271266,187.3086853027344,0.9882386553021284,312.46885392992937,223.274658203125,0.4854530736631589,326.9947999658417,224.8519897460937,,,0.0256111105469969,3.2782221500156083,73476,5226,5226,21001,"{""delta_threshold"":0.05,""dropout"":0.1,""encoder_mode"":""delta"",""patch_len"":16,""patch_stride"":8,""spike_steps"":8,""transformer_d_model"":128,""transformer_heads"":4,""transformer_layers"":3}",/content/drive/MyDrive/SpikeLoRA_TS_R2_results/predictions/E1/SR_gru_seed2_SpikeLoRA-TS-R2-corrected-v1.npz
SpikeLoRA-TS-R2-corrected-v1,2026-07-20,1c553ec25a0e,SR,0,GHI,date,15,96,1440,"[1,2,4,8,24]","[15,30,60,120,360]",12,"[""Temperature"",""Cloud Type"",""Dew Point"",""Relative Humidity"",""Solar Zenith Angle"",""Pressure"",""Wind Direction"",""Wind Speed"",""GHI"",""cal_hour"",""cal_dayofweek"",""cal_month""]",8,d30c392eddf014df2a416d4071fc87fbde68c18b8222041368028de94289252f,cuda,2.11.0+cu128,tcn,3,0.0895333996921538,10,98.32385380899996,116.16259765625,1812.1796875,253445,253445,0.9726438522338868,0.966815948486328,1.0,49.34314511608299,23.133825980108764,108.34546165000734,37.5053982083119,18.44887212314899,106.2278676583361,40.25598014718252,16.875386347583824,106.63709705303826,47.28197592272496,20.971024317750704,107.79267790396732,53.57124256231157,25.97902785159935,108.9765767731392,63.56939311124937,33.39481926046095,112.09308886155588,0.05,5226,0.8862625589257654,278.529044116912,0.9829531927051092,201.53553701894555,134.62039184570312,0.9850007142517024,242.81228231358577,166.46661376953125,0.9850007142517024,275.4332282881607,189.3656005859375,0.9869053854578352,319.1753313929108,221.2338256835937,0.491452787962478,353.68884157095687,249.6912841796875,,,0.0268216324219139,3.433168950004984,73476,5226,5226,21001,"{""delta_threshold"":0.05,""dropout"":0.1,""encoder_mode"":""delta"",""patch_len"":16,""patch_stride"":8,""spike_steps"":8,""transformer_d_model"":128,""transformer_heads"":4,""transformer_layers"":3}",/content/drive/MyDrive/SpikeLoRA_TS_R2_results/predictions/E1/SR_tcn_seed0_SpikeLoRA-TS-R2-corrected-v1.npz
SpikeLoRA-TS-R2-corrected-v1,2026-07-20,1c553ec25a0e,SR,1,GHI,date,15,96,1440,"[1,2,4,8,24]","[15,30,60,120,360]",12,"[""Temperature"",""Cloud Type"",""Dew Point"",""Relative Humidity"",""Solar Zenith Angle"",""Pressure"",""Wind Direction"",""Wind Speed"",""GHI"",""cal_hour"",""cal_dayofweek"",""cal_month""]",8,d30c392eddf014df2a416d4071fc87fbde68c18b8222041368028de94289252f,cuda,2.11.0+cu128,tcn,2,0.0874106107978952,9,88.35959436300027,116.16259765625,1756.546875,253445,253445,0.9726438522338868,0.966815948486328,1.0,51.08828332546967,25.89820502765133,109.02923526025307,37.03818632114147,17.376818679672247,106.35115234401182,42.16007925183015,20.91607600805572,107.69414757825407,48.39692434211663,23.647126685664244,108.677884302383,56.64345976437893,30.882894882275533,110.51621011814,65.95468230066568,36.6681088825889,111.9067819584766,0.05,5226,0.886557782962716,286.66132916618113,0.9837150611875624,205.1092736766564,136.8448486328125,0.9859054330746156,253.99663727306523,170.4647216796875,0.9842864625494024,276.91528670194407,188.2117919921875,0.9867625351173752,324.7538660864201,222.8206787109375,0.4921194228846245,372.5315820928199,260.0780029296875,,,0.0268584714842035,3.4378843499780487,73476,5226,5226,21001,"{""delta_threshold"":0.05,""dropout"":0.1,""encoder_mode"":""delta"",""patch_len"":16,""patch_stride"":8,""spike_steps"":8,""transformer_d_model"":128,""transformer_heads"":4,""transformer_layers"":3}",/content/drive/MyDrive/SpikeLoRA_TS_R2_results/predictions/E1/SR_tcn_seed1_SpikeLoRA-TS-R2-corrected-v1.npz
SpikeLoRA-TS-R2-corrected-v1,2026-07-20,1c553ec25a0e,SR,2,GHI,date,15,96,1440,"[1,2,4,8,24]","[15,30,60,120,360]",12,"[""Temperature"",""Cloud Type"",""Dew Point"",""Relative Humidity"",""Solar Zenith Angle"",""Pressure"",""Wind Direction"",""Wind Speed"",""GHI"",""cal_hour"",""cal_dayofweek"",""cal_month""]",8,d30c392eddf014df2a416d4071fc87fbde68c18b8222041368028de94289252f,cuda,2.11.0+cu128,tcn,3,0.0874064601316244,10,98.36626007299992,116.16259765625,1756.5625,253445,253445,0.9726438522338868,0.966815948486328,1.0,50.07666438135188,22.5681101539488,108.10879783836089,35.44552810716975,14.195346238845746,105.44906905066732,40.54796731952633,16.9063910778622,106.69014747458334,47.80234199579063,20.93615750811008,107.9136948827334,54.99534799312704,26.73013488324868,109.00644820342067,65.7897124184593,34.072521061677264,111.48462958039964,0.05,5226,0.8864054092662255,283.09107982293466,0.982619875244036,192.62665994205585,131.41607666015625,0.9853340317127756,245.2435779966608,168.14044189453125,0.984381696109709,274.5282425007408,189.7093505859375,0.9873815532593686,326.02160967529903,226.6131591796875,0.4923098900052378,377.0353089999167,263.4435729980469,,,0.0266316140624667,3.4088465999957407,73476,5226,5226,21001,"{""delta_threshold"":0.05,""dropout"":0.1,""encoder_mode"":""delta"",""patch_len"":16,""patch_stride"":8,""spike_steps"":8,""transformer_d_model"":128,""transformer_heads"":4,""transformer_layers"":3}",/content/drive/MyDrive/SpikeLoRA_TS_R2_results/predictions/E1/SR_tcn_seed2_SpikeLoRA-TS-R2-corrected-v1.npz
SpikeLoRA-TS-R2-corrected-v1,2026-07-20,1c553ec25a0e,SR,0,GHI,date,15,96,1440,"[1,2,4,8,24]","[15,30,60,120,360]",12,"[""Temperature"",""Cloud Type"",""Dew Point"",""Relative Humidity"",""Solar Zenith Angle"",""Pressure"",""Wind Direction"",""Wind Speed"",""GHI"",""cal_hour"",""cal_dayofweek"",""cal_month""]",8,d30c392eddf014df2a416d4071fc87fbde68c18b8222041368028de94289252f,cuda,2.11.0+cu128,patchtst,9,0.1031538576651842,16,505.943659564,454.58447265625,1756.63671875,408325,408325,1.5721759796142578,1.557636260986328,1.0,50.380757917768015,22.371524437731388,108.11231423021005,35.33352258030712,14.797073364984389,105.41372661142772,41.0477696315988,17.543015341220382,106.81632279142524,48.56538631692046,21.64837239239421,108.34751916007528,55.15354912603408,24.967352203809444,108.9301172202572,66.0092107426855,32.90180888624851,111.05388536786462,0.05,5226,0.8855197371553736,282.6452266776853,0.983619827627256,200.5734362231908,135.40167236328125,0.9851911813723156,246.6097864877848,169.17868041992188,0.9840483786486358,278.78888418665275,191.218505859375,0.9877624875005953,330.76807846702184,229.82465362548828,0.4869768106280653,356.4859480237763,252.7720947265625,,,0.0911554722653917,11.667900449970148,73476,5226,5226,21001,"{""delta_threshold"":0.05,""dropout"":0.1,""encoder_mode"":""delta"",""patch_len"":16,""patch_stride"":8,""spike_steps"":8,""transformer_d_model"":128,""transformer_heads"":4,""transformer_layers"":3}",/content/drive/MyDrive/SpikeLoRA_TS_R2_results/predictions/E1/SR_patchtst_seed0_SpikeLoRA-TS-R2-corrected-v1.npz
SpikeLoRA-TS-R2-corrected-v1,2026-07-20,1c553ec25a0e,SR,1,GHI,date,15,96,1440,"[1,2,4,8,24]","[15,30,60,120,360]",12,"[""Temperature"",""Cloud Type"",""Dew Point"",""Relative Humidity"",""Solar Zenith Angle"",""Pressure"",""Wind Direction"",""Wind Speed"",""GHI"",""cal_hour"",""cal_dayofweek"",""cal_month""]",8,d30c392eddf014df2a416d4071fc87fbde68c18b8222041368028de94289252f,cuda,2.11.0+cu128,patchtst,10,0.1031834882193263,17,536.9207100819999,454.58447265625,1756.68359375,408325,408325,1.5721759796142578,1.557636260986328,1.0,51.604219142919256,24.38936280053965,108.73356531179816,36.03592856690388,16.08596450713389,105.23819015150376,41.39645996997536,18.52349479547779,106.77089268755782,48.80659557146176,22.375873687556684,108.59132211950228,55.62716356566629,26.19089410768328,109.55624233778072,69.47126761035656,38.77058690484663,113.5111792626463,0.05,5226,0.8866339698109614,282.77586739237074,0.9844769296700158,205.02392193621824,138.60525512695312,0.986000666634922,251.27180150510992,172.29608154296875,0.9864768344364554,286.05925511544126,197.6265869140625,0.9877148707204418,326.3781105122517,226.8487548828125,0.4885005475929718,345.1462478928325,246.2366943359375,,,0.0912722703121815,11.682850599959238,73476,5226,5226,21001,"{""delta_threshold"":0.05,""dropout"":0.1,""encoder_mode"":""delta"",""patch_len"":16,""patch_stride"":8,""spike_steps"":8,""transformer_d_model"":128,""transformer_heads"":4,""transformer_layers"":3}",/content/drive/MyDrive/SpikeLoRA_TS_R2_results/predictions/E1/SR_patchtst_seed1_SpikeLoRA-TS-R2-corrected-v1.npz
SpikeLoRA-TS-R2-corrected-v1,2026-07-20,1c553ec25a0e,SR,2,GHI,date,15,96,1440,"[1,2,4,8,24]","[15,30,60,120,360]",12,"[""Temperature"",""Cloud Type"",""Dew Point"",""Relative Humidity"",""Solar Zenith Angle"",""Pressure"",""Wind Direction"",""Wind Speed"",""GHI"",""cal_hour"",""cal_dayofweek"",""cal_month""]",8,d30c392eddf014df2a416d4071fc87fbde68c18b8222041368028de94289252f,cuda,2.11.0+cu128,patchtst,8,0.1017129855038697,15,473.9717138199999,454.58447265625,1756.734375,408325,408325,1.5721759796142578,1.557636260986328,1.0,53.32715093092543,28.18829909517597,108.9370320716976,36.012085904362806,16.186803796042614,106.12222336248256,42.28426148242056,22.032244281106703,107.5351826165422,49.30206034034616,25.07360291389061,108.77883772704868,57.39259285169808,32.07779851088518,110.0351863388278,73.54925671757441,45.57104597395474,112.21373031358664,0.05,5226,0.8860625684491215,286.4921677191572,0.9832865101661824,198.7609367219841,133.75262451171875,0.985857816294462,254.6764879733016,172.3289794921875,0.986000666634922,286.0395913684228,196.474365234375,0.988905290224275,335.8292692191805,231.5014038085937,0.4862625589257654,357.1545533128968,243.77685546875,,,0.0911211820309176,11.663511299957465,73476,5226,5226,21001,"{""delta_threshold"":0.05,""dropout"":0.1,""encoder_mode"":""delta"",""patch_len"":16,""patch_stride"":8,""spike_steps"":8,""transformer_d_model"":128,""transformer_heads"":4,""transformer_layers"":3}",/content/drive/MyDrive/SpikeLoRA_TS_R2_results/predictions/E1/SR_patchtst_seed2_SpikeLoRA-TS-R2-corrected-v1.npz
SpikeLoRA-TS-R2-corrected-v1,2026-07-20,1c553ec25a0e,SR,0,GHI,date,15,96,1440,"[1,2,4,8,24]","[15,30,60,120,360]",12,"[""Temperature"",""Cloud Type"",""Dew Point"",""Relative Humidity"",""Solar Zenith Angle"",""Pressure"",""Wind Direction"",""Wind Speed"",""GHI"",""cal_hour"",""cal_dayofweek"",""cal_month""]",8,d30c392eddf014df2a416d4071fc87fbde68c18b8222041368028de94289252f,cuda,2.11.0+cu128,itransformer,3,0.1013391142118675,10,84.17372414300007,63.369140625,1756.7421875,410757,410757,1.581151008605957,1.566913604736328,1.0,51.40715454265681,24.799900810096748,108.69155056721117,38.141092826827055,20.22091739506138,107.34047966394162,42.05453668098474,20.64114820186901,107.79499498939552,49.74032137222866,24.27638018409965,108.69787515635367,56.75917440254333,28.450465940394903,109.60598344011812,65.53203204780966,30.410592329058783,110.01841958624684,0.05,5226,0.884910242369411,278.2922960111989,0.9838579115280224,202.91164391472543,138.651123046875,0.9856197323936956,241.14600333043103,166.79202270507812,0.9839055283081758,269.2746773258368,186.82244873046875,0.9863816008761488,323.0226516701836,223.56707763671875,0.4847864387410123,355.10650381481787,248.37646484375,,,0.0131000761722788,1.6768097500516888,73476,5226,5226,21001,"{""delta_threshold"":0.05,""dropout"":0.1,""encoder_mode"":""delta"",""patch_len"":16,""patch_stride"":8,""spike_steps"":8,""transformer_d_model"":128,""transformer_heads"":4,""transformer_layers"":3}",/content/drive/MyDrive/SpikeLoRA_TS_R2_results/predictions/E1/SR_itransformer_seed0_SpikeLoRA-TS-R2-corrected-v1.npz
SpikeLoRA-TS-R2-corrected-v1,2026-07-20,1c553ec25a0e,SR,1,GHI,date,15,96,1440,"[1,2,4,8,24]","[15,30,60,120,360]",12,"[""Temperature"",""Cloud Type"",""Dew Point"",""Relative Humidity"",""Solar Zenith Angle"",""Pressure"",""Wind Direction"",""Wind Speed"",""GHI"",""cal_hour"",""cal_dayofweek"",""cal_month""]",8,d30c392eddf014df2a416d4071fc87fbde68c18b8222041368028de94289252f,cuda,2.11.0+cu128,itransformer,5,0.0992957235888142,12,101.48949676400024,63.369140625,1756.7578125,410757,410757,1.581151008605957,1.566913604736328,1.0,50.70272469311424,24.45255502207008,108.55873944882882,36.30129875420741,17.524722120238625,106.5083859989659,41.63215082631712,20.89640325950694,107.24832340722344,48.66421367402733,24.630665250303835,108.86200409252834,55.28816659257983,27.218962431464853,109.58336217737016,66.16512771226996,31.992022048836123,110.59162156805624,0.05,5226,0.8855768772915575,274.983535054704,0.983334126946336,190.24934843859043,132.81854248046875,0.9853340317127756,235.800510670059,167.0115966796875,0.9853816484929288,265.227749398161,187.4539794921875,0.9877624875005953,324.775255115604,227.81008911132807,0.4860720918051521,358.86481165110536,251.65789794921875,,,0.0126839210928153,1.6235418998803652,73476,5226,5226,21001,"{""delta_threshold"":0.05,""dropout"":0.1,""encoder_mode"":""delta"",""patch_len"":16,""patch_stride"":8,""spike_steps"":8,""transformer_d_model"":128,""transformer_heads"":4,""transformer_layers"":3}",/content/drive/MyDrive/SpikeLoRA_TS_R2_results/predictions/E1/SR_itransformer_seed1_SpikeLoRA-TS-R2-corrected-v1.npz
SpikeLoRA-TS-R2-corrected-v1,2026-07-20,1c553ec25a0e,SR,2,GHI,date,15,96,1440,"[1,2,4,8,24]","[15,30,60,120,360]",12,"[""Temperature"",""Cloud Type"",""Dew Point"",""Relative Humidity"",""Solar Zenith Angle"",""Pressure"",""Wind Direction"",""Wind Speed"",""GHI"",""cal_hour"",""cal_dayofweek"",""cal_month""]",8,d30c392eddf014df2a416d4071fc87fbde68c18b8222041368028de94289252f,cuda,2.11.0+cu128,itransformer,4,0.0984315650300235,11,92.67153823399984,63.369140625,1756.765625,410757,410757,1.581151008605957,1.566913604736328,1.0,52.32904253955776,27.15437577306064,109.05992787869276,37.16072695329186,19.1928464145605,106.20103569539742,42.24007286015703,21.28566404594864,107.7325592703025,48.270831938307104,22.6580492023922,108.26290529238936,57.4127009110599,31.974479801353628,110.38564393294112,70.00149027475511,40.66083940104821,112.7174952024334,0.05,5226,0.8864149326222561,278.6594998886946,0.9840959954287892,204.56754699724468,135.83502197265625,0.985857816294462,246.40995694446505,168.15936279296875,0.9857625827341556,271.137972862106,188.4935913085937,0.9873339364792152,310.7089984876179,222.0782623291016,0.4890243321746583,360.4730241520394,256.67724609375,,,0.0122843695308461,1.5723992999483016,73476,5226,5226,21001,"{""delta_threshold"":0.05,""dropout"":0.1,""encoder_mode"":""delta"",""patch_len"":16,""patch_stride"":8,""spike_steps"":8,""transformer_d_model"":128,""transformer_heads"":4,""transformer_layers"":3}",/content/drive/MyDrive/SpikeLoRA_TS_R2_results/predictions/E1/SR_itransformer_seed2_SpikeLoRA-TS-R2-corrected-v1.npz
SpikeLoRA-TS-R2-corrected-v1,2026-07-20,1c553ec25a0e,SR,0,GHI,date,15,96,1440,"[1,2,4,8,24]","[15,30,60,120,360]",12,"[""Temperature"",""Cloud Type"",""Dew Point"",""Relative Humidity"",""Solar Zenith Angle"",""Pressure"",""Wind Direction"",""Wind Speed"",""GHI"",""cal_hour"",""cal_dayofweek"",""cal_month""]",8,d30c392eddf014df2a416d4071fc87fbde68c18b8222041368028de94289252f,cuda,2.11.0+cu128,snn_tcn,9,0.111970962234443,16,555.0030313959996,430.693359375,1757.203125,75269,75269,0.2930173873901367,0.2871284484863281,1.0,61.5975785226433,32.18337807757736,110.54307926697906,56.51203614269789,27.905372609456865,109.78025298078956,56.94232179403625,27.72798792018612,109.60571972540632,58.63465980854879,28.961168588079115,109.4357886272521,61.986496118975296,31.14959133720916,109.82439278249628,72.49083477933527,45.17276993295555,114.06924221895096,0.05,5226,0.8857863911242322,322.5934131703509,0.9859530498547688,315.5856111344028,219.4512939453125,0.986000666634922,313.22329670172365,218.2366943359375,0.9861435169753822,326.22651933348806,227.05084228515625,0.9844293128898624,332.4438132278852,231.70797729492188,0.4864054092662254,325.4878254542549,232.95391845703125,75.49784335666556,,0.1121312691413578,14.352802450093805,73476,5226,5226,21001,"{""delta_threshold"":0.05,""dropout"":0.1,""encoder_mode"":""delta"",""patch_len"":16,""patch_stride"":8,""spike_steps"":8,""transformer_d_model"":128,""transformer_heads"":4,""transformer_layers"":3}",/content/drive/MyDrive/SpikeLoRA_TS_R2_results/predictions/E1/SR_snn_tcn_seed0_SpikeLoRA-TS-R2-corrected-v1.npz
SpikeLoRA-TS-R2-corrected-v1,2026-07-20,1c553ec25a0e,SR,1,GHI,date,15,96,1440,"[1,2,4,8,24]","[15,30,60,120,360]",12,"[""Temperature"",""Cloud Type"",""Dew Point"",""Relative Humidity"",""Solar Zenith Angle"",""Pressure"",""Wind Direction"",""Wind Speed"",""GHI"",""cal_hour"",""cal_dayofweek"",""cal_month""]",8,d30c392eddf014df2a416d4071fc87fbde68c18b8222041368028de94289252f,cuda,2.11.0+cu128,snn_tcn,6,0.1184893248241339,13,444.9619709549997,430.693359375,1759.53125,75269,75269,0.2930173873901367,0.2871284484863281,1.0,63.84124335350632,36.92022752654217,110.4412813805784,58.9424562258478,33.34342590276812,109.36082144506554,60.0385357428029,33.9258349031603,109.58772302212545,61.92074881443073,36.637578146928014,110.40165234710942,64.53288969265309,36.74524017038995,110.3270902900254,72.80803430053797,43.949058509464464,112.52911979856634,0.05,5226,0.8860816151611828,343.35977173323835,0.9859054330746156,325.3916445964121,219.81494140625,0.9854292652730824,332.3053556040556,224.33941650390625,0.9850483310318556,339.05574275632057,227.65887451171875,0.9850959478120088,353.13395137522576,239.08404541015625,0.4889290986143517,366.9121643341778,252.0736083984375,75.49784335666556,,0.1066411976559322,13.650073299959333,73476,5226,5226,21001,"{""delta_threshold"":0.05,""dropout"":0.1,""encoder_mode"":""delta"",""patch_len"":16,""patch_stride"":8,""spike_steps"":8,""transformer_d_model"":128,""transformer_heads"":4,""transformer_layers"":3}",/content/drive/MyDrive/SpikeLoRA_TS_R2_results/predictions/E1/SR_snn_tcn_seed1_SpikeLoRA-TS-R2-corrected-v1.npz
SpikeLoRA-TS-R2-corrected-v1,2026-07-20,1c553ec25a0e,SR,2,GHI,date,15,96,1440,"[1,2,4,8,24]","[15,30,60,120,360]",12,"[""Temperature"",""Cloud Type"",""Dew Point"",""Relative Humidity"",""Solar Zenith Angle"",""Pressure"",""Wind Direction"",""Wind Speed"",""GHI"",""cal_hour"",""cal_dayofweek"",""cal_month""]",8,d30c392eddf014df2a416d4071fc87fbde68c18b8222041368028de94289252f,cuda,2.11.0+cu128,snn_tcn,15,0.1172076190026655,22,751.1645676180005,430.693359375,1759.58984375,75269,75269,0.2930173873901367,0.2871284484863281,1.0,60.26857247586345,31.90893697219601,109.6078923170238,55.239878481270345,29.1093265414834,108.50874903723376,55.85197228980708,29.08234247414988,108.75720912531705,57.53087802082737,29.949098253810945,109.3895365454642,60.589641672626136,31.396144775576627,109.69989053244775,70.77930880024604,40.00777281595919,111.6840763446562,0.05,5226,0.8862720822817961,325.65549331707905,0.9865244512166088,312.2161695680972,213.0692749023437,0.9861911337555356,319.02157533521296,218.1629638671875,0.985857816294462,328.5527136385665,225.1790771484375,0.9854292652730824,327.944230196584,225.8052978515625,0.4873577448692919,340.5427778469348,236.8648681640625,75.49784335666556,,0.1089900859376769,13.950731000022644,73476,5226,5226,21001,"{""delta_threshold"":0.05,""dropout"":0.1,""encoder_mode"":""delta"",""patch_len"":16,""patch_stride"":8,""spike_steps"":8,""transformer_d_model"":128,""transformer_heads"":4,""transformer_layers"":3}",/content/drive/MyDrive/SpikeLoRA_TS_R2_results/predictions/E1/SR_snn_tcn_seed2_SpikeLoRA-TS-R2-corrected-v1.npz
SpikeLoRA-TS-R2-corrected-v1,2026-07-20,1c553ec25a0e,WS,0,Wind Speed,date,15,96,1440,"[1,2,4,8,24]","[15,30,60,120,360]",10,"[""Temperature"",""Cloud Type"",""Dew Point"",""Relative Humidity"",""Pressure"",""Wind Direction"",""Wind Speed"",""cal_hour"",""cal_dayofweek"",""cal_month""]",6,3f0adac44d33e1dccaba3b871e9d7b872ff9529151a4a3028d672307d75cedd0,cuda,2.11.0+cu128,mlp,5,0.0911995056849807,12,36.996923905000585,24.6376953125,1786.00390625,313093,313093,1.1971025466918943,1.194355010986328,1.0,0.2021433252558361,0.1320407237258901,10.267553635758311,0.0822130571672152,0.06327954116455,5.22434889450124,0.1005340087430705,0.076439293465338,6.1887994783575895,0.1452677173058164,0.1099397423812181,8.707287360266896,0.213684335325685,0.159256134113921,12.300435604516382,0.3473900418691933,0.2512889075044234,18.91689684114945,0.05,5226,0.955849721441836,0.7286827808703407,0.9556687776772534,0.3324785232543945,0.1662392616271972,0.9575258321032332,0.4188339710235595,0.2094169855117797,0.9594305033093662,0.6099474496157088,0.3049750328063965,0.960573306033046,0.9128536870948336,0.4564833641052246,0.9460501880862816,1.369300273363207,0.6870662569999695,,,0.0018082261718177,0.231452949992672,73476,5226,5226,21001,"{""delta_threshold"":0.05,""dropout"":0.1,""encoder_mode"":""delta"",""patch_len"":16,""patch_stride"":8,""spike_steps"":8,""transformer_d_model"":128,""transformer_heads"":4,""transformer_layers"":3}",/content/drive/MyDrive/SpikeLoRA_TS_R2_results/predictions/E1/WS_mlp_seed0_SpikeLoRA-TS-R2-corrected-v1.npz
SpikeLoRA-TS-R2-corrected-v1,2026-07-20,1c553ec25a0e,WS,1,Wind Speed,date,15,96,1440,"[1,2,4,8,24]","[15,30,60,120,360]",10,"[""Temperature"",""Cloud Type"",""Dew Point"",""Relative Humidity"",""Pressure"",""Wind Direction"",""Wind Speed"",""cal_hour"",""cal_dayofweek"",""cal_month""]",6,3f0adac44d33e1dccaba3b871e9d7b872ff9529151a4a3028d672307d75cedd0,cuda,2.11.0+cu128,mlp,18,0.0920766718369127,25,78.98842749200048,24.6376953125,1786.01171875,313093,313093,1.1971025466918943,1.194355010986328,1.0,0.1955389642252465,0.1241733533877099,9.590725840296292,0.0719735203790401,0.0555512533375867,4.35387449462104,0.0899771098538955,0.0680551827791151,5.424108224359138,0.1313132781861844,0.0975970972163876,7.835913629297309,0.2044737408495264,0.1499870372445212,11.784508216676391,0.344744364700857,0.2496761963609388,18.555224636527583,0.05,5226,0.959097185848293,0.7225547079301824,0.9531450883291273,0.2880871295928955,0.1440435647964477,0.960859006713966,0.378413438796997,0.1892067193984985,0.9628589114804056,0.5717206001281738,0.2858603000640869,0.9665254035522118,0.9232460721141582,0.4616331458091736,0.952097519165754,1.4513062990186874,0.7278286218643188,,,0.0017526734374939,0.2243421999992279,73476,5226,5226,21001,"{""delta_threshold"":0.05,""dropout"":0.1,""encoder_mode"":""delta"",""patch_len"":16,""patch_stride"":8,""spike_steps"":8,""transformer_d_model"":128,""transformer_heads"":4,""transformer_layers"":3}",/content/drive/MyDrive/SpikeLoRA_TS_R2_results/predictions/E1/WS_mlp_seed1_SpikeLoRA-TS-R2-corrected-v1.npz
SpikeLoRA-TS-R2-corrected-v1,2026-07-20,1c553ec25a0e,WS,2,Wind Speed,date,15,96,1440,"[1,2,4,8,24]","[15,30,60,120,360]",10,"[""Temperature"",""Cloud Type"",""Dew Point"",""Relative Humidity"",""Pressure"",""Wind Direction"",""Wind Speed"",""cal_hour"",""cal_dayofweek"",""cal_month""]",6,3f0adac44d33e1dccaba3b871e9d7b872ff9529151a4a3028d672307d75cedd0,cuda,2.11.0+cu128,mlp,22,0.0938721508945353,29,88.52438774599977,24.6376953125,1786.01953125,313093,313093,1.1971025466918943,1.194355010986328,1.0,0.1945454074041175,0.1201168997447483,9.386401833401813,0.0651903181417618,0.0492337701672696,4.002378984783647,0.0834960830549332,0.0618747529186105,5.078882683248636,0.1247281354644807,0.0913032149196857,7.46260337429746,0.2002960464740162,0.1469122193028919,11.634455905495203,0.3497750566230572,0.2512605414152838,18.7536882191841,0.05,5226,0.9645064520737108,0.744907933788909,0.961716108756726,0.2818062305450439,0.1409031152725219,0.9625732107994858,0.3673650026321411,0.1836825013160705,0.969906194943098,0.5893573760986328,0.2946786880493164,0.9702395124041712,0.9540827642264328,0.4770845174789428,0.9580972334650733,1.531928295442294,0.770897626876831,,,0.0019153925777004,0.2451702499456587,73476,5226,5226,21001,"{""delta_threshold"":0.05,""dropout"":0.1,""encoder_mode"":""delta"",""patch_len"":16,""patch_stride"":8,""spike_steps"":8,""transformer_d_model"":128,""transformer_heads"":4,""transformer_layers"":3}",/content/drive/MyDrive/SpikeLoRA_TS_R2_results/predictions/E1/WS_mlp_seed2_SpikeLoRA-TS-R2-corrected-v1.npz
SpikeLoRA-TS-R2-corrected-v1,2026-07-20,1c553ec25a0e,WS,0,Wind Speed,date,15,96,1440,"[1,2,4,8,24]","[15,30,60,120,360]",10,"[""Temperature"",""Cloud Type"",""Dew Point"",""Relative Humidity"",""Pressure"",""Wind Direction"",""Wind Speed"",""cal_hour"",""cal_dayofweek"",""cal_month""]",6,3f0adac44d33e1dccaba3b871e9d7b872ff9529151a4a3028d672307d75cedd0,cuda,2.11.0+cu128,lstm,3,0.0862768187996326,10,88.11593851999987,257.123046875,1786.01953125,204421,204421,0.7823801040649414,0.7798042297363281,1.0,0.1863010021307911,0.1171609444848912,9.1193146074018,0.0626188631830097,0.0482419222759341,3.827830327733452,0.0805461502698153,0.0610486127343565,4.984940222191881,0.1199536407470394,0.0888040685397115,7.202016241840778,0.1940950612304956,0.1421687635862965,11.3275674814989,0.3332712767439245,0.2455413552881575,18.254218763744,0.05,5226,0.952068949097662,0.6558359807539279,0.9387648207228227,0.2347686290740966,0.1173843145370483,0.9455740202847484,0.3146154880523681,0.157307744026184,0.9556687776772534,0.4989893436431885,0.2494946718215942,0.9621922765582592,0.8433543191479023,0.4217162132263183,0.9581448502452264,1.387452123852084,0.694789707660675,,,0.0343978031246194,4.402918799951294,73476,5226,5226,21001,"{""delta_threshold"":0.05,""dropout"":0.1,""encoder_mode"":""delta"",""patch_len"":16,""patch_stride"":8,""spike_steps"":8,""transformer_d_model"":128,""transformer_heads"":4,""transformer_layers"":3}",/content/drive/MyDrive/SpikeLoRA_TS_R2_results/predictions/E1/WS_lstm_seed0_SpikeLoRA-TS-R2-corrected-v1.npz
SpikeLoRA-TS-R2-corrected-v1,2026-07-20,1c553ec25a0e,WS,1,Wind Speed,date,15,96,1440,"[1,2,4,8,24]","[15,30,60,120,360]",10,"[""Temperature"",""Cloud Type"",""Dew Point"",""Relative Humidity"",""Pressure"",""Wind Direction"",""Wind Speed"",""cal_hour"",""cal_dayofweek"",""cal_month""]",6,3f0adac44d33e1dccaba3b871e9d7b872ff9529151a4a3028d672307d75cedd0,cuda,2.11.0+cu128,lstm,1,0.0943424126801251,8,70.28822875400056,257.123046875,1785.12109375,204421,204421,0.7823801040649414,0.7798042297363281,1.0,0.1968004329108127,0.1249359866947362,9.73004844865265,0.0668188430403303,0.0509281493551327,4.170721321933571,0.0849093973633693,0.063732411831789,5.273587914623127,0.128839228380154,0.0951143413616086,7.7437214806965455,0.2079086036389963,0.1530861796455652,12.066883383440892,0.3495027241479627,0.2618188512795857,19.39532814256912,0.05,5226,0.9505261654206942,0.6699710557173675,0.9468120565687348,0.2629882097244262,0.1314941048622131,0.9532879386695872,0.3502273559570312,0.1751136779785156,0.9500976143993144,0.5298466682434082,0.2649233341217041,0.9565258797200134,0.8746132491815715,0.4373157024383545,0.9459073377458216,1.3321797954804,0.6660926938056946,,,0.0346626246095382,4.4368159500209,73476,5226,5226,21001,"{""delta_threshold"":0.05,""dropout"":0.1,""encoder_mode"":""delta"",""patch_len"":16,""patch_stride"":8,""spike_steps"":8,""transformer_d_model"":128,""transformer_heads"":4,""transformer_layers"":3}",/content/drive/MyDrive/SpikeLoRA_TS_R2_results/predictions/E1/WS_lstm_seed1_SpikeLoRA-TS-R2-corrected-v1.npz
SpikeLoRA-TS-R2-corrected-v1,2026-07-20,1c553ec25a0e,WS,2,Wind Speed,date,15,96,1440,"[1,2,4,8,24]","[15,30,60,120,360]",10,"[""Temperature"",""Cloud Type"",""Dew Point"",""Relative Humidity"",""Pressure"",""Wind Direction"",""Wind Speed"",""cal_hour"",""cal_dayofweek"",""cal_month""]",6,3f0adac44d33e1dccaba3b871e9d7b872ff9529151a4a3028d672307d75cedd0,cuda,2.11.0+cu128,lstm,2,0.1004449716397413,9,79.96560687999954,257.123046875,1785.12890625,204421,204421,0.7823801040649414,0.7798042297363281,1.0,0.1872021224103587,0.1184250717917815,9.241648354410378,0.0619929411223662,0.0481769897575509,3.96927913988335,0.0794283559103641,0.0598355088482118,4.8883501628665424,0.1216345436474775,0.0895058489670033,7.243378000845446,0.1991853353328103,0.1451100122161742,11.506483558514647,0.332567924916273,0.2494969991699672,18.600750909941898,0.05,5226,0.9508213894576448,0.6439220073376263,0.951526117803914,0.2468708753585815,0.1234354376792907,0.9489071948954813,0.3161234855651855,0.1580617427825927,0.9488595781153278,0.488683170548201,0.2443426847457885,0.9524308366268271,0.8189740548882676,0.409518837928772,0.952383219846674,1.3489584503278955,0.6746487021446228,,,0.0342858835939097,4.388593100020444,73476,5226,5226,21001,"{""delta_threshold"":0.05,""dropout"":0.1,""encoder_mode"":""delta"",""patch_len"":16,""patch_stride"":8,""spike_steps"":8,""transformer_d_model"":128,""transformer_heads"":4,""transformer_layers"":3}",/content/drive/MyDrive/SpikeLoRA_TS_R2_results/predictions/E1/WS_lstm_seed2_SpikeLoRA-TS-R2-corrected-v1.npz
SpikeLoRA-TS-R2-corrected-v1,2026-07-20,1c553ec25a0e,WS,0,Wind Speed,date,15,96,1440,"[1,2,4,8,24]","[15,30,60,120,360]",10,"[""Temperature"",""Cloud Type"",""Dew Point"",""Relative Humidity"",""Pressure"",""Wind Direction"",""Wind Speed"",""cal_hour"",""cal_dayofweek"",""cal_month""]",6,3f0adac44d33e1dccaba3b871e9d7b872ff9529151a4a3028d672307d75cedd0,cuda,2.11.0+cu128,gru,3,0.078656451476519,10,68.79111025899965,250.19140625,1785.140625,153477,153477,0.5880441665649414,0.5854682922363281,1.0,0.1827453049271991,0.113525229484988,8.844974216724342,0.0575601787426309,0.0436640163840728,3.4609496931568424,0.0752273217927486,0.0564511653627817,4.583766525032524,0.1156475836255841,0.0855126209409116,6.959139614334653,0.1913372997345454,0.139591916859885,11.180397907695902,0.3286678906974909,0.2424064278772891,18.04061734340178,0.05,5226,0.952068949097662,0.6270306406222742,0.944335984000762,0.2208993434906005,0.1104496717453002,0.9514308842436074,0.2972587347030639,0.1486293673515319,0.9548116756344937,0.4770597219467163,0.2385298609733581,0.9557640112375602,0.7992205928038497,0.3996569514274597,0.954002190371887,1.340714810167141,0.6712554693222046,,,0.0229330464840415,2.9354299499573244,73476,5226,5226,21001,"{""delta_threshold"":0.05,""dropout"":0.1,""encoder_mode"":""delta"",""patch_len"":16,""patch_stride"":8,""spike_steps"":8,""transformer_d_model"":128,""transformer_heads"":4,""transformer_layers"":3}",/content/drive/MyDrive/SpikeLoRA_TS_R2_results/predictions/E1/WS_gru_seed0_SpikeLoRA-TS-R2-corrected-v1.npz
SpikeLoRA-TS-R2-corrected-v1,2026-07-20,1c553ec25a0e,WS,1,Wind Speed,date,15,96,1440,"[1,2,4,8,24]","[15,30,60,120,360]",10,"[""Temperature"",""Cloud Type"",""Dew Point"",""Relative Humidity"",""Pressure"",""Wind Direction"",""Wind Speed"",""cal_hour"",""cal_dayofweek"",""cal_month""]",6,3f0adac44d33e1dccaba3b871e9d7b872ff9529151a4a3028d672307d75cedd0,cuda,2.11.0+cu128,gru,2,0.0813804637445397,9,62.03580169900033,250.19140625,1785.15234375,153477,153477,0.5880441665649414,0.5854682922363281,1.0,0.1834621120869692,0.1153742551298392,9.109486960713497,0.0586734480328706,0.0443461191840957,3.7188930974215486,0.076962504125092,0.0584303511108059,4.867670240870988,0.1189271827108448,0.0886568395326628,7.346192568519372,0.195671373414913,0.1444111951878681,11.554234616637856,0.3263356725063481,0.2410267706337636,18.06044428011772,0.05,5226,0.9517165849245274,0.6348034348597295,0.9474786914908814,0.2316100597381591,0.1158050298690795,0.945812104185515,0.2999160289764404,0.1499580144882202,0.9538117232512736,0.4959275722503662,0.2479637861251831,0.959859054330746,0.8316095011398104,0.4158086776733398,0.9516213513642208,1.314954012193871,0.657520592212677,,,0.0229618128908981,2.9391120500349643,73476,5226,5226,21001,"{""delta_threshold"":0.05,""dropout"":0.1,""encoder_mode"":""delta"",""patch_len"":16,""patch_stride"":8,""spike_steps"":8,""transformer_d_model"":128,""transformer_heads"":4,""transformer_layers"":3}",/content/drive/MyDrive/SpikeLoRA_TS_R2_results/predictions/E1/WS_gru_seed1_SpikeLoRA-TS-R2-corrected-v1.npz
SpikeLoRA-TS-R2-corrected-v1,2026-07-20,1c553ec25a0e,WS,2,Wind Speed,date,15,96,1440,"[1,2,4,8,24]","[15,30,60,120,360]",10,"[""Temperature"",""Cloud Type"",""Dew Point"",""Relative Humidity"",""Pressure"",""Wind Direction"",""Wind Speed"",""cal_hour"",""cal_dayofweek"",""cal_month""]",6,3f0adac44d33e1dccaba3b871e9d7b872ff9529151a4a3028d672307d75cedd0,cuda,2.11.0+cu128,gru,4,0.0829453187279326,11,76.14084011100022,250.19140625,1785.28515625,153477,153477,0.5880441665649414,0.5854682922363281,1.0,0.1954106246462521,0.1187612786911072,9.142481787206483,0.0613481960012932,0.0459635385212049,3.6178016922168648,0.0769010302510323,0.0574872806710144,4.639260033146122,0.1223729785168917,0.0903997968664669,7.249890432274925,0.202196513055528,0.1475075939730073,11.503657413677844,0.3541053737999454,0.2524481834238424,18.70179936471666,0.05,5226,0.9503452216561116,0.6520651464882105,0.9530974715489738,0.2465693950653076,0.1232846975326538,0.9455740202847484,0.3009263277053833,0.1504631638526916,0.9507166325413076,0.4932891130447387,0.2466445565223693,0.9539069568115804,0.8235512757708894,0.4117798805236816,0.948431027093948,1.395989620854733,0.700968861579895,,,0.0231122156254315,2.958363600055236,73476,5226,5226,21001,"{""delta_threshold"":0.05,""dropout"":0.1,""encoder_mode"":""delta"",""patch_len"":16,""patch_stride"":8,""spike_steps"":8,""transformer_d_model"":128,""transformer_heads"":4,""transformer_layers"":3}",/content/drive/MyDrive/SpikeLoRA_TS_R2_results/predictions/E1/WS_gru_seed2_SpikeLoRA-TS-R2-corrected-v1.npz
SpikeLoRA-TS-R2-corrected-v1,2026-07-20,1c553ec25a0e,WS,0,Wind Speed,date,15,96,1440,"[1,2,4,8,24]","[15,30,60,120,360]",10,"[""Temperature"",""Cloud Type"",""Dew Point"",""Relative Humidity"",""Pressure"",""Wind Direction"",""Wind Speed"",""cal_hour"",""cal_dayofweek"",""cal_month""]",6,3f0adac44d33e1dccaba3b871e9d7b872ff9529151a4a3028d672307d75cedd0,cuda,2.11.0+cu128,tcn,2,0.0943565994787674,9,90.08095770900036,116.05712890625,1793.16015625,252421,252421,0.9687376022338868,0.962909698486328,1.0,0.19244517766629,0.1207382156226664,9.36780110275066,0.0606195880829494,0.0464116049507653,3.724313376116438,0.0801228295010497,0.0598277414215728,4.826574400491677,0.1262580600805594,0.0916147240059335,7.400841217478074,0.2079545328237556,0.1509839741169092,11.945295405125933,0.3404337590651026,0.2548530336181513,18.941981114541186,0.05,5226,0.947345364506452,0.6614795201721944,0.9391933717442028,0.2341151237487793,0.1170575618743896,0.9448121518022952,0.3108373880386352,0.1554186940193176,0.9509547164420742,0.522241976807659,0.2611220479011535,0.9516213513642208,0.8719758934920404,0.4360107183456421,0.9501452311794676,1.3682272187738576,0.6842881441116333,,,0.0272813476559719,3.492012499964403,73476,5226,5226,21001,"{""delta_threshold"":0.05,""dropout"":0.1,""encoder_mode"":""delta"",""patch_len"":16,""patch_stride"":8,""spike_steps"":8,""transformer_d_model"":128,""transformer_heads"":4,""transformer_layers"":3}",/content/drive/MyDrive/SpikeLoRA_TS_R2_results/predictions/E1/WS_tcn_seed0_SpikeLoRA-TS-R2-corrected-v1.npz
SpikeLoRA-TS-R2-corrected-v1,2026-07-20,1c553ec25a0e,WS,1,Wind Speed,date,15,96,1440,"[1,2,4,8,24]","[15,30,60,120,360]",10,"[""Temperature"",""Cloud Type"",""Dew Point"",""Relative Humidity"",""Pressure"",""Wind Direction"",""Wind Speed"",""cal_hour"",""cal_dayofweek"",""cal_month""]",6,3f0adac44d33e1dccaba3b871e9d7b872ff9529151a4a3028d672307d75cedd0,cuda,2.11.0+cu128,tcn,7,0.0880740929980913,14,140.1165503759994,116.05712890625,1793.16796875,252421,252421,0.9687376022338868,0.962909698486328,1.0,0.2031853815221254,0.1228787649285764,9.492155043246974,0.0576096778737598,0.0442727062538813,3.6514835102024654,0.077030233770333,0.0582198867070823,4.809603038270936,0.1214168517584048,0.0885695936815959,7.236476736106955,0.2076603995085999,0.1504169672388422,11.877579394886697,0.3732346058540579,0.2729146707614804,19.88563253676781,0.05,5226,0.9532974620256178,0.697446495252282,0.9480500928527212,0.2284879684448242,0.1142439842224121,0.9555735441169468,0.3179889917373657,0.1589944958686828,0.9571448978620064,0.5186159610748291,0.2593079805374145,0.9613351745154992,0.9274051919856938,0.4637221097946167,0.9443836007809152,1.494734363018697,0.7501766681671143,,,0.0267899984379482,3.4291198000573786,73476,5226,5226,21001,"{""delta_threshold"":0.05,""dropout"":0.1,""encoder_mode"":""delta"",""patch_len"":16,""patch_stride"":8,""spike_steps"":8,""transformer_d_model"":128,""transformer_heads"":4,""transformer_layers"":3}",/content/drive/MyDrive/SpikeLoRA_TS_R2_results/predictions/E1/WS_tcn_seed1_SpikeLoRA-TS-R2-corrected-v1.npz
SpikeLoRA-TS-R2-corrected-v1,2026-07-20,1c553ec25a0e,WS,2,Wind Speed,date,15,96,1440,"[1,2,4,8,24]","[15,30,60,120,360]",10,"[""Temperature"",""Cloud Type"",""Dew Point"",""Relative Humidity"",""Pressure"",""Wind Direction"",""Wind Speed"",""cal_hour"",""cal_dayofweek"",""cal_month""]",6,3f0adac44d33e1dccaba3b871e9d7b872ff9529151a4a3028d672307d75cedd0,cuda,2.11.0+cu128,tcn,3,0.096629293079474,10,100.15347379800004,116.05712890625,1793.17578125,252421,252421,0.9687376022338868,0.962909698486328,1.0,0.1986090827135505,0.1240675340322737,9.50001576837829,0.0637642333921114,0.0482456812880832,3.686822650926706,0.0842385248787432,0.0633789672095925,4.9813114013047874,0.1260691779154457,0.093303293822737,7.463218912141617,0.2079979624244775,0.1527645957140143,11.919547892466433,0.3562432345389156,0.2626451321269414,19.449177985051904,0.05,5226,0.9493547926289224,0.6871365676533125,0.9366220656159232,0.236293077468872,0.118146538734436,0.9432884148373888,0.3209506273269653,0.1604753136634826,0.9540974239321935,0.5220116133133824,0.2610088586807251,0.9585734012666064,0.8877922365009362,0.4439677000045776,0.9541926574925004,1.4686352836564067,0.7366969585418701,,,0.0267537609360601,3.424481399815704,73476,5226,5226,21001,"{""delta_threshold"":0.05,""dropout"":0.1,""encoder_mode"":""delta"",""patch_len"":16,""patch_stride"":8,""spike_steps"":8,""transformer_d_model"":128,""transformer_heads"":4,""transformer_layers"":3}",/content/drive/MyDrive/SpikeLoRA_TS_R2_results/predictions/E1/WS_tcn_seed2_SpikeLoRA-TS-R2-corrected-v1.npz
SpikeLoRA-TS-R2-corrected-v1,2026-07-20,1c553ec25a0e,WS,0,Wind Speed,date,15,96,1440,"[1,2,4,8,24]","[15,30,60,120,360]",10,"[""Temperature"",""Cloud Type"",""Dew Point"",""Relative Humidity"",""Pressure"",""Wind Direction"",""Wind Speed"",""cal_hour"",""cal_dayofweek"",""cal_month""]",6,3f0adac44d33e1dccaba3b871e9d7b872ff9529151a4a3028d672307d75cedd0,cuda,2.11.0+cu128,patchtst,1,0.1206565924912656,8,215.640529411,384.74658203125,1793.19921875,408325,408325,1.5721759796142578,1.557636260986328,1.0,0.2361110478294808,0.1453636971844201,11.369237458405602,0.0614267692991296,0.0471778493325804,3.898946006397626,0.0822817568608688,0.0615133191709217,5.113894197864965,0.139632545941201,0.1057549790594499,9.04009262245956,0.2294675693322999,0.1689409097684723,13.744868941323505,0.4427708050173833,0.3434314285906761,25.04838552398236,0.05,5226,0.9503737917242036,0.7511661353880301,0.9563830293795532,0.2579596042633056,0.1289798021316528,0.9540974239321935,0.3356599807739258,0.1678299903869629,0.9455740202847484,0.5429134998915962,0.2714829444885254,0.95619256225894,0.9697084894328336,0.4858157634735107,0.9396219227655824,1.649589102578489,0.8260903358459473,,,0.0763461363280981,9.772305449996566,73476,5226,5226,21001,"{""delta_threshold"":0.05,""dropout"":0.1,""encoder_mode"":""delta"",""patch_len"":16,""patch_stride"":8,""spike_steps"":8,""transformer_d_model"":128,""transformer_heads"":4,""transformer_layers"":3}",/content/drive/MyDrive/SpikeLoRA_TS_R2_results/predictions/E1/WS_patchtst_seed0_SpikeLoRA-TS-R2-corrected-v1.npz
SpikeLoRA-TS-R2-corrected-v1,2026-07-20,1c553ec25a0e,WS,1,Wind Speed,date,15,96,1440,"[1,2,4,8,24]","[15,30,60,120,360]",10,"[""Temperature"",""Cloud Type"",""Dew Point"",""Relative Humidity"",""Pressure"",""Wind Direction"",""Wind Speed"",""cal_hour"",""cal_dayofweek"",""cal_month""]",6,3f0adac44d33e1dccaba3b871e9d7b872ff9529151a4a3028d672307d75cedd0,cuda,2.11.0+cu128,patchtst,1,0.1227776865723303,8,215.7834634589999,384.74658203125,1793.21484375,408325,408325,1.5721759796142578,1.557636260986328,1.0,0.231080162611003,0.1464997269523625,11.205280384911234,0.0834918529179665,0.0650683041498959,5.280684949453357,0.1036122310928517,0.0783667227216155,6.001477406197188,0.1470157852062329,0.1083700927653362,8.551434839514274,0.2313958353998606,0.1689898473814234,13.638871309568662,0.4172842557366855,0.3117036677435417,22.55393341982268,0.05,5226,0.9364601685634018,0.7851579442205193,0.9042902718918148,0.2764897346496582,0.1382448673248291,0.9280510451883244,0.373363733291626,0.186681866645813,0.9466692062282748,0.5950899984795595,0.2975477576255798,0.9548116756344937,0.9802971683872932,0.4909385442733764,0.9484786438741012,1.70054908629446,0.8574297428131104,,,0.0757143957006434,9.691442649682358,73476,5226,5226,21001,"{""delta_threshold"":0.05,""dropout"":0.1,""encoder_mode"":""delta"",""patch_len"":16,""patch_stride"":8,""spike_steps"":8,""transformer_d_model"":128,""transformer_heads"":4,""transformer_layers"":3}",/content/drive/MyDrive/SpikeLoRA_TS_R2_results/predictions/E1/WS_patchtst_seed1_SpikeLoRA-TS-R2-corrected-v1.npz
SpikeLoRA-TS-R2-corrected-v1,2026-07-20,1c553ec25a0e,WS,2,Wind Speed,date,15,96,1440,"[1,2,4,8,24]","[15,30,60,120,360]",10,"[""Temperature"",""Cloud Type"",""Dew Point"",""Relative Humidity"",""Pressure"",""Wind Direction"",""Wind Speed"",""cal_hour"",""cal_dayofweek"",""cal_month""]",6,3f0adac44d33e1dccaba3b871e9d7b872ff9529151a4a3028d672307d75cedd0,cuda,2.11.0+cu128,patchtst,4,0.1224101197147022,11,296.3279516419998,384.74658203125,1793.2421875,408325,408325,1.5721759796142578,1.557636260986328,1.0,0.2231000737523272,0.1357226033045231,10.819218550783436,0.0662686107446394,0.0516263624723908,4.391355079936683,0.0810167560674511,0.0618466470055475,5.200422634099114,0.1382852245588588,0.1043053509666717,9.304648057062446,0.2193856298637974,0.1597973549373376,12.88446773281997,0.4131102916724814,0.301037301140668,22.315199249998955,0.05,5226,0.943936003047474,0.742942539967047,0.9230512832722252,0.2382974624633789,0.1191487312316894,0.9462882719870482,0.3135950565338135,0.1567975282669067,0.9422408456740156,0.5328393487962994,0.2664912939071655,0.9607637731536594,0.9788538150563478,0.4901502728462219,0.9473358411504214,1.651127016985395,0.8404244184494019,,,0.0760721988278589,9.73724144996595,73476,5226,5226,21001,"{""delta_threshold"":0.05,""dropout"":0.1,""encoder_mode"":""delta"",""patch_len"":16,""patch_stride"":8,""spike_steps"":8,""transformer_d_model"":128,""transformer_heads"":4,""transformer_layers"":3}",/content/drive/MyDrive/SpikeLoRA_TS_R2_results/predictions/E1/WS_patchtst_seed2_SpikeLoRA-TS-R2-corrected-v1.npz
SpikeLoRA-TS-R2-corrected-v1,2026-07-20,1c553ec25a0e,WS,0,Wind Speed,date,15,96,1440,"[1,2,4,8,24]","[15,30,60,120,360]",10,"[""Temperature"",""Cloud Type"",""Dew Point"",""Relative Humidity"",""Pressure"",""Wind Direction"",""Wind Speed"",""cal_hour"",""cal_dayofweek"",""cal_month""]",6,3f0adac44d33e1dccaba3b871e9d7b872ff9529151a4a3028d672307d75cedd0,cuda,2.11.0+cu128,itransformer,5,0.1098041535607138,12,103.98880900800032,58.66796875,1793.2578125,410757,410757,1.581151008605957,1.566913604736328,1.0,0.2127595502754032,0.1309853262710807,10.24061155473836,0.0672366266029166,0.0513991030799361,4.167179797423193,0.0845161331471081,0.0644774220425834,5.272367525316564,0.1266080215059759,0.0947930367468289,7.703794825453706,0.2120120673896863,0.1567173886143601,12.498279683438271,0.3920340324759738,0.2875396808716951,21.56143594206008,0.05,5226,0.952811770868054,0.7249382311642428,0.938955287843436,0.252429723739624,0.126214861869812,0.9545735917337268,0.3354925211540466,0.1677465438842773,0.9592400361887528,0.5343465576523355,0.2671785354614258,0.9660016189705252,0.9572348406721164,0.4787817001342773,0.9452883196038284,1.5451875126030914,0.7803258895874023,,,0.011882993750234,1.5210232000299584,73476,5226,5226,21001,"{""delta_threshold"":0.05,""dropout"":0.1,""encoder_mode"":""delta"",""patch_len"":16,""patch_stride"":8,""spike_steps"":8,""transformer_d_model"":128,""transformer_heads"":4,""transformer_layers"":3}",/content/drive/MyDrive/SpikeLoRA_TS_R2_results/predictions/E1/WS_itransformer_seed0_SpikeLoRA-TS-R2-corrected-v1.npz
SpikeLoRA-TS-R2-corrected-v1,2026-07-20,1c553ec25a0e,WS,1,Wind Speed,date,15,96,1440,"[1,2,4,8,24]","[15,30,60,120,360]",10,"[""Temperature"",""Cloud Type"",""Dew Point"",""Relative Humidity"",""Pressure"",""Wind Direction"",""Wind Speed"",""cal_hour"",""cal_dayofweek"",""cal_month""]",6,3f0adac44d33e1dccaba3b871e9d7b872ff9529151a4a3028d672307d75cedd0,cuda,2.11.0+cu128,itransformer,11,0.1066099814044142,18,155.50125808699977,58.66796875,1793.26953125,410757,410757,1.581151008605957,1.566913604736328,1.0,0.205280755388365,0.1241494290295467,9.908383642312415,0.0611341090033711,0.0472976171875572,4.029891145224599,0.0789652184136536,0.0602070113447903,5.170120807069735,0.1211231652002249,0.0898287552554552,7.659154982852806,0.2043487715755016,0.1490239846746692,12.199555070111757,0.3798668399173573,0.2743897766852616,20.483196206303184,0.05,5226,0.958811485167373,0.7207901228706551,0.9500976143993144,0.2441296577453613,0.1220648288726806,0.9603828389124328,0.334850549697876,0.167425274848938,0.9639540974239322,0.5266679923969543,0.263336181640625,0.9660016189705252,0.9093855226995218,0.455058217048645,0.9536212561306604,1.588916891813562,0.8032869100570679,,,0.0178096105472036,2.279630150042067,73476,5226,5226,21001,"{""delta_threshold"":0.05,""dropout"":0.1,""encoder_mode"":""delta"",""patch_len"":16,""patch_stride"":8,""spike_steps"":8,""transformer_d_model"":128,""transformer_heads"":4,""transformer_layers"":3}",/content/drive/MyDrive/SpikeLoRA_TS_R2_results/predictions/E1/WS_itransformer_seed1_SpikeLoRA-TS-R2-corrected-v1.npz
SpikeLoRA-TS-R2-corrected-v1,2026-07-20,1c553ec25a0e,WS,2,Wind Speed,date,15,96,1440,"[1,2,4,8,24]","[15,30,60,120,360]",10,"[""Temperature"",""Cloud Type"",""Dew Point"",""Relative Humidity"",""Pressure"",""Wind Direction"",""Wind Speed"",""cal_hour"",""cal_dayofweek"",""cal_month""]",6,3f0adac44d33e1dccaba3b871e9d7b872ff9529151a4a3028d672307d75cedd0,cuda,2.11.0+cu128,itransformer,4,0.1070247315529019,11,95.15760878699984,58.66796875,1793.27734375,410757,410757,1.581151008605957,1.566913604736328,1.0,0.2111762310854018,0.1331155049954702,10.73264767166341,0.0802272823581658,0.0624475490989574,5.676285219284201,0.0950841639486491,0.0734479205817598,6.3751092036427845,0.1321309739912453,0.099156581431955,8.331808383939553,0.2102350491718234,0.1539864346280699,12.308704240282944,0.3818929399984118,0.2765390392366088,20.971331311167567,0.05,5226,0.9426693966953956,0.7325381940208465,0.91252797485834,0.2738293409347534,0.1369146704673767,0.937193466977763,0.3508031368255615,0.1754015684127807,0.9523356030665208,0.5391401557784768,0.2695955038070678,0.9582877005856864,0.9108410156412888,0.4557465314865112,0.9530022379886672,1.588077320924152,0.8085322380065918,,,0.0120229277335681,1.5389347498967254,73476,5226,5226,21001,"{""delta_threshold"":0.05,""dropout"":0.1,""encoder_mode"":""delta"",""patch_len"":16,""patch_stride"":8,""spike_steps"":8,""transformer_d_model"":128,""transformer_heads"":4,""transformer_layers"":3}",/content/drive/MyDrive/SpikeLoRA_TS_R2_results/predictions/E1/WS_itransformer_seed2_SpikeLoRA-TS-R2-corrected-v1.npz
SpikeLoRA-TS-R2-corrected-v1,2026-07-20,1c553ec25a0e,WS,0,Wind Speed,date,15,96,1440,"[1,2,4,8,24]","[15,30,60,120,360]",10,"[""Temperature"",""Cloud Type"",""Dew Point"",""Relative Humidity"",""Pressure"",""Wind Direction"",""Wind Speed"",""cal_hour"",""cal_dayofweek"",""cal_month""]",6,3f0adac44d33e1dccaba3b871e9d7b872ff9529151a4a3028d672307d75cedd0,cuda,2.11.0+cu128,snn_tcn,2,0.4812098886380011,9,307.8630179009997,430.50439453125,1793.30078125,75141,75141,0.2925291061401367,0.2866401672363281,1.0,0.5038938151537457,0.3695316915250745,25.98531873164845,0.4835722242551243,0.3527534415163226,24.815999464469225,0.4882773810581494,0.3564433222055196,25.10795046812276,0.4930397889635915,0.3613235765534079,25.50997555469764,0.5053336919044501,0.3716865168100969,26.23496811515635,0.5466604194121684,0.4054516005400254,28.257700055796285,0.05,5226,0.9206323508404362,1.7518916957600106,0.920860911385172,1.6811232428926268,0.8504879474639893,0.917480119994286,1.6766070381674696,0.8484233617782593,0.9241940859959048,1.7486064353901274,0.887656569480896,0.9260511404218846,1.804029708657683,0.9164623022079468,0.9145754964049332,1.849092053692146,0.9385980367660522,82.04970398235005,,0.1072538113284338,13.728487850039528,73476,5226,5226,21001,"{""delta_threshold"":0.05,""dropout"":0.1,""encoder_mode"":""delta"",""patch_len"":16,""patch_stride"":8,""spike_steps"":8,""transformer_d_model"":128,""transformer_heads"":4,""transformer_layers"":3}",/content/drive/MyDrive/SpikeLoRA_TS_R2_results/predictions/E1/WS_snn_tcn_seed0_SpikeLoRA-TS-R2-corrected-v1.npz
SpikeLoRA-TS-R2-corrected-v1,2026-07-20,1c553ec25a0e,WS,1,Wind Speed,date,15,96,1440,"[1,2,4,8,24]","[15,30,60,120,360]",10,"[""Temperature"",""Cloud Type"",""Dew Point"",""Relative Humidity"",""Pressure"",""Wind Direction"",""Wind Speed"",""cal_hour"",""cal_dayofweek"",""cal_month""]",6,3f0adac44d33e1dccaba3b871e9d7b872ff9529151a4a3028d672307d75cedd0,cuda,2.11.0+cu128,snn_tcn,8,0.4921320436947928,15,510.98106823499984,430.50439453125,1793.34375,75141,75141,0.2925291061401367,0.2866401672363281,1.0,0.4757948475140039,0.33074950631315,23.44595313354916,0.4545330469225557,0.3151970982131524,22.50031225609821,0.4568988506272836,0.3160014248996636,22.559221066181266,0.4618892279941408,0.3181752679285665,22.718185373730044,0.4752859732637068,0.3272981774460151,23.31425290274985,0.5266008154540627,0.3770755630783521,26.1377940689864,0.05,5226,0.9240417122994145,1.6684273429061338,0.9248131041378982,1.5907691279698948,0.7979143857955933,0.9257178229608114,1.61104948131489,0.80848228931427,0.9257654397409648,1.63531445937522,0.8212037086486816,0.929336698252464,1.7421921242402227,0.878760039806366,0.9145754964049332,1.7628115216304414,0.8911222219467163,82.04970398235005,,0.1059505011731687,13.561664150165598,73476,5226,5226,21001,"{""delta_threshold"":0.05,""dropout"":0.1,""encoder_mode"":""delta"",""patch_len"":16,""patch_stride"":8,""spike_steps"":8,""transformer_d_model"":128,""transformer_heads"":4,""transformer_layers"":3}",/content/drive/MyDrive/SpikeLoRA_TS_R2_results/predictions/E1/WS_snn_tcn_seed1_SpikeLoRA-TS-R2-corrected-v1.npz
SpikeLoRA-TS-R2-corrected-v1,2026-07-20,1c553ec25a0e,WS,2,Wind Speed,date,15,96,1440,"[1,2,4,8,24]","[15,30,60,120,360]",10,"[""Temperature"",""Cloud Type"",""Dew Point"",""Relative Humidity"",""Pressure"",""Wind Direction"",""Wind Speed"",""cal_hour"",""cal_dayofweek"",""cal_month""]",6,3f0adac44d33e1dccaba3b871e9d7b872ff9529151a4a3028d672307d75cedd0,cuda,2.11.0+cu128,snn_tcn,9,0.4525654885534395,16,538.2140914419997,430.50439453125,1793.38671875,75141,75141,0.2925291061401367,0.2866401672363281,1.0,0.4901227854292506,0.3424780935101563,24.25677944036416,0.4685988944295994,0.3267908034781707,23.211837313011305,0.4715664159437858,0.3281006605663411,23.334161503190725,0.4787453411239509,0.3321662501070443,23.656334827063084,0.4948598817957967,0.3437542571016087,24.539564536966715,0.5339087105667859,0.3815784962976168,26.541999021588992,0.05,5226,0.901128517689634,1.5340351534584558,0.8950526165420695,1.4283829367414531,0.716362476348877,0.8967192038474359,1.449877639831994,0.7275852560997009,0.9007190133803152,1.490474004943248,0.7489054203033447,0.9108613875529736,1.6070447936494443,0.8122175931930542,0.902290367125375,1.6943963921261391,0.856967568397522,82.04970398235005,,0.1054628593763595,13.499246000174026,73476,5226,5226,21001,"{""delta_threshold"":0.05,""dropout"":0.1,""encoder_mode"":""delta"",""patch_len"":16,""patch_stride"":8,""spike_steps"":8,""transformer_d_model"":128,""transformer_heads"":4,""transformer_layers"":3}",/content/drive/MyDrive/SpikeLoRA_TS_R2_results/predictions/E1/WS_snn_tcn_seed2_SpikeLoRA-TS-R2-corrected-v1.npz
SpikeLoRA-TS-R2-corrected-v1,2026-07-20,1c553ec25a0e,WP,0,LV ActivePower (kW),date,10,96,960,"[1,2,4,8,24]","[10,20,40,80,240]",6,"[""Wind Speed (m/s)"",""Wind Direction (\u00b0)"",""LV ActivePower (kW)"",""cal_hour"",""cal_dayofweek"",""cal_month""]",2,768521f386057b400c9eb5e5d45c124a0c4b5129e0f13d8ff4350099d14e5870,cuda,2.11.0+cu128,mlp,2,0.1946405878580867,9,12.224551254999824,22.5751953125,1781.609375,214789,214789,0.8221025466918945,0.8193550109863281,1.0,701.951774977763,480.0592596019556,77.24993825531145,435.3761037677636,317.1364481728009,68.35766694675868,487.1182787158557,351.81634248154944,70.29639583065602,578.8540268473241,414.98303292724535,73.46594280424291,740.2142983011547,530.0326948648204,80.42533493986635,1074.1767596509571,786.3277795633617,93.70435075503332,0.05,2393,0.9212948598614128,1990.286559826296,0.903609473575344,1232.930192610263,737.4315185546875,0.921088013238184,1470.816024952288,883.07177734375,0.9272934119350502,1815.407648064257,1097.77490234375,0.9217085531078704,2217.547953584446,1377.716064453125,0.9327748474506152,3214.7309799202226,2160.2301025390625,,,0.0017090269544439,0.2187554501688282,33815,2393,2393,9669,"{""delta_threshold"":0.05,""dropout"":0.1,""encoder_mode"":""delta"",""patch_len"":16,""patch_stride"":8,""spike_steps"":8,""transformer_d_model"":128,""transformer_heads"":4,""transformer_layers"":3}",/content/drive/MyDrive/SpikeLoRA_TS_R2_results/predictions/E1/WP_mlp_seed0_SpikeLoRA-TS-R2-corrected-v1.npz
SpikeLoRA-TS-R2-corrected-v1,2026-07-20,1c553ec25a0e,WP,1,LV ActivePower (kW),date,10,96,960,"[1,2,4,8,24]","[10,20,40,80,240]",6,"[""Wind Speed (m/s)"",""Wind Direction (\u00b0)"",""LV ActivePower (kW)"",""cal_hour"",""cal_dayofweek"",""cal_month""]",2,768521f386057b400c9eb5e5d45c124a0c4b5129e0f13d8ff4350099d14e5870,cuda,2.11.0+cu128,mlp,2,0.1798934388409162,9,12.17175827200117,22.5751953125,1781.6171875,214789,214789,0.8221025466918945,0.8193550109863281,1.0,658.1696497123762,447.5216463185846,71.70501710569962,352.0176977298288,253.7433211227671,61.60043674260891,432.9007834040288,312.931561220591,65.11555742233206,515.5783228045386,372.52925752313695,68.61808308568051,666.508441524552,488.0523017696294,74.57187123877557,1069.842222786286,810.3517899567986,88.61913703910109,0.05,2393,0.9401179025752404,2015.0011065637848,0.9377391664081084,1237.601531752017,707.109130859375,0.9476678043230944,1572.9312064667647,900.114501953125,0.952528699968973,1884.679733808192,1099.2314453125,0.9392905160823248,2201.481497131468,1307.2320556640625,0.9233633260937016,3178.311563660482,2011.026123046875,,,0.00173441562481,0.2220051999756833,33815,2393,2393,9669,"{""delta_threshold"":0.05,""dropout"":0.1,""encoder_mode"":""delta"",""patch_len"":16,""patch_stride"":8,""spike_steps"":8,""transformer_d_model"":128,""transformer_heads"":4,""transformer_layers"":3}",/content/drive/MyDrive/SpikeLoRA_TS_R2_results/predictions/E1/WP_mlp_seed1_SpikeLoRA-TS-R2-corrected-v1.npz
SpikeLoRA-TS-R2-corrected-v1,2026-07-20,1c553ec25a0e,WP,2,LV ActivePower (kW),date,10,96,960,"[1,2,4,8,24]","[10,20,40,80,240]",6,"[""Wind Speed (m/s)"",""Wind Direction (\u00b0)"",""LV ActivePower (kW)"",""cal_hour"",""cal_dayofweek"",""cal_month""]",2,768521f386057b400c9eb5e5d45c124a0c4b5129e0f13d8ff4350099d14e5870,cuda,2.11.0+cu128,mlp,1,0.185438119300018,8,10.682371160999535,22.5751953125,1781.6171875,214789,214789,0.8221025466918945,0.8193550109863281,1.0,671.8775125627162,446.9780215438636,74.19815936207087,366.58659076794606,261.7979164798179,62.75059142428414,418.9744259071642,304.71264706512113,65.09293116167088,510.5821232658578,367.26426761953473,69.00951034614684,665.5884957852502,478.670654972308,77.07111946060814,1115.109640807516,822.4446215825362,97.06664441764433,0.05,2393,0.9432826559106424,2018.870436551162,0.9438411417933602,1289.777211238882,757.496826171875,0.9533560864618884,1548.4045985158048,888.8092041015625,0.9540800496431896,1874.451830971363,1094.35546875,0.94756438101148,2280.19258412941,1396.088623046875,0.917571620643293,3101.525957900349,2078.23046875,,,0.0048730488288128,0.623750250088051,33815,2393,2393,9669,"{""delta_threshold"":0.05,""dropout"":0.1,""encoder_mode"":""delta"",""patch_len"":16,""patch_stride"":8,""spike_steps"":8,""transformer_d_model"":128,""transformer_heads"":4,""transformer_layers"":3}",/content/drive/MyDrive/SpikeLoRA_TS_R2_results/predictions/E1/WP_mlp_seed2_SpikeLoRA-TS-R2-corrected-v1.npz
SpikeLoRA-TS-R2-corrected-v1,2026-07-20,1c553ec25a0e,WP,0,LV ActivePower (kW),date,10,96,960,"[1,2,4,8,24]","[10,20,40,80,240]",6,"[""Wind Speed (m/s)"",""Wind Direction (\u00b0)"",""LV ActivePower (kW)"",""cal_hour"",""cal_dayofweek"",""cal_month""]",2,768521f386057b400c9eb5e5d45c124a0c4b5129e0f13d8ff4350099d14e5870,cuda,2.11.0+cu128,lstm,2,0.1500071938995332,9,35.59372813799928,256.341796875,1781.6171875,202373,202373,0.7745676040649414,0.7719917297363281,1.0,629.3266991698573,406.7472374714374,70.2959004010363,326.17537598831893,226.91847068509665,59.25020465070616,402.0057506025218,277.1686528247593,63.22932722556882,505.1908734715931,347.9553504886247,68.03948759279179,655.481587265255,463.76593637461497,73.87666282517307,1013.6012737456248,717.9277769840913,87.0838197109417,0.05,2393,0.9389802461474815,1987.423204229428,0.920674319991726,1042.926790574157,598.802001953125,0.9372220498500362,1369.6560574574066,796.5125122070312,0.944254835039818,1809.306277866977,1073.1231689453125,0.9396007860171682,2216.7606237279133,1338.6806640625,0.9531492398386596,3498.466271520684,2320.2486572265625,,,0.035901128906346,4.595344500012288,33815,2393,2393,9669,"{""delta_threshold"":0.05,""dropout"":0.1,""encoder_mode"":""delta"",""patch_len"":16,""patch_stride"":8,""spike_steps"":8,""transformer_d_model"":128,""transformer_heads"":4,""transformer_layers"":3}",/content/drive/MyDrive/SpikeLoRA_TS_R2_results/predictions/E1/WP_lstm_seed0_SpikeLoRA-TS-R2-corrected-v1.npz
SpikeLoRA-TS-R2-corrected-v1,2026-07-20,1c553ec25a0e,WP,1,LV ActivePower (kW),date,10,96,960,"[1,2,4,8,24]","[10,20,40,80,240]",6,"[""Wind Speed (m/s)"",""Wind Direction (\u00b0)"",""LV ActivePower (kW)"",""cal_hour"",""cal_dayofweek"",""cal_month""]",2,768521f386057b400c9eb5e5d45c124a0c4b5129e0f13d8ff4350099d14e5870,cuda,2.11.0+cu128,lstm,2,0.1548207753788986,9,35.9879408479992,256.341796875,1781.6171875,202373,202373,0.7745676040649414,0.7719917297363281,1.0,612.5815813015629,400.52961566044064,70.09850476469649,323.30893043033643,225.10685802731547,59.373535215995176,399.3164456786899,275.52626082889543,63.250980253037895,499.7023261101099,345.7975516008091,67.85591302883311,629.8991915406912,440.3597297096391,74.23625412117586,982.7630814396088,715.8576781355443,85.77584120444033,0.05,2393,0.9400558485882718,1953.2478123002736,0.9289481849208812,1065.4757671555435,614.7349853515625,0.9364980866687352,1358.3787410655996,788.67333984375,0.9470472644534078,1785.195338400015,1053.0220947265625,0.9424966387423726,2168.9017972237,1310.2401123046875,0.9452890681559624,3388.2874176565106,2185.1319580078125,,,0.0344573906268408,4.410546000235627,33815,2393,2393,9669,"{""delta_threshold"":0.05,""dropout"":0.1,""encoder_mode"":""delta"",""patch_len"":16,""patch_stride"":8,""spike_steps"":8,""transformer_d_model"":128,""transformer_heads"":4,""transformer_layers"":3}",/content/drive/MyDrive/SpikeLoRA_TS_R2_results/predictions/E1/WP_lstm_seed1_SpikeLoRA-TS-R2-corrected-v1.npz
SpikeLoRA-TS-R2-corrected-v1,2026-07-20,1c553ec25a0e,WP,2,LV ActivePower (kW),date,10,96,960,"[1,2,4,8,24]","[10,20,40,80,240]",6,"[""Wind Speed (m/s)"",""Wind Direction (\u00b0)"",""LV ActivePower (kW)"",""cal_hour"",""cal_dayofweek"",""cal_month""]",2,768521f386057b400c9eb5e5d45c124a0c4b5129e0f13d8ff4350099d14e5870,cuda,2.11.0+cu128,lstm,3,0.1496365300367628,10,38.99467237300087,256.341796875,1781.62890625,202373,202373,0.7745676040649414,0.7719917297363281,1.0,667.0854972314422,429.5361281362311,71.43909171613181,293.0918636730411,205.1622239398,58.027923681302326,377.342759849697,264.1299165273381,62.51857771385122,505.5258238516769,360.0731961886187,67.95576459999313,694.268188473643,499.84916266128585,76.12147881338903,1122.1230895106337,818.4661413641131,92.57171377212332,0.05,2393,0.9397662633157514,1903.2652841828185,0.94756438101148,1064.6393397267425,606.2120361328125,0.949219153997311,1354.1401738675652,787.611572265625,0.9483917675043956,1757.1686882628985,1040.1356201171875,0.936704933291964,2177.9401131429818,1325.344970703125,0.9169510807736064,3162.438105913905,2156.4862060546875,,,0.034772244140413,4.450847249972867,33815,2393,2393,9669,"{""delta_threshold"":0.05,""dropout"":0.1,""encoder_mode"":""delta"",""patch_len"":16,""patch_stride"":8,""spike_steps"":8,""transformer_d_model"":128,""transformer_heads"":4,""transformer_layers"":3}",/content/drive/MyDrive/SpikeLoRA_TS_R2_results/predictions/E1/WP_lstm_seed2_SpikeLoRA-TS-R2-corrected-v1.npz
SpikeLoRA-TS-R2-corrected-v1,2026-07-20,1c553ec25a0e,WP,0,LV ActivePower (kW),date,10,96,960,"[1,2,4,8,24]","[10,20,40,80,240]",6,"[""Wind Speed (m/s)"",""Wind Direction (\u00b0)"",""LV ActivePower (kW)"",""cal_hour"",""cal_dayofweek"",""cal_month""]",2,768521f386057b400c9eb5e5d45c124a0c4b5129e0f13d8ff4350099d14e5870,cuda,2.11.0+cu128,gru,2,0.1441379841339237,9,27.27844386200013,249.34521484375,1781.62890625,151941,151941,0.5821847915649414,0.5796089172363281,1.0,566.9389506768598,395.7131777522014,68.38531864744391,287.9182667970102,206.6458785620948,58.02217224405075,374.0057004116952,274.0295229746201,62.32994045615071,474.3535026976568,353.94769179166343,67.08058501067282,608.1626494415717,460.108890026478,72.3737393420847,888.5092137843757,683.8339054061506,82.12015618426052,0.05,2393,0.948867514737822,1848.1010306716275,0.9431171786120592,1015.6118419148928,575.6876220703125,0.9471506877650222,1304.4971869856608,739.1630249023438,0.952528699968973,1696.35387657766,968.9501953125,0.9490123073740822,2107.2126786589733,1224.5674438476562,0.952528699968973,3116.82956922095,1899.444580078125,,,0.0227727160158508,2.9149076500289084,33815,2393,2393,9669,"{""delta_threshold"":0.05,""dropout"":0.1,""encoder_mode"":""delta"",""patch_len"":16,""patch_stride"":8,""spike_steps"":8,""transformer_d_model"":128,""transformer_heads"":4,""transformer_layers"":3}",/content/drive/MyDrive/SpikeLoRA_TS_R2_results/predictions/E1/WP_gru_seed0_SpikeLoRA-TS-R2-corrected-v1.npz
SpikeLoRA-TS-R2-corrected-v1,2026-07-20,1c553ec25a0e,WP,1,LV ActivePower (kW),date,10,96,960,"[1,2,4,8,24]","[10,20,40,80,240]",6,"[""Wind Speed (m/s)"",""Wind Direction (\u00b0)"",""LV ActivePower (kW)"",""cal_hour"",""cal_dayofweek"",""cal_month""]",2,768521f386057b400c9eb5e5d45c124a0c4b5129e0f13d8ff4350099d14e5870,cuda,2.11.0+cu128,gru,2,0.144802051058099,9,27.30921705000037,249.34521484375,1781.640625,151941,151941,0.5821847915649414,0.5796089172363281,1.0,572.1109959766687,392.6397501917977,68.89272560233334,284.9028993840429,202.4605125768908,57.76930823855511,372.29381549188,263.2506717149666,61.95949588072614,468.7737889034594,346.50952897095016,66.81890604603974,620.32763448597,462.4830011440194,72.96568632923068,901.2365794763764,688.4950365521618,84.95023151711513,0.05,2393,0.9464267245837212,1808.4253119591483,0.9460130313372634,1025.838338260333,581.688232421875,0.9464267245837212,1310.8439969054816,753.76220703125,0.9512876202295998,1671.2260022756664,959.39794921875,0.941876098872686,2052.122184321804,1207.4798583984375,0.9465301478953356,2982.096038032458,1844.02392578125,,,0.0230536457010543,2.9508666497349623,33815,2393,2393,9669,"{""delta_threshold"":0.05,""dropout"":0.1,""encoder_mode"":""delta"",""patch_len"":16,""patch_stride"":8,""spike_steps"":8,""transformer_d_model"":128,""transformer_heads"":4,""transformer_layers"":3}",/content/drive/MyDrive/SpikeLoRA_TS_R2_results/predictions/E1/WP_gru_seed1_SpikeLoRA-TS-R2-corrected-v1.npz
SpikeLoRA-TS-R2-corrected-v1,2026-07-20,1c553ec25a0e,WP,2,LV ActivePower (kW),date,10,96,960,"[1,2,4,8,24]","[10,20,40,80,240]",6,"[""Wind Speed (m/s)"",""Wind Direction (\u00b0)"",""LV ActivePower (kW)"",""cal_hour"",""cal_dayofweek"",""cal_month""]",2,768521f386057b400c9eb5e5d45c124a0c4b5129e0f13d8ff4350099d14e5870,cuda,2.11.0+cu128,gru,2,0.147812573036052,9,27.255589215999866,249.34521484375,1781.640625,151941,151941,0.5821847915649414,0.5796089172363281,1.0,603.8801091976512,413.3864861851605,69.66546928572771,290.77941145770933,216.21818412601647,58.11329054361676,386.9751621673938,283.24279207566343,62.3088830170714,490.2246770272032,358.56211201108243,67.1831799727886,655.6343886111858,479.9879696923237,74.29348365310278,958.5806192828408,728.9213730207161,86.42850924205915,0.05,2393,0.940386803185438,1812.8798768144025,0.9485986141276244,1048.7527430596797,587.0220947265625,0.9439445651049748,1330.110669659883,759.638671875,0.9435308718585168,1652.104528673507,960.807861328125,0.9330851173854586,2089.4330720947846,1254.05419921875,0.9327748474506152,2943.998370584158,1855.6290283203125,,,0.0226730187513624,2.902146400174388,33815,2393,2393,9669,"{""delta_threshold"":0.05,""dropout"":0.1,""encoder_mode"":""delta"",""patch_len"":16,""patch_stride"":8,""spike_steps"":8,""transformer_d_model"":128,""transformer_heads"":4,""transformer_layers"":3}",/content/drive/MyDrive/SpikeLoRA_TS_R2_results/predictions/E1/WP_gru_seed2_SpikeLoRA-TS-R2-corrected-v1.npz
SpikeLoRA-TS-R2-corrected-v1,2026-07-20,1c553ec25a0e,WP,0,LV ActivePower (kW),date,10,96,960,"[1,2,4,8,24]","[10,20,40,80,240]",6,"[""Wind Speed (m/s)"",""Wind Direction (\u00b0)"",""LV ActivePower (kW)"",""cal_hour"",""cal_dayofweek"",""cal_month""]",2,768521f386057b400c9eb5e5d45c124a0c4b5129e0f13d8ff4350099d14e5870,cuda,2.11.0+cu128,tcn,2,0.1559268852911431,9,39.630511452000064,115.84619140625,1781.87109375,250373,250373,0.9609251022338868,0.955097198486328,1.0,616.8757717518525,401.22934767766185,70.24191798457736,269.7042750073445,189.9526537245118,57.29708543207599,385.32424624349886,273.47749491316887,63.23649060278203,484.2129785619085,342.00265538595073,67.29128077352895,639.5996426593127,454.59858584150015,74.08415115906847,1018.7804015950368,746.1153485231778,89.30058195543134,0.05,2393,0.9464267245837212,1906.6412346041675,0.957493018926466,1046.4702283460977,596.890869140625,0.9430137553004448,1343.5335931149668,775.38720703125,0.9479780742579378,1756.651370659352,1026.555419921875,0.9449787982211192,2206.5142825548105,1333.5338134765625,0.9386699762126384,3180.0366983456106,2074.693359375,,,0.0273232738294382,3.4973790501680924,33815,2393,2393,9669,"{""delta_threshold"":0.05,""dropout"":0.1,""encoder_mode"":""delta"",""patch_len"":16,""patch_stride"":8,""spike_steps"":8,""transformer_d_model"":128,""transformer_heads"":4,""transformer_layers"":3}",/content/drive/MyDrive/SpikeLoRA_TS_R2_results/predictions/E1/WP_tcn_seed0_SpikeLoRA-TS-R2-corrected-v1.npz
SpikeLoRA-TS-R2-corrected-v1,2026-07-20,1c553ec25a0e,WP,1,LV ActivePower (kW),date,10,96,960,"[1,2,4,8,24]","[10,20,40,80,240]",6,"[""Wind Speed (m/s)"",""Wind Direction (\u00b0)"",""LV ActivePower (kW)"",""cal_hour"",""cal_dayofweek"",""cal_month""]",2,768521f386057b400c9eb5e5d45c124a0c4b5129e0f13d8ff4350099d14e5870,cuda,2.11.0+cu128,tcn,2,0.1651110707346709,9,39.664448679001,115.84619140625,1781.87109375,250373,250373,0.9609251022338868,0.955097198486328,1.0,681.1478487320849,452.05914450564666,72.50831819653447,315.5687465895551,227.08264114706552,59.52134525546142,400.0461956723309,292.59066483665987,63.95770750723936,541.7104383718929,392.4299600593109,69.31683513987781,706.5188254796223,511.7995279430295,76.76852350590165,1125.8651415100987,836.3929285421676,92.97717957419216,0.05,2393,0.9401385872375634,2063.2892556283896,0.9323611542041575,1049.3671385784503,596.8343505859375,0.9432206019236736,1426.0941702518903,805.315185546875,0.939083669459096,1869.1619850953275,1082.3172607421875,0.9269831420002068,2214.4187820218367,1326.164306640625,0.9590443686006824,3757.404202194443,2483.3946533203125,,,0.0277192402336368,3.548062749905512,33815,2393,2393,9669,"{""delta_threshold"":0.05,""dropout"":0.1,""encoder_mode"":""delta"",""patch_len"":16,""patch_stride"":8,""spike_steps"":8,""transformer_d_model"":128,""transformer_heads"":4,""transformer_layers"":3}",/content/drive/MyDrive/SpikeLoRA_TS_R2_results/predictions/E1/WP_tcn_seed1_SpikeLoRA-TS-R2-corrected-v1.npz
SpikeLoRA-TS-R2-corrected-v1,2026-07-20,1c553ec25a0e,WP,2,LV ActivePower (kW),date,10,96,960,"[1,2,4,8,24]","[10,20,40,80,240]",6,"[""Wind Speed (m/s)"",""Wind Direction (\u00b0)"",""LV ActivePower (kW)"",""cal_hour"",""cal_dayofweek"",""cal_month""]",2,768521f386057b400c9eb5e5d45c124a0c4b5129e0f13d8ff4350099d14e5870,cuda,2.11.0+cu128,tcn,1,0.159966334727049,8,35.7771410130008,115.84619140625,1781.921875,250373,250373,0.9609251022338868,0.955097198486328,1.0,656.7328523743181,456.5932223226997,73.32392955500254,350.5415661229232,268.8803966528924,62.07831402823855,438.16872279993294,348.4743510818442,66.56429148174733,522.0651563875604,394.22844970400126,68.9794357172322,641.371390190477,478.90434238782206,73.15675176614354,1075.9691863848473,792.4785717869387,95.84085478165098,0.05,2393,0.9369531492398386,1947.0377842398832,0.9322577308925432,1178.8750727447657,646.3580322265625,0.9397042093287828,1479.705427759423,808.85498046875,0.9424966387423726,1806.360517321334,1027.048583984375,0.9414624056262282,2143.5892052638123,1246.9375,0.9288447616092668,3126.6586981100804,2107.33642578125,,,0.0269297503933785,3.4470080503524514,33815,2393,2393,9669,"{""delta_threshold"":0.05,""dropout"":0.1,""encoder_mode"":""delta"",""patch_len"":16,""patch_stride"":8,""spike_steps"":8,""transformer_d_model"":128,""transformer_heads"":4,""transformer_layers"":3}",/content/drive/MyDrive/SpikeLoRA_TS_R2_results/predictions/E1/WP_tcn_seed2_SpikeLoRA-TS-R2-corrected-v1.npz
SpikeLoRA-TS-R2-corrected-v1,2026-07-20,1c553ec25a0e,WP,0,LV ActivePower (kW),date,10,96,960,"[1,2,4,8,24]","[10,20,40,80,240]",6,"[""Wind Speed (m/s)"",""Wind Direction (\u00b0)"",""LV ActivePower (kW)"",""cal_hour"",""cal_dayofweek"",""cal_month""]",2,768521f386057b400c9eb5e5d45c124a0c4b5129e0f13d8ff4350099d14e5870,cuda,2.11.0+cu128,patchtst,9,0.152299620463317,16,126.28981368099994,240.75830078125,1781.94921875,408325,408325,1.5721759796142578,1.557636260986328,1.0,539.3366628203553,326.262269606646,67.35413143984805,246.6903891264988,157.36373125250478,56.017482532267046,333.8548341533204,211.48891008443948,60.41839748438157,432.6533973707176,273.2134235605778,65.11374392880622,563.0702926948588,366.4104661979995,71.44188717479196,881.9681763896957,622.8348169377084,83.77914607899342,0.05,2393,0.9570793256800084,1827.0198950344288,0.96225049126073,1034.932463131963,595.6839599609375,0.9590443686006824,1335.5951939432016,783.1571044921875,0.9571827489916228,1656.4803652698763,988.2469482421876,0.9573895956148516,2086.1138081887425,1261.415771484375,0.9495294239321544,3021.97764463836,1870.153076171875,,,0.0448402746101805,5.739555150103115,33815,2393,2393,9669,"{""delta_threshold"":0.05,""dropout"":0.1,""encoder_mode"":""delta"",""patch_len"":16,""patch_stride"":8,""spike_steps"":8,""transformer_d_model"":128,""transformer_heads"":4,""transformer_layers"":3}",/content/drive/MyDrive/SpikeLoRA_TS_R2_results/predictions/E1/WP_patchtst_seed0_SpikeLoRA-TS-R2-corrected-v1.npz
SpikeLoRA-TS-R2-corrected-v1,2026-07-20,1c553ec25a0e,WP,1,LV ActivePower (kW),date,10,96,960,"[1,2,4,8,24]","[10,20,40,80,240]",6,"[""Wind Speed (m/s)"",""Wind Direction (\u00b0)"",""LV ActivePower (kW)"",""cal_hour"",""cal_dayofweek"",""cal_month""]",2,768521f386057b400c9eb5e5d45c124a0c4b5129e0f13d8ff4350099d14e5870,cuda,2.11.0+cu128,patchtst,3,0.1510990271839047,10,78.38236847400003,240.75830078125,1781.96875,408325,408325,1.5721759796142578,1.557636260986328,1.0,529.8876106373706,317.5852309478404,67.00220259690826,247.45016447209184,155.68348874226143,55.98310971896579,329.13966400982343,201.1098783364623,60.29855896775352,433.7603089257252,272.9782885153866,64.82708386331798,555.1764484705958,353.7224546805916,70.94078311429396,859.052386456949,604.4320444644995,82.96147732021012,0.05,2393,0.955114282759334,1797.3779474558066,0.9602854483400558,1038.9003292931582,595.959716796875,0.9567690557451648,1304.412631794023,766.608642578125,0.9533560864618884,1635.4430692481185,963.6085205078124,0.9559416692522494,2055.8881303734165,1247.04248046875,0.949219153997311,2952.2455765703176,1831.0865478515625,,,0.0449538839845331,5.754097150020243,33815,2393,2393,9669,"{""delta_threshold"":0.05,""dropout"":0.1,""encoder_mode"":""delta"",""patch_len"":16,""patch_stride"":8,""spike_steps"":8,""transformer_d_model"":128,""transformer_heads"":4,""transformer_layers"":3}",/content/drive/MyDrive/SpikeLoRA_TS_R2_results/predictions/E1/WP_patchtst_seed1_SpikeLoRA-TS-R2-corrected-v1.npz
SpikeLoRA-TS-R2-corrected-v1,2026-07-20,1c553ec25a0e,WP,2,LV ActivePower (kW),date,10,96,960,"[1,2,4,8,24]","[10,20,40,80,240]",6,"[""Wind Speed (m/s)"",""Wind Direction (\u00b0)"",""LV ActivePower (kW)"",""cal_hour"",""cal_dayofweek"",""cal_month""]",2,768521f386057b400c9eb5e5d45c124a0c4b5129e0f13d8ff4350099d14e5870,cuda,2.11.0+cu128,patchtst,4,0.152857595021773,11,86.33422020800026,240.75830078125,1781.9765625,408325,408325,1.5721759796142578,1.557636260986328,1.0,528.6175474576265,315.7896552107674,68.07336986757974,247.4526927709068,150.65155503993716,57.16161149108472,345.42320640214825,221.26240199151485,63.57103916660027,429.6692447059689,265.462231598074,65.7252303396682,552.4668882067372,350.924375604481,71.10718634011145,852.5240221300705,590.6477118198301,82.80178200043406,0.05,2393,0.95530044472024,1799.0425442763378,0.9642155341814044,1056.8226046671184,620.7115478515625,0.9582169821077672,1339.0144219717574,806.15380859375,0.9539766263315752,1616.5264435745542,967.38671875,0.9519081600992864,2001.4053476909432,1212.7752685546875,0.9481849208811666,2981.443903477316,1856.5804443359373,,,0.0455591175807512,5.831567050336162,33815,2393,2393,9669,"{""delta_threshold"":0.05,""dropout"":0.1,""encoder_mode"":""delta"",""patch_len"":16,""patch_stride"":8,""spike_steps"":8,""transformer_d_model"":128,""transformer_heads"":4,""transformer_layers"":3}",/content/drive/MyDrive/SpikeLoRA_TS_R2_results/predictions/E1/WP_patchtst_seed2_SpikeLoRA-TS-R2-corrected-v1.npz
SpikeLoRA-TS-R2-corrected-v1,2026-07-20,1c553ec25a0e,WP,0,LV ActivePower (kW),date,10,96,960,"[1,2,4,8,24]","[10,20,40,80,240]",6,"[""Wind Speed (m/s)"",""Wind Direction (\u00b0)"",""LV ActivePower (kW)"",""cal_hour"",""cal_dayofweek"",""cal_month""]",2,768521f386057b400c9eb5e5d45c124a0c4b5129e0f13d8ff4350099d14e5870,cuda,2.11.0+cu128,itransformer,2,0.1579802189811572,9,33.589873273000194,47.015625,1781.984375,410757,410757,1.581151008605957,1.566913604736328,1.0,551.539683400846,333.607676095358,68.44546367999612,272.4237717848838,177.0391082779453,57.37533768102468,346.5999777687434,221.69297596892696,61.15180047845807,447.29143794740577,286.1482646522755,66.24676175754945,573.4185821661155,369.978353521079,72.03120029055083,893.1715148683792,613.1796780565628,85.42221819239761,0.05,2393,0.9543282655910642,1864.3795208473216,0.9557348226290204,1055.367698247288,609.2041015625,0.9586306753542247,1377.7150040296208,808.958251953125,0.9555279760057918,1700.3774443226057,1013.1953125,0.9549074361361052,2101.6606960219697,1272.978515625,0.9468404178301788,3086.7767616151245,1937.6549682617188,,,0.0159958113293612,2.0474638501582376,33815,2393,2393,9669,"{""delta_threshold"":0.05,""dropout"":0.1,""encoder_mode"":""delta"",""patch_len"":16,""patch_stride"":8,""spike_steps"":8,""transformer_d_model"":128,""transformer_heads"":4,""transformer_layers"":3}",/content/drive/MyDrive/SpikeLoRA_TS_R2_results/predictions/E1/WP_itransformer_seed0_SpikeLoRA-TS-R2-corrected-v1.npz
SpikeLoRA-TS-R2-corrected-v1,2026-07-20,1c553ec25a0e,WP,1,LV ActivePower (kW),date,10,96,960,"[1,2,4,8,24]","[10,20,40,80,240]",6,"[""Wind Speed (m/s)"",""Wind Direction (\u00b0)"",""LV ActivePower (kW)"",""cal_hour"",""cal_dayofweek"",""cal_month""]",2,768521f386057b400c9eb5e5d45c124a0c4b5129e0f13d8ff4350099d14e5870,cuda,2.11.0+cu128,itransformer,3,0.1597869553798992,10,36.765876077999565,47.015625,1781.984375,410757,410757,1.581151008605957,1.566913604736328,1.0,554.7659820984225,334.00235495335045,69.90306000833101,265.1701776075902,167.1133854560564,58.71285365092841,346.4964994878381,217.648499551462,62.64545512110144,442.0063786199756,279.7217230730237,67.1456603229715,582.9044354350469,380.7758873649437,74.56280818306705,901.8338026642014,624.7522793212663,86.44852276358664,0.05,2393,0.9539766263315752,1836.2414022138144,0.9610094115213568,1070.27357458765,632.977783203125,0.9563553624987072,1348.5432253829792,806.090576171875,0.9544937428896472,1656.2029924320698,1001.6973876953124,0.9542868962664184,2087.1699476803283,1293.4358520507812,0.9437377184817458,3019.0172709860444,1913.1539306640625,,,0.0114679835917286,1.467901899741264,33815,2393,2393,9669,"{""delta_threshold"":0.05,""dropout"":0.1,""encoder_mode"":""delta"",""patch_len"":16,""patch_stride"":8,""spike_steps"":8,""transformer_d_model"":128,""transformer_heads"":4,""transformer_layers"":3}",/content/drive/MyDrive/SpikeLoRA_TS_R2_results/predictions/E1/WP_itransformer_seed1_SpikeLoRA-TS-R2-corrected-v1.npz
SpikeLoRA-TS-R2-corrected-v1,2026-07-20,1c553ec25a0e,WP,2,LV ActivePower (kW),date,10,96,960,"[1,2,4,8,24]","[10,20,40,80,240]",6,"[""Wind Speed (m/s)"",""Wind Direction (\u00b0)"",""LV ActivePower (kW)"",""cal_hour"",""cal_dayofweek"",""cal_month""]",2,768521f386057b400c9eb5e5d45c124a0c4b5129e0f13d8ff4350099d14e5870,cuda,2.11.0+cu128,itransformer,2,0.1597238615368494,9,34.258986613998786,47.015625,1782.0,410757,410757,1.581151008605957,1.566913604736328,1.0,545.9162346169983,329.1295758995303,69.46825841829546,271.103253829044,172.65113137931954,58.19297101997255,349.83827534748366,221.1469327362657,62.392721751004935,441.65095810968216,279.8970441574616,66.77654837242048,568.3719910552647,369.02308934269234,73.0181202458852,880.9861485527931,602.9296818819124,86.96093070219406,0.05,2393,0.9555072913434688,1851.9409253922008,0.9585272520426104,1096.5638736792318,641.179443359375,0.9585272520426104,1387.644945391431,823.10888671875,0.956562209121936,1682.5824667906636,1007.244384765625,0.9564587858103216,2111.925877887419,1293.182373046875,0.9474609576998656,2980.9874632122574,1901.2811279296875,,,0.0159153726556837,2.0371676999275223,33815,2393,2393,9669,"{""delta_threshold"":0.05,""dropout"":0.1,""encoder_mode"":""delta"",""patch_len"":16,""patch_stride"":8,""spike_steps"":8,""transformer_d_model"":128,""transformer_heads"":4,""transformer_layers"":3}",/content/drive/MyDrive/SpikeLoRA_TS_R2_results/predictions/E1/WP_itransformer_seed2_SpikeLoRA-TS-R2-corrected-v1.npz
SpikeLoRA-TS-R2-corrected-v1,2026-07-20,1c553ec25a0e,WP,0,LV ActivePower (kW),date,10,96,960,"[1,2,4,8,24]","[10,20,40,80,240]",6,"[""Wind Speed (m/s)"",""Wind Direction (\u00b0)"",""LV ActivePower (kW)"",""cal_hour"",""cal_dayofweek"",""cal_month""]",2,768521f386057b400c9eb5e5d45c124a0c4b5129e0f13d8ff4350099d14e5870,cuda,2.11.0+cu128,snn_tcn,7,0.4936072779558614,14,217.14078810200044,430.12646484375,1782.1953125,74885,74885,0.2915525436401367,0.2856636047363281,1.0,966.9067055720832,672.0219652492118,83.13842995429184,921.0984945845544,618.8610335288984,81.17816185368771,927.4622045158984,625.9629553466317,81.71034119261328,939.866426389386,640.7758461382806,82.9140036980498,963.5386308963348,668.4659872959511,83.95336198702414,1074.32709925159,806.0440039362973,85.93628104008427,0.05,2393,0.9531699245009824,3440.345844493759,0.9489088840624677,3268.8328487638087,2001.1776123046875,0.9504602337366842,3317.3941310086016,2034.99169921875,0.9524252766573584,3372.75991247171,2082.14697265625,0.9527355465922018,3428.605167797253,2120.0665283203125,0.9613196814562004,3814.137162427422,2410.565673828125,73.22000580319693,,0.110265185546865,14.113943749998723,33815,2393,2393,9669,"{""delta_threshold"":0.05,""dropout"":0.1,""encoder_mode"":""delta"",""patch_len"":16,""patch_stride"":8,""spike_steps"":8,""transformer_d_model"":128,""transformer_heads"":4,""transformer_layers"":3}",/content/drive/MyDrive/SpikeLoRA_TS_R2_results/predictions/E1/WP_snn_tcn_seed0_SpikeLoRA-TS-R2-corrected-v1.npz
SpikeLoRA-TS-R2-corrected-v1,2026-07-20,1c553ec25a0e,WP,1,LV ActivePower (kW),date,10,96,960,"[1,2,4,8,24]","[10,20,40,80,240]",6,"[""Wind Speed (m/s)"",""Wind Direction (\u00b0)"",""LV ActivePower (kW)"",""cal_hour"",""cal_dayofweek"",""cal_month""]",2,768521f386057b400c9eb5e5d45c124a0c4b5129e0f13d8ff4350099d14e5870,cuda,2.11.0+cu128,snn_tcn,7,0.4753544837722109,14,217.6704272850002,430.12646484375,1782.2265625,74885,74885,0.2915525436401367,0.2856636047363281,1.0,962.5713721883096,696.6643694988192,82.23875703914008,914.9931643215124,640.5306100366971,80.53172748949692,923.0010371744048,652.8321492235273,80.8882852132323,935.610707457406,666.3402619124668,81.45382419424647,960.7082735404748,698.1987551315234,82.28458559894887,1070.1621581070035,825.4200711898811,86.03536269977592,0.05,2393,0.9479780742579378,3309.5919926823967,0.9440479884165892,3148.244258440716,1886.92724609375,0.942393215430758,3144.904400796996,1879.242919921875,0.9468404178301788,3229.205000507017,1948.272216796875,0.9478746509463232,3310.9684806347927,2009.45556640625,0.9587340986658393,3714.637823032463,2305.7957763671875,73.22000580319693,,0.1087786617198105,13.92366870013575,33815,2393,2393,9669,"{""delta_threshold"":0.05,""dropout"":0.1,""encoder_mode"":""delta"",""patch_len"":16,""patch_stride"":8,""spike_steps"":8,""transformer_d_model"":128,""transformer_heads"":4,""transformer_layers"":3}",/content/drive/MyDrive/SpikeLoRA_TS_R2_results/predictions/E1/WP_snn_tcn_seed1_SpikeLoRA-TS-R2-corrected-v1.npz
SpikeLoRA-TS-R2-corrected-v1,2026-07-20,1c553ec25a0e,WP,2,LV ActivePower (kW),date,10,96,960,"[1,2,4,8,24]","[10,20,40,80,240]",6,"[""Wind Speed (m/s)"",""Wind Direction (\u00b0)"",""LV ActivePower (kW)"",""cal_hour"",""cal_dayofweek"",""cal_month""]",2,768521f386057b400c9eb5e5d45c124a0c4b5129e0f13d8ff4350099d14e5870,cuda,2.11.0+cu128,snn_tcn,14,0.4820584830408858,21,325.37335039500067,430.12646484375,1782.28125,74885,74885,0.2915525436401367,0.2856636047363281,1.0,1039.9544674187632,745.8749598893795,83.28781518496488,998.1060871515044,695.2557401389811,81.91443170195046,1004.5218989054956,704.0933362373165,82.12501957255499,1017.6677156490096,719.15827862831,82.68676612751581,1045.187964204019,750.4900974199115,83.17458710509656,1128.7962636988186,860.3773470223782,86.53827141770667,0.05,2393,0.9567276864205192,3709.461086989105,0.9557348226290204,3630.292568502289,2194.54052734375,0.9561485158754784,3617.9012017442888,2184.486572265625,0.9563553624987072,3661.064302364566,2218.458740234375,0.9583204054193816,3772.862548026442,2294.4365234375,0.9570793256800084,3865.184814307938,2367.3348388671875,73.22000580319693,,0.1151775617195483,14.742727900102182,33815,2393,2393,9669,"{""delta_threshold"":0.05,""dropout"":0.1,""encoder_mode"":""delta"",""patch_len"":16,""patch_stride"":8,""spike_steps"":8,""transformer_d_model"":128,""transformer_heads"":4,""transformer_layers"":3}",/content/drive/MyDrive/SpikeLoRA_TS_R2_results/predictions/E1/WP_snn_tcn_seed2_SpikeLoRA-TS-R2-corrected-v1.npz
SpikeLoRA-TS-R2-corrected-v1,2026-07-20,1c553ec25a0e,EC,0,PowerConsumption_Zone1,Datetime,10,96,960,"[1,2,4,8,24]","[10,20,40,80,240]",7,"[""Temperature"",""Humidity"",""WindSpeed"",""PowerConsumption_Zone1"",""cal_hour"",""cal_dayofweek"",""cal_month""]",3,9c44b9af0cb1923a3fcbcef08826e13f8a405ebf68a8a072597b0feb17e45769,cuda,2.11.0+cu128,mlp,11,0.0285639652284311,18,26.42241036499945,23.0908203125,1782.28125,239365,239365,0.9158525466918944,0.913105010986328,1.0,2032.260716273012,1405.8098850905235,4.799091006153249,1089.4442189763924,857.6165737407385,2.996992418380582,1274.7639460848816,969.1393890789316,3.3412012117970167,1620.993737551905,1217.2804104923518,4.160973269205601,2005.50121828328,1519.8021809273423,5.036953124353643,3344.97390667181,2465.210871213253,8.4593350070294,0.05,2591,0.912982791586998,6194.203125,0.8949330783938815,3384.6015625,1692.30078125,0.9124282982791588,4085.35546875,2042.677734375,0.9108030592734224,5245.59375,2622.796875,0.928585086042065,7751.75,3875.875,0.9181644359464628,10503.71484375,5251.857421875,,,0.0020196660152294,0.2585172499493637,36583,2591,2591,10460,"{""delta_threshold"":0.05,""dropout"":0.1,""encoder_mode"":""delta"",""patch_len"":16,""patch_stride"":8,""spike_steps"":8,""transformer_d_model"":128,""transformer_heads"":4,""transformer_layers"":3}",/content/drive/MyDrive/SpikeLoRA_TS_R2_results/predictions/E1/EC_mlp_seed0_SpikeLoRA-TS-R2-corrected-v1.npz
SpikeLoRA-TS-R2-corrected-v1,2026-07-20,1c553ec25a0e,EC,1,PowerConsumption_Zone1,Datetime,10,96,960,"[1,2,4,8,24]","[10,20,40,80,240]",7,"[""Temperature"",""Humidity"",""WindSpeed"",""PowerConsumption_Zone1"",""cal_hour"",""cal_dayofweek"",""cal_month""]",3,9c44b9af0cb1923a3fcbcef08826e13f8a405ebf68a8a072597b0feb17e45769,cuda,2.11.0+cu128,mlp,9,0.0292816459801909,16,23.36051020099876,23.0908203125,1782.28125,239365,239365,0.9158525466918944,0.913105010986328,1.0,1960.335559180089,1430.482407422622,4.9167534044989125,1150.5561598717331,905.3522688739844,3.1143722202624,1320.755512830489,1024.193825622909,3.5227045292225694,1691.602687530874,1339.5785307495817,4.616708675799116,1977.311720672188,1597.603520479804,5.471932826397291,3061.882040195109,2285.683891386831,7.85804877081319,0.05,2591,0.8964053537284895,6526.52109375,0.8204588910133843,3103.90625,1551.953125,0.8686424474187381,3813.1484375,1906.57421875,0.8873804971319311,5097.71875,2548.859375,0.9525812619502868,7613.515625,3806.7578125,0.9529636711281072,13004.31640625,6502.158203125,,,0.0017039300772125,0.2181030498832115,36583,2591,2591,10460,"{""delta_threshold"":0.05,""dropout"":0.1,""encoder_mode"":""delta"",""patch_len"":16,""patch_stride"":8,""spike_steps"":8,""transformer_d_model"":128,""transformer_heads"":4,""transformer_layers"":3}",/content/drive/MyDrive/SpikeLoRA_TS_R2_results/predictions/E1/EC_mlp_seed1_SpikeLoRA-TS-R2-corrected-v1.npz
SpikeLoRA-TS-R2-corrected-v1,2026-07-20,1c553ec25a0e,EC,2,PowerConsumption_Zone1,Datetime,10,96,960,"[1,2,4,8,24]","[10,20,40,80,240]",7,"[""Temperature"",""Humidity"",""WindSpeed"",""PowerConsumption_Zone1"",""cal_hour"",""cal_dayofweek"",""cal_month""]",3,9c44b9af0cb1923a3fcbcef08826e13f8a405ebf68a8a072597b0feb17e45769,cuda,2.11.0+cu128,mlp,24,0.0293804773063744,31,46.647921486001,23.0908203125,1782.2890625,239365,239365,0.9158525466918944,0.913105010986328,1.0,2158.6521075204787,1619.8901657728848,5.658059640745059,1500.738168255455,1216.1291857746774,4.40938641258258,1634.255207971138,1329.4758241963432,4.741719730142348,1950.3342611297028,1564.2458963835445,5.481369024663345,2174.562160010168,1644.239556943117,5.628685035280257,3137.41376840688,2345.3603655667425,8.029138001056769,0.05,2591,0.827074569789675,6568.62421875,0.677055449330784,3068.83203125,1534.416015625,0.7363288718929254,3824.0234375,1912.01171875,0.8346080305927343,5570.59375,2785.296875,0.944263862332696,8253.765625,4126.8828125,0.9431166347992352,12125.90625,6062.953125,,,0.0021204574224498,0.2714185500735766,36583,2591,2591,10460,"{""delta_threshold"":0.05,""dropout"":0.1,""encoder_mode"":""delta"",""patch_len"":16,""patch_stride"":8,""spike_steps"":8,""transformer_d_model"":128,""transformer_heads"":4,""transformer_layers"":3}",/content/drive/MyDrive/SpikeLoRA_TS_R2_results/predictions/E1/EC_mlp_seed2_SpikeLoRA-TS-R2-corrected-v1.npz
SpikeLoRA-TS-R2-corrected-v1,2026-07-20,1c553ec25a0e,EC,0,PowerConsumption_Zone1,Datetime,10,96,960,"[1,2,4,8,24]","[10,20,40,80,240]",7,"[""Temperature"",""Humidity"",""WindSpeed"",""PowerConsumption_Zone1"",""cal_hour"",""cal_dayofweek"",""cal_month""]",3,9c44b9af0cb1923a3fcbcef08826e13f8a405ebf68a8a072597b0feb17e45769,cuda,2.11.0+cu128,lstm,6,0.0226641163914326,13,56.05029840299903,256.537109375,1782.296875,202885,202885,0.7765207290649414,0.7739448547363281,1.0,2556.4532949608097,1765.9092345467857,5.911382557729431,1193.4534316174736,914.4596547114006,3.302473124767792,1501.5673377538278,1113.9166896958652,3.7935947654552113,2128.5472121192283,1566.4560378824092,5.18613990794574,2958.5677895414847,2230.560399923817,7.399517912968257,3964.138630749225,3004.153390520435,9.875187077510155,0.05,2591,0.7408795411089866,5018.7609375,0.7172084130019121,2594.89453125,1297.447265625,0.7134799235181645,3064.09765625,1532.048828125,0.7572657743785851,4519.9765625,2259.98828125,0.8079349904397706,6734.046875,3367.0234375,0.708508604206501,8180.7890625,4090.39453125,,,0.0353369125008384,4.523124800107325,36583,2591,2591,10460,"{""delta_threshold"":0.05,""dropout"":0.1,""encoder_mode"":""delta"",""patch_len"":16,""patch_stride"":8,""spike_steps"":8,""transformer_d_model"":128,""transformer_heads"":4,""transformer_layers"":3}",/content/drive/MyDrive/SpikeLoRA_TS_R2_results/predictions/E1/EC_lstm_seed0_SpikeLoRA-TS-R2-corrected-v1.npz
SpikeLoRA-TS-R2-corrected-v1,2026-07-20,1c553ec25a0e,EC,1,PowerConsumption_Zone1,Datetime,10,96,960,"[1,2,4,8,24]","[10,20,40,80,240]",7,"[""Temperature"",""Humidity"",""WindSpeed"",""PowerConsumption_Zone1"",""cal_hour"",""cal_dayofweek"",""cal_month""]",3,9c44b9af0cb1923a3fcbcef08826e13f8a405ebf68a8a072597b0feb17e45769,cuda,2.11.0+cu128,lstm,3,0.021461999878454,10,42.96379458900083,256.537109375,1782.3125,202885,202885,0.7765207290649414,0.7739448547363281,1.0,1939.6000658627324,1378.3648872938577,4.754206798188533,1082.89021451189,813.6392994517806,2.926448448403302,1299.8436103729236,959.8074104848828,3.397911590015185,1609.8570584884856,1184.9068200660254,4.087000129651331,2162.2614862779337,1599.4571399229208,5.447075391037496,2946.350787933202,2334.0137665436782,7.912598431835352,0.05,2591,0.8183747609942639,4891.05625,0.7247609942638623,2361.15625,1180.578125,0.7918738049713193,3054.5234375,1527.26171875,0.9067877629063098,4824.20703125,2412.103515625,0.9025812619502868,6753.8984375,3376.94921875,0.7658699808795411,7461.49609375,3730.748046875,,,0.0351552269513888,4.499869049777772,36583,2591,2591,10460,"{""delta_threshold"":0.05,""dropout"":0.1,""encoder_mode"":""delta"",""patch_len"":16,""patch_stride"":8,""spike_steps"":8,""transformer_d_model"":128,""transformer_heads"":4,""transformer_layers"":3}",/content/drive/MyDrive/SpikeLoRA_TS_R2_results/predictions/E1/EC_lstm_seed1_SpikeLoRA-TS-R2-corrected-v1.npz
SpikeLoRA-TS-R2-corrected-v1,2026-07-20,1c553ec25a0e,EC,2,PowerConsumption_Zone1,Datetime,10,96,960,"[1,2,4,8,24]","[10,20,40,80,240]",7,"[""Temperature"",""Humidity"",""WindSpeed"",""PowerConsumption_Zone1"",""cal_hour"",""cal_dayofweek"",""cal_month""]",3,9c44b9af0cb1923a3fcbcef08826e13f8a405ebf68a8a072597b0feb17e45769,cuda,2.11.0+cu128,lstm,4,0.0186480077588157,11,47.22406598999987,256.537109375,1782.3203125,202885,202885,0.7765207290649414,0.7739448547363281,1.0,2422.3047004188265,1565.3605982612332,5.204515415442879,881.0751027806307,659.4129542976219,2.269739254848601,1218.714705730119,902.6316395046606,3.077035498043202,1732.6244937389104,1241.3165996952678,4.162493158559537,2221.169125703085,1584.6256460623806,5.200911960508743,4375.004173297705,3438.816151746236,11.31239720525431,0.05,2591,0.782887189292543,4358.81171875,0.8536328871892925,2344.23046875,1172.115234375,0.8227533460803059,2985.2578125,1492.62890625,0.8409177820267686,4066.57421875,2033.287109375,0.8232313575525813,5619.59375,2809.796875,0.5739005736137668,6778.40234375,3389.201171875,,,0.0343465132836229,4.396353700303735,36583,2591,2591,10460,"{""delta_threshold"":0.05,""dropout"":0.1,""encoder_mode"":""delta"",""patch_len"":16,""patch_stride"":8,""spike_steps"":8,""transformer_d_model"":128,""transformer_heads"":4,""transformer_layers"":3}",/content/drive/MyDrive/SpikeLoRA_TS_R2_results/predictions/E1/EC_lstm_seed2_SpikeLoRA-TS-R2-corrected-v1.npz
SpikeLoRA-TS-R2-corrected-v1,2026-07-20,1c553ec25a0e,EC,0,PowerConsumption_Zone1,Datetime,10,96,960,"[1,2,4,8,24]","[10,20,40,80,240]",7,"[""Temperature"",""Humidity"",""WindSpeed"",""PowerConsumption_Zone1"",""cal_hour"",""cal_dayofweek"",""cal_month""]",3,9c44b9af0cb1923a3fcbcef08826e13f8a405ebf68a8a072597b0feb17e45769,cuda,2.11.0+cu128,gru,10,0.0176965439306095,17,56.48834680599976,249.490234375,1782.328125,152325,152325,0.5836496353149414,0.5810737609863281,1.0,1597.7306518098464,1113.654889683915,3.850693152157501,515.6955646715512,381.96041206082697,1.3187398732108389,868.0825568112728,599.6666329320028,2.0296862618327323,1442.9220409953537,1099.952357380796,3.938934168008299,1925.206670821333,1526.09856577886,5.258856096764375,2440.4430327374,1960.596480267089,6.707249360971258,0.05,2591,0.8251051625239005,3795.5828125,0.8980879541108987,1575.60546875,787.802734375,0.862906309751434,2359.265625,1179.6328125,0.751338432122371,3437.54296875,1718.771484375,0.8368068833652008,5312.015625,2656.0078125,0.7763862332695984,6293.484375,3146.7421875,,,0.0230641914065188,2.9522165000344103,36583,2591,2591,10460,"{""delta_threshold"":0.05,""dropout"":0.1,""encoder_mode"":""delta"",""patch_len"":16,""patch_stride"":8,""spike_steps"":8,""transformer_d_model"":128,""transformer_heads"":4,""transformer_layers"":3}",/content/drive/MyDrive/SpikeLoRA_TS_R2_results/predictions/E1/EC_gru_seed0_SpikeLoRA-TS-R2-corrected-v1.npz
SpikeLoRA-TS-R2-corrected-v1,2026-07-20,1c553ec25a0e,EC,1,PowerConsumption_Zone1,Datetime,10,96,960,"[1,2,4,8,24]","[10,20,40,80,240]",7,"[""Temperature"",""Humidity"",""WindSpeed"",""PowerConsumption_Zone1"",""cal_hour"",""cal_dayofweek"",""cal_month""]",3,9c44b9af0cb1923a3fcbcef08826e13f8a405ebf68a8a072597b0feb17e45769,cuda,2.11.0+cu128,gru,5,0.0191699663189353,12,39.9190304599997,249.490234375,1782.328125,152325,152325,0.5836496353149414,0.5810737609863281,1.0,1996.8126544113816,1355.2600566144838,4.685080497983147,708.7210333879059,535.7938332785612,1.9337948257655453,947.5488204468302,682.3882071208772,2.394916327467356,1663.9451079789726,1237.9470419305687,4.302891039518222,2171.446052763986,1727.826999805808,5.946830133403687,3324.49670346642,2592.344200936604,8.846970163760929,0.05,2591,0.7643594646271511,4131.25625,0.7374760994263863,1598.0234375,799.01171875,0.8484703632887189,2469.36328125,1234.681640625,0.7632887189292543,3888.07421875,1944.037109375,0.7940726577437859,5792.98828125,2896.494140625,0.67848948374761,6907.83203125,3453.916015625,,,0.0228609609386865,2.9262030001518724,36583,2591,2591,10460,"{""delta_threshold"":0.05,""dropout"":0.1,""encoder_mode"":""delta"",""patch_len"":16,""patch_stride"":8,""spike_steps"":8,""transformer_d_model"":128,""transformer_heads"":4,""transformer_layers"":3}",/content/drive/MyDrive/SpikeLoRA_TS_R2_results/predictions/E1/EC_gru_seed1_SpikeLoRA-TS-R2-corrected-v1.npz
SpikeLoRA-TS-R2-corrected-v1,2026-07-20,1c553ec25a0e,EC,2,PowerConsumption_Zone1,Datetime,10,96,960,"[1,2,4,8,24]","[10,20,40,80,240]",7,"[""Temperature"",""Humidity"",""WindSpeed"",""PowerConsumption_Zone1"",""cal_hour"",""cal_dayofweek"",""cal_month""]",3,9c44b9af0cb1923a3fcbcef08826e13f8a405ebf68a8a072597b0feb17e45769,cuda,2.11.0+cu128,gru,7,0.0167568596989341,14,46.204518904,249.490234375,1782.3359375,152325,152325,0.5836496353149414,0.5810737609863281,1.0,1960.2949105566145,1319.218714522586,4.562683484636794,602.7697165465548,461.8309934422801,1.613166783228596,878.7828968866451,639.4631893821702,2.1991736806946927,1464.9748446896472,1100.5261095094406,3.786650056700104,2146.8810231841803,1695.3475776395196,5.864463236783268,3364.9577333813445,2698.9257026395194,9.349963665777308,0.05,2591,0.8026768642447418,3855.24921875,0.865774378585086,1626.25,813.125,0.8802103250478012,2510.921875,1255.4609375,0.8267686424474188,3593.34765625,1796.673828125,0.8159655831739961,5469.58203125,2734.791015625,0.6246653919694073,6076.14453125,3038.072265625,,,0.0232509074201914,2.9761161497845023,36583,2591,2591,10460,"{""delta_threshold"":0.05,""dropout"":0.1,""encoder_mode"":""delta"",""patch_len"":16,""patch_stride"":8,""spike_steps"":8,""transformer_d_model"":128,""transformer_heads"":4,""transformer_layers"":3}",/content/drive/MyDrive/SpikeLoRA_TS_R2_results/predictions/E1/EC_gru_seed2_SpikeLoRA-TS-R2-corrected-v1.npz
SpikeLoRA-TS-R2-corrected-v1,2026-07-20,1c553ec25a0e,EC,0,PowerConsumption_Zone1,Datetime,10,96,960,"[1,2,4,8,24]","[10,20,40,80,240]",7,"[""Temperature"",""Humidity"",""WindSpeed"",""PowerConsumption_Zone1"",""cal_hour"",""cal_dayofweek"",""cal_month""]",3,9c44b9af0cb1923a3fcbcef08826e13f8a405ebf68a8a072597b0feb17e45769,cuda,2.11.0+cu128,tcn,5,0.0303199951084411,12,58.369056343999546,115.89892578125,1782.59765625,250885,250885,0.9628782272338868,0.957050323486328,1.0,2018.0376163519225,1310.982129839866,4.52910512525004,577.0753767353264,428.65852148810944,1.537463568082147,1002.4054569319818,725.820772586042,2.57922622111481,1427.1208363585656,1019.2273304926506,3.5611348078283527,2257.056280493986,1652.4279582561544,5.681581924880089,3448.705478820915,2728.7760663763743,9.286119104344802,0.05,2591,0.935812619502868,6930.97734375,0.9191204588910132,1887.9296875,943.96484375,0.9173996175908222,3257.4921875,1628.74609375,0.9391969407265774,5268.45703125,2634.228515625,0.9349904397705544,8639.71875,4319.859375,0.9683556405353728,15601.2890625,7800.64453125,,,0.0270294597619624,3.4597708495311963,36583,2591,2591,10460,"{""delta_threshold"":0.05,""dropout"":0.1,""encoder_mode"":""delta"",""patch_len"":16,""patch_stride"":8,""spike_steps"":8,""transformer_d_model"":128,""transformer_heads"":4,""transformer_layers"":3}",/content/drive/MyDrive/SpikeLoRA_TS_R2_results/predictions/E1/EC_tcn_seed0_SpikeLoRA-TS-R2-corrected-v1.npz
SpikeLoRA-TS-R2-corrected-v1,2026-07-20,1c553ec25a0e,EC,1,PowerConsumption_Zone1,Datetime,10,96,960,"[1,2,4,8,24]","[10,20,40,80,240]",7,"[""Temperature"",""Humidity"",""WindSpeed"",""PowerConsumption_Zone1"",""cal_hour"",""cal_dayofweek"",""cal_month""]",3,9c44b9af0cb1923a3fcbcef08826e13f8a405ebf68a8a072597b0feb17e45769,cuda,2.11.0+cu128,tcn,5,0.0334033033426309,12,58.08496945600018,115.89892578125,1782.60546875,250885,250885,0.9628782272338868,0.957050323486328,1.0,1833.76288971522,1220.0077649602654,4.263594976285579,731.480222975255,588.6558011173519,2.153299479291784,837.326953887715,596.3718561409536,2.090843562636782,1311.271547236247,947.8974710205543,3.3080742688494107,1987.2015217202284,1475.6940948778083,5.099258337244298,3147.832424963918,2491.419601644658,8.666499233405624,0.05,2591,0.9383938814531548,7281.38125,0.8406309751434035,1988.63671875,994.318359375,0.9359464627151052,3020.265625,1510.1328125,0.957074569789675,5573.0625,2786.53125,0.96414913957935,8982.14453125,4491.072265625,0.9941682600382408,16842.796875,8421.3984375,,,0.0265554507805632,3.3990976999120903,36583,2591,2591,10460,"{""delta_threshold"":0.05,""dropout"":0.1,""encoder_mode"":""delta"",""patch_len"":16,""patch_stride"":8,""spike_steps"":8,""transformer_d_model"":128,""transformer_heads"":4,""transformer_layers"":3}",/content/drive/MyDrive/SpikeLoRA_TS_R2_results/predictions/E1/EC_tcn_seed1_SpikeLoRA-TS-R2-corrected-v1.npz
SpikeLoRA-TS-R2-corrected-v1,2026-07-20,1c553ec25a0e,EC,2,PowerConsumption_Zone1,Datetime,10,96,960,"[1,2,4,8,24]","[10,20,40,80,240]",7,"[""Temperature"",""Humidity"",""WindSpeed"",""PowerConsumption_Zone1"",""cal_hour"",""cal_dayofweek"",""cal_month""]",3,9c44b9af0cb1923a3fcbcef08826e13f8a405ebf68a8a072597b0feb17e45769,cuda,2.11.0+cu128,tcn,10,0.021390766635054,17,82.46124067599885,115.89892578125,1782.61328125,250885,250885,0.9628782272338868,0.957050323486328,1.0,1812.4414483427893,1189.6396437320743,4.186640223037907,668.1015811519064,515.8647089358269,1.8555339293061368,943.2733511643518,661.7885635755258,2.3877043152012285,1334.9189241913446,851.593201967316,2.996408685189038,2139.1206410331206,1559.26688874283,5.523940931707201,2954.784261082679,2359.6848554388744,8.169613253785926,0.05,2591,0.9192925430210324,5858.140625,0.8607074569789674,1746.2109375,873.10546875,0.9167304015296368,2737.2421875,1368.62109375,0.94282982791587,4947.4921875,2473.74609375,0.9232313575525812,7845.2734375,3922.63671875,0.9529636711281072,12014.484375,6007.2421875,,,0.026745954296814,3.4234821499921964,36583,2591,2591,10460,"{""delta_threshold"":0.05,""dropout"":0.1,""encoder_mode"":""delta"",""patch_len"":16,""patch_stride"":8,""spike_steps"":8,""transformer_d_model"":128,""transformer_heads"":4,""transformer_layers"":3}",/content/drive/MyDrive/SpikeLoRA_TS_R2_results/predictions/E1/EC_tcn_seed2_SpikeLoRA-TS-R2-corrected-v1.npz
SpikeLoRA-TS-R2-corrected-v1,2026-07-20,1c553ec25a0e,EC,0,PowerConsumption_Zone1,Datetime,10,96,960,"[1,2,4,8,24]","[10,20,40,80,240]",7,"[""Temperature"",""Humidity"",""WindSpeed"",""PowerConsumption_Zone1"",""cal_hour"",""cal_dayofweek"",""cal_month""]",3,9c44b9af0cb1923a3fcbcef08826e13f8a405ebf68a8a072597b0feb17e45769,cuda,2.11.0+cu128,patchtst,14,0.0309559258541422,21,203.19792730600057,278.22412109375,1782.6484375,408325,408325,1.5721759796142578,1.557636260986328,1.0,1106.668054984836,699.5810481895315,2.4476546551079044,430.83390078022137,318.14664738438097,1.133818907761952,597.0623258494111,430.5089944580545,1.5238247056673049,833.3110737273657,589.0878101472873,2.061663418809716,1316.576037107602,890.9386307958891,3.072814453494173,1775.8631257860995,1269.2231581620458,4.446151789806374,0.05,2591,0.964263862332696,4581.22421875,0.9628107074569788,1863.9921875,931.99609375,0.958508604206501,2542.5234375,1271.26171875,0.9674952198852772,3845.2734375,1922.63671875,0.9692160611854684,6692.375,3346.1875,0.9632887189292544,7961.95703125,3980.978515625,,,0.0539647488267291,6.907487849821337,36583,2591,2591,10460,"{""delta_threshold"":0.05,""dropout"":0.1,""encoder_mode"":""delta"",""patch_len"":16,""patch_stride"":8,""spike_steps"":8,""transformer_d_model"":128,""transformer_heads"":4,""transformer_layers"":3}",/content/drive/MyDrive/SpikeLoRA_TS_R2_results/predictions/E1/EC_patchtst_seed0_SpikeLoRA-TS-R2-corrected-v1.npz
SpikeLoRA-TS-R2-corrected-v1,2026-07-20,1c553ec25a0e,EC,1,PowerConsumption_Zone1,Datetime,10,96,960,"[1,2,4,8,24]","[10,20,40,80,240]",7,"[""Temperature"",""Humidity"",""WindSpeed"",""PowerConsumption_Zone1"",""cal_hour"",""cal_dayofweek"",""cal_month""]",3,9c44b9af0cb1923a3fcbcef08826e13f8a405ebf68a8a072597b0feb17e45769,cuda,2.11.0+cu128,patchtst,34,0.0289449551445045,40,383.074775174,278.22412109375,1782.69921875,408325,408325,1.5721759796142578,1.557636260986328,1.0,1085.2448870796102,658.1836325137429,2.299413834962345,373.859330572911,274.1364276484823,0.961754184861342,533.143734851672,372.3571727862094,1.3023012144869863,802.0799954641701,537.4618561782983,1.8736713152146105,1316.8663803398897,845.8786918917305,2.90534355808532,1757.0713988910293,1261.084014063994,4.453998902163465,0.05,2591,0.9596749521988528,4219.27421875,0.960133843212237,1511.20703125,755.603515625,0.9548757170172084,2164.171875,1082.0859375,0.9561185468451244,3398.6640625,1699.33203125,0.9610898661567876,6111.4375,3055.71875,0.9661567877629064,7910.890625,3955.4453125,,,0.0524176128912756,6.709454450083285,36583,2591,2591,10460,"{""delta_threshold"":0.05,""dropout"":0.1,""encoder_mode"":""delta"",""patch_len"":16,""patch_stride"":8,""spike_steps"":8,""transformer_d_model"":128,""transformer_heads"":4,""transformer_layers"":3}",/content/drive/MyDrive/SpikeLoRA_TS_R2_results/predictions/E1/EC_patchtst_seed1_SpikeLoRA-TS-R2-corrected-v1.npz
SpikeLoRA-TS-R2-corrected-v1,2026-07-20,1c553ec25a0e,EC,2,PowerConsumption_Zone1,Datetime,10,96,960,"[1,2,4,8,24]","[10,20,40,80,240]",7,"[""Temperature"",""Humidity"",""WindSpeed"",""PowerConsumption_Zone1"",""cal_hour"",""cal_dayofweek"",""cal_month""]",3,9c44b9af0cb1923a3fcbcef08826e13f8a405ebf68a8a072597b0feb17e45769,cuda,2.11.0+cu128,patchtst,29,0.0301810195608426,36,349.0982725769991,278.22412109375,1782.75,408325,408325,1.5721759796142578,1.557636260986328,1.0,1068.3668205448182,650.8320930180449,2.2617017939290176,368.5790083112773,267.08213413450045,0.9522707552358656,525.0880617990739,360.1131225352533,1.2495132658422785,794.5447661340966,530.7539684288361,1.8219119698547523,1287.9330822712398,832.8375181121535,2.8270904501680563,1733.6081876807702,1263.3737218794813,4.457722528544136,0.05,2591,0.9632313575525812,4391.2,0.9667304015296369,1625.625,812.8125,0.954206500956023,2170.7265625,1085.36328125,0.9562141491395794,3371.546875,1685.7734375,0.9680688336520076,6610.9765625,3305.48828125,0.9709369024856596,8177.125,4088.5625,,,0.0530046160157837,6.784590850020322,36583,2591,2591,10460,"{""delta_threshold"":0.05,""dropout"":0.1,""encoder_mode"":""delta"",""patch_len"":16,""patch_stride"":8,""spike_steps"":8,""transformer_d_model"":128,""transformer_heads"":4,""transformer_layers"":3}",/content/drive/MyDrive/SpikeLoRA_TS_R2_results/predictions/E1/EC_patchtst_seed2_SpikeLoRA-TS-R2-corrected-v1.npz
SpikeLoRA-TS-R2-corrected-v1,2026-07-20,1c553ec25a0e,EC,0,PowerConsumption_Zone1,Datetime,10,96,960,"[1,2,4,8,24]","[10,20,40,80,240]",7,"[""Temperature"",""Humidity"",""WindSpeed"",""PowerConsumption_Zone1"",""cal_hour"",""cal_dayofweek"",""cal_month""]",3,9c44b9af0cb1923a3fcbcef08826e13f8a405ebf68a8a072597b0feb17e45769,cuda,2.11.0+cu128,itransformer,11,0.0308651234918651,18,76.35952957299924,49.6162109375,1782.7578125,410757,410757,1.581151008605957,1.566913604736328,1.0,1377.9681868869188,843.7892693519957,2.91332839917107,540.220855049222,404.0745884619981,1.4071890666020703,712.3018051023255,516.2315993591659,1.793485494069727,1077.2235156390898,705.9300981043857,2.4172926855947217,1705.3934144889402,1076.9496050803657,3.684640068972289,2150.8119363979463,1515.760455754063,5.264034680616542,0.05,2591,0.954321223709369,5058.42578125,0.945506692160612,2102.65625,1051.328125,0.9588910133843211,2953.19140625,1476.595703125,0.9503824091778202,4161.015625,2080.5078125,0.9568833652007648,7149.8984375,3574.94921875,0.959942638623327,8925.3671875,4462.68359375,,,0.0161656195331261,2.069199300240143,36583,2591,2591,10460,"{""delta_threshold"":0.05,""dropout"":0.1,""encoder_mode"":""delta"",""patch_len"":16,""patch_stride"":8,""spike_steps"":8,""transformer_d_model"":128,""transformer_heads"":4,""transformer_layers"":3}",/content/drive/MyDrive/SpikeLoRA_TS_R2_results/predictions/E1/EC_itransformer_seed0_SpikeLoRA-TS-R2-corrected-v1.npz
SpikeLoRA-TS-R2-corrected-v1,2026-07-20,1c553ec25a0e,EC,1,PowerConsumption_Zone1,Datetime,10,96,960,"[1,2,4,8,24]","[10,20,40,80,240]",7,"[""Temperature"",""Humidity"",""WindSpeed"",""PowerConsumption_Zone1"",""cal_hour"",""cal_dayofweek"",""cal_month""]",3,9c44b9af0cb1923a3fcbcef08826e13f8a405ebf68a8a072597b0feb17e45769,cuda,2.11.0+cu128,itransformer,6,0.034371454471421,13,54.0659433159999,49.6162109375,1782.765625,410757,410757,1.581151008605957,1.566913604736328,1.0,1340.651402688114,839.3122526290631,2.9196526284098026,578.4232886531843,440.81128797950527,1.5816269320470366,743.744198643834,548.2465870727773,1.948316939099352,988.4079031407646,694.1061508499641,2.417257101206912,1497.2955518829503,1020.6428107821464,3.5152017380038405,2209.1079265386115,1492.7544264609226,5.13586043169187,0.05,2591,0.9647036328871892,5249.80546875,0.9687380497131932,2656.203125,1328.1015625,0.967208413001912,3442.7734375,1721.38671875,0.97151051625239,4773.12109375,2386.560546875,0.9680688336520076,6952.93359375,3476.466796875,0.9479923518164436,8423.99609375,4211.998046875,,,0.0122889972665518,1.572991650118638,36583,2591,2591,10460,"{""delta_threshold"":0.05,""dropout"":0.1,""encoder_mode"":""delta"",""patch_len"":16,""patch_stride"":8,""spike_steps"":8,""transformer_d_model"":128,""transformer_heads"":4,""transformer_layers"":3}",/content/drive/MyDrive/SpikeLoRA_TS_R2_results/predictions/E1/EC_itransformer_seed1_SpikeLoRA-TS-R2-corrected-v1.npz
SpikeLoRA-TS-R2-corrected-v1,2026-07-20,1c553ec25a0e,EC,2,PowerConsumption_Zone1,Datetime,10,96,960,"[1,2,4,8,24]","[10,20,40,80,240]",7,"[""Temperature"",""Humidity"",""WindSpeed"",""PowerConsumption_Zone1"",""cal_hour"",""cal_dayofweek"",""cal_month""]",3,9c44b9af0cb1923a3fcbcef08826e13f8a405ebf68a8a072597b0feb17e45769,cuda,2.11.0+cu128,itransformer,12,0.0304304645506399,19,77.31100021699967,49.6162109375,1782.77734375,410757,410757,1.581151008605957,1.566913604736328,1.0,1288.7482849731314,757.33833984375,2.626332451190352,464.5051426573767,340.45042236794933,1.2154860039818765,640.2058788329757,445.55979363348473,1.5752320319236592,960.7645420444248,620.81948849038,2.159259381433778,1506.9616047591212,945.6008355864604,3.240176284139946,2117.7181898898784,1434.2611591404757,4.941508554472499,0.05,2591,0.9602103250478012,5087.9125,0.9651051625239006,1972.31640625,986.158203125,0.9586998087954112,2728.3984375,1364.19921875,0.9610898661567876,4505.46875,2252.734375,0.9565965583173996,6912.12109375,3456.060546875,0.9595602294455068,9321.2578125,4660.62890625,,,0.0127876847663799,1.6368236500966304,36583,2591,2591,10460,"{""delta_threshold"":0.05,""dropout"":0.1,""encoder_mode"":""delta"",""patch_len"":16,""patch_stride"":8,""spike_steps"":8,""transformer_d_model"":128,""transformer_heads"":4,""transformer_layers"":3}",/content/drive/MyDrive/SpikeLoRA_TS_R2_results/predictions/E1/EC_itransformer_seed2_SpikeLoRA-TS-R2-corrected-v1.npz
SpikeLoRA-TS-R2-corrected-v1,2026-07-20,1c553ec25a0e,EC,0,PowerConsumption_Zone1,Datetime,10,96,960,"[1,2,4,8,24]","[10,20,40,80,240]",7,"[""Temperature"",""Humidity"",""WindSpeed"",""PowerConsumption_Zone1"",""cal_hour"",""cal_dayofweek"",""cal_month""]",3,9c44b9af0cb1923a3fcbcef08826e13f8a405ebf68a8a072597b0feb17e45769,cuda,2.11.0+cu128,snn_tcn,12,0.3390477374454853,19,318.1666800889998,430.2216796875,1782.97265625,74949,74949,0.2917966842651367,0.2859077453613281,1.0,5342.239634420235,4222.242354169156,14.02786584809701,4997.197434617328,4022.1897544962953,13.485570486108886,5025.406901383723,4029.854274094766,13.498070341748273,5114.844694134828,4056.705533356238,13.558505415159615,5427.242517513448,4204.577847155832,13.97788942723446,6070.776494305004,4797.884361742651,15.6192935702338,0.05,2591,0.8869407265774378,16629.77890625,0.9104206500956022,16693.03125,8346.515625,0.904302103250478,16419.79296875,8209.896484375,0.9053537284894836,16808.72265625,8404.361328125,0.9093690248565964,18134.6796875,9067.33984375,0.8052581261950287,15092.66796875,7546.333984375,85.90594555221706,,0.1051635187508281,13.460930400106008,36583,2591,2591,10460,"{""delta_threshold"":0.05,""dropout"":0.1,""encoder_mode"":""delta"",""patch_len"":16,""patch_stride"":8,""spike_steps"":8,""transformer_d_model"":128,""transformer_heads"":4,""transformer_layers"":3}",/content/drive/MyDrive/SpikeLoRA_TS_R2_results/predictions/E1/EC_snn_tcn_seed0_SpikeLoRA-TS-R2-corrected-v1.npz
SpikeLoRA-TS-R2-corrected-v1,2026-07-20,1c553ec25a0e,EC,1,PowerConsumption_Zone1,Datetime,10,96,960,"[1,2,4,8,24]","[10,20,40,80,240]",7,"[""Temperature"",""Humidity"",""WindSpeed"",""PowerConsumption_Zone1"",""cal_hour"",""cal_dayofweek"",""cal_month""]",3,9c44b9af0cb1923a3fcbcef08826e13f8a405ebf68a8a072597b0feb17e45769,cuda,2.11.0+cu128,snn_tcn,9,0.3090893592166422,16,267.4690749000001,430.2216796875,1782.9921875,74949,74949,0.2917966842651367,0.2859077453613281,1.0,5739.3147777363065,4548.890696664376,14.965660774715476,5674.268913538216,4581.707602436365,15.097792967234938,5715.141200953425,4591.088443885935,15.100289136228378,5804.832370503234,4609.841888369383,15.12269830936948,5881.062922841061,4569.023952669395,14.990610545903014,5617.430372302993,4392.791595960803,14.51691291484159,0.05,2591,0.851472275334608,16169.9234375,0.8402485659655832,15466.78515625,7733.392578125,0.8401529636711281,15461.2421875,7730.62109375,0.8368068833652008,15556.33203125,7778.166015625,0.8760994263862333,17597.765625,8798.8828125,0.8640535372848949,16767.4921875,8383.74609375,85.90594555221706,,0.1068059085952199,13.67115630018816,36583,2591,2591,10460,"{""delta_threshold"":0.05,""dropout"":0.1,""encoder_mode"":""delta"",""patch_len"":16,""patch_stride"":8,""spike_steps"":8,""transformer_d_model"":128,""transformer_heads"":4,""transformer_layers"":3}",/content/drive/MyDrive/SpikeLoRA_TS_R2_results/predictions/E1/EC_snn_tcn_seed1_SpikeLoRA-TS-R2-corrected-v1.npz
SpikeLoRA-TS-R2-corrected-v1,2026-07-20,1c553ec25a0e,EC,2,PowerConsumption_Zone1,Datetime,10,96,960,"[1,2,4,8,24]","[10,20,40,80,240]",7,"[""Temperature"",""Humidity"",""WindSpeed"",""PowerConsumption_Zone1"",""cal_hour"",""cal_dayofweek"",""cal_month""]",3,9c44b9af0cb1923a3fcbcef08826e13f8a405ebf68a8a072597b0feb17e45769,cuda,2.11.0+cu128,snn_tcn,11,0.31193603700029027,18,300.7065454979984,430.2216796875,1783.015625,74949,74949,0.2917966842651367,0.2859077453613281,1.0,5723.053912050775,4515.730770905533,14.856333935869612,5427.6063647703995,4315.391513242412,14.269272101627479,5451.345907894218,4307.259049541408,14.22416990603709,5616.348395309811,4410.53575488468,14.517305901092637,5907.606178659249,4583.465849067878,15.02965999412133,6176.363597065441,4962.0016877912885,16.241261776469514,0.05,2591,0.8583365200764819,16256.3765625,0.8650095602294455,15722.734375,7861.3671875,0.8660611854684512,15746.4921875,7873.24609375,0.8640535372848949,16078.3046875,8039.15234375,0.8795411089866156,17664.84375,8832.421875,0.817017208413002,16069.5078125,8034.75390625,85.90594555221706,,0.11764317656144385,15.058326599864813,36583,2591,2591,10460,"{""delta_threshold"":0.05,""dropout"":0.1,""encoder_mode"":""delta"",""patch_len"":16,""patch_stride"":8,""spike_steps"":8,""transformer_d_model"":128,""transformer_heads"":4,""transformer_layers"":3}",/content/drive/MyDrive/SpikeLoRA_TS_R2_results/predictions/E1/EC_snn_tcn_seed2_SpikeLoRA-TS-R2-corrected-v1.npz
