protocol_id,protocol_date,config_hash,task,seed,target_col,time_col,frequency_minutes,lookback_steps,lookback_minutes,horizons_steps,horizons_minutes,n_features,feature_names,target_feature_index,data_file_sha256,device,torch_version,mode,fraction,best_epoch,best_val_loss,epochs_ran,train_time_sec,peak_gpu_memory_mb,peak_process_rss_mb,total_params,trainable_params,total_model_size_mb,trainable_parameter_size_mb,trainable_ratio,test_rmse,test_mae,test_smape,rmse_h1,mae_h1,smape_h1,rmse_h2,mae_h2,smape_h2,rmse_h4,mae_h4,smape_h4,rmse_h8,mae_h8,smape_h8,rmse_h24,mae_h24,smape_h24,conformal_alpha,conformal_calibration_n,picp95,mpiw95,picp95_h1,mpiw95_h1,conformal_q95_h1,picp95_h2,mpiw95_h2,conformal_q95_h2,picp95_h4,mpiw95_h4,conformal_q95_h4,picp95_h8,mpiw95_h8,conformal_q95_h8,picp95_h24,mpiw95_h24,conformal_q95_h24,encoder_sparsity_pct,spikelora_sparsity_pct,inference_ms_per_sample,inference_ms_per_batch,selected_adaptation_windows,adaptation_pool_windows,fraction_of_total_valid_windows,base_pretrain_time_sec,base_checkpoint,lora_rank,lora_alpha,spikelora_threshold,adapter_targets,strict_adapter_only,prediction_file,spikelora_adapter_0_sparsity_pct,spikelora_adapter_1_sparsity_pct
SpikeLoRA-TS-R2-corrected-v1,2026-07-20,1c553ec25a0e,SR,0,GHI,date,15,96,1440,"[1,2,4,8,24]","[15,30,60,120,360]",12,"[""Temperature"",""Cloud Type"",""Dew Point"",""Relative Humidity"",""Solar Zenith Angle"",""Pressure"",""Wind Direction"",""Wind Speed"",""GHI"",""cal_hour"",""cal_dayofweek"",""cal_month""]",8,d30c392eddf014df2a416d4071fc87fbde68c18b8222041368028de94289252f,cuda,2.11.0+cu128,fullft,0.1,1,0.1208071028803027,8,13.073877581999112,430.693359375,1792.98046875,75269,75269,0.2930173873901367,0.2871284484863281,1.0,77.96731131393098,48.015351978333065,112.28949774791224,74.15069760766029,45.76661039946119,111.67625859405356,72.83858295486596,45.00648054670853,111.71834436311704,75.24332891185387,47.61753071049816,111.95979886604496,80.02096557775629,50.01960953003645,112.45737814144388,86.751424007377,51.66652870496099,113.6357087749018,0.05,5226,0.9901814199323842,399.4894065206286,0.9911432788914812,387.0882167304835,268.26934814453125,0.9920479977143946,395.7639362801484,274.4188232421875,0.9924289319556212,397.7717390934585,274.9736022949219,0.9903814104090282,400.46864302209104,278.3505249023437,0.9849054806913956,416.3544974769617,289.5498046875,75.52949694194456,,0.1044801968767217,13.37346520022038,2098,20976,0.02000362315386,372.1146333640008,/content/drive/MyDrive/SpikeLoRA_TS_R2_results/checkpoints/E2/E2_base_SR_seed0_1c553ec25a0e.pt,,,,[],False,/content/drive/MyDrive/SpikeLoRA_TS_R2_results/predictions/E2/SR_fullft_seed0_frac0.1_SpikeLoRA-TS-R2-corrected-v1.npz,,
SpikeLoRA-TS-R2-corrected-v1,2026-07-20,1c553ec25a0e,SR,0,GHI,date,15,96,1440,"[1,2,4,8,24]","[15,30,60,120,360]",12,"[""Temperature"",""Cloud Type"",""Dew Point"",""Relative Humidity"",""Solar Zenith Angle"",""Pressure"",""Wind Direction"",""Wind Speed"",""GHI"",""cal_hour"",""cal_dayofweek"",""cal_month""]",8,d30c392eddf014df2a416d4071fc87fbde68c18b8222041368028de94289252f,cuda,2.11.0+cu128,lora,0.1,1,0.1271583019654914,8,11.5717891889999,433.15625,1792.98046875,76429,1160,0.2989263534545898,0.004425048828125,0.0151774849860654,71.06152646117816,42.64152913843528,111.96070712871236,67.46902088101963,41.1138399693689,111.74574036853164,67.59549250159276,40.699026619024,111.68219950656528,69.00917532406267,42.28369434851305,111.37940654913572,73.3678512484512,44.7028230077045,111.84059561343504,77.34581730168213,44.40826174756594,113.15559360589424,0.05,5226,0.9881148516737298,368.6979494996437,0.9886672063235084,355.287155486318,245.7250366210937,0.9881910385219752,353.7581821741544,245.333740234375,0.9883338888624352,360.2731984948029,248.56610107421875,0.9884767392028952,370.7487187623285,256.1070556640625,0.9869053854578352,403.4224925806145,281.2942199707031,75.52949694194456,,0.1118482007804289,14.3165696998949,2098,20976,0.02000362315386,372.1146333640008,/content/drive/MyDrive/SpikeLoRA_TS_R2_results/checkpoints/E2/E2_base_SR_seed0_1c553ec25a0e.pt,8.0,16.0,,"[""in_proj"",""head""]",True,/content/drive/MyDrive/SpikeLoRA_TS_R2_results/predictions/E2/SR_lora_seed0_frac0.1_SpikeLoRA-TS-R2-corrected-v1.npz,,
SpikeLoRA-TS-R2-corrected-v1,2026-07-20,1c553ec25a0e,SR,0,GHI,date,15,96,1440,"[1,2,4,8,24]","[15,30,60,120,360]",12,"[""Temperature"",""Cloud Type"",""Dew Point"",""Relative Humidity"",""Solar Zenith Angle"",""Pressure"",""Wind Direction"",""Wind Speed"",""GHI"",""cal_hour"",""cal_dayofweek"",""cal_month""]",8,d30c392eddf014df2a416d4071fc87fbde68c18b8222041368028de94289252f,cuda,2.11.0+cu128,spikelora,0.1,1,0.1206545465199189,8,14.535014762001085,445.64453125,1793.0390625,76429,1160,0.2989873886108398,0.004425048828125,0.0151774849860654,67.44397705058826,38.83364283518702,111.95026042688608,63.90668138039684,37.5465002503601,113.17534827997062,62.75214276486554,36.20461156905126,111.78766802325666,64.68862560177138,37.51772053648952,110.94956272132646,67.7807221304276,38.83219022956566,111.21282200134108,77.0889763882967,44.06719159046858,112.62590110853554,0.05,5226,0.9884005523546496,352.124280328198,0.9897147754868816,332.10948811709943,233.35302734375,0.9892386076853484,333.40247987553107,233.4215087890625,0.9887148231036618,341.4880702233668,238.469970703125,0.9881434217418218,351.4080909357361,245.6072998046875,0.9861911337555356,402.2132724892565,279.5040283203125,75.52949694194456,71.28287981622869,0.1640118273442681,20.99351390006632,2098,20976,0.02000362315386,372.1146333640008,/content/drive/MyDrive/SpikeLoRA_TS_R2_results/checkpoints/E2/E2_base_SR_seed0_1c553ec25a0e.pt,8.0,16.0,0.05,"[""in_proj"",""head""]",True,/content/drive/MyDrive/SpikeLoRA_TS_R2_results/predictions/E2/SR_spikelora_seed0_frac0.1_SpikeLoRA-TS-R2-corrected-v1.npz,71.31531683015095,68.16892647969145
SpikeLoRA-TS-R2-corrected-v1,2026-07-20,1c553ec25a0e,SR,0,GHI,date,15,96,1440,"[1,2,4,8,24]","[15,30,60,120,360]",12,"[""Temperature"",""Cloud Type"",""Dew Point"",""Relative Humidity"",""Solar Zenith Angle"",""Pressure"",""Wind Direction"",""Wind Speed"",""GHI"",""cal_hour"",""cal_dayofweek"",""cal_month""]",8,d30c392eddf014df2a416d4071fc87fbde68c18b8222041368028de94289252f,cuda,2.11.0+cu128,fullft,0.2,1,0.1355531151626377,8,20.28054318500108,430.693359375,1793.203125,75269,75269,0.2930173873901367,0.2871284484863281,1.0,88.79136631658217,54.86049372114163,114.26874377104735,88.23916217225454,53.611975979426944,113.56387106453585,86.46531796769067,51.75571669395138,113.79869243929345,86.13957217641423,52.93766004072758,114.2731068857737,90.5285214605679,56.56797576187895,116.10426628264526,92.4212833558372,59.429140129723294,113.60378218298854,0.05,5226,0.9881338983857912,425.6076796667956,0.988905290224275,429.13578613616926,300.9089660644531,0.988905290224275,425.5481986009554,299.3699645996094,0.9898100090471882,426.13971088657,300.3936462402344,0.9895719251464216,424.6055814217093,301.4972839355469,0.9834769772867958,422.6091212885737,286.5933837890625,75.52949694194456,,0.1205703933614188,15.433010350261611,4196,20976,0.0400072463077201,372.1146333640008,/content/drive/MyDrive/SpikeLoRA_TS_R2_results/checkpoints/E2/E2_base_SR_seed0_1c553ec25a0e.pt,,,,[],False,/content/drive/MyDrive/SpikeLoRA_TS_R2_results/predictions/E2/SR_fullft_seed0_frac0.2_SpikeLoRA-TS-R2-corrected-v1.npz,,
SpikeLoRA-TS-R2-corrected-v1,2026-07-20,1c553ec25a0e,SR,0,GHI,date,15,96,1440,"[1,2,4,8,24]","[15,30,60,120,360]",12,"[""Temperature"",""Cloud Type"",""Dew Point"",""Relative Humidity"",""Solar Zenith Angle"",""Pressure"",""Wind Direction"",""Wind Speed"",""GHI"",""cal_hour"",""cal_dayofweek"",""cal_month""]",8,d30c392eddf014df2a416d4071fc87fbde68c18b8222041368028de94289252f,cuda,2.11.0+cu128,lora,0.2,1,0.1503966511710138,8,16.761574948999623,433.15625,1793.203125,76429,1160,0.2989263534545898,0.004425048828125,0.0151774849860654,87.7517464257327,51.43416209190234,113.65002622904532,89.19263211418321,50.77794797545041,113.786381860887,87.22410273366039,48.6910350743796,113.08345128538694,85.81067378398868,49.30801773162111,112.93209289861136,89.31357324945627,53.49532202844205,114.37333176567958,87.16701888233978,54.89848764961853,114.07487333466166,0.05,5226,0.9886386362554164,467.3775753646276,0.9889529070044284,476.48278850371776,337.0302734375,0.988905290224275,476.7015245276958,338.50897216796875,0.9893338412456548,472.55568534459087,333.98370361328125,0.9899052426074948,472.0463046430889,334.14654541015625,0.9860959001952287,439.10157380404456,300.7044677734375,75.52949694194456,,0.1117381195321343,14.302479300113191,4196,20976,0.0400072463077201,372.1146333640008,/content/drive/MyDrive/SpikeLoRA_TS_R2_results/checkpoints/E2/E2_base_SR_seed0_1c553ec25a0e.pt,8.0,16.0,,"[""in_proj"",""head""]",True,/content/drive/MyDrive/SpikeLoRA_TS_R2_results/predictions/E2/SR_lora_seed0_frac0.2_SpikeLoRA-TS-R2-corrected-v1.npz,,
SpikeLoRA-TS-R2-corrected-v1,2026-07-20,1c553ec25a0e,SR,0,GHI,date,15,96,1440,"[1,2,4,8,24]","[15,30,60,120,360]",12,"[""Temperature"",""Cloud Type"",""Dew Point"",""Relative Humidity"",""Solar Zenith Angle"",""Pressure"",""Wind Direction"",""Wind Speed"",""GHI"",""cal_hour"",""cal_dayofweek"",""cal_month""]",8,d30c392eddf014df2a416d4071fc87fbde68c18b8222041368028de94289252f,cuda,2.11.0+cu128,spikelora,0.2,1,0.1239427542902024,8,21.410586463000072,445.64453125,1793.203125,76429,1160,0.2989873886108398,0.004425048828125,0.0151774849860654,69.46214858626936,40.63367163870348,111.58829423045536,64.23845057943282,37.22091554120679,111.02672965602989,63.93159783735478,36.54565529446166,110.5996912594752,66.2455192016374,38.37442539044888,110.5365557120195,70.72952543094132,42.00805810939516,111.24470614746262,80.746443353504,49.01930385800488,114.53378837728953,0.05,5226,0.9885719727632016,383.1731557515205,0.9883815056425884,366.6964900602267,253.67950439453125,0.9881434217418218,365.8159681608731,252.7249755859375,0.9894290748059617,382.9851842527588,264.6591796875,0.989476691586115,388.709246683618,268.5457763671875,0.987429170039522,411.6588896001261,285.80162048339844,75.52949694194456,65.98077282279637,0.1505473230459131,19.27005734987688,4196,20976,0.0400072463077201,372.1146333640008,/content/drive/MyDrive/SpikeLoRA_TS_R2_results/checkpoints/E2/E2_base_SR_seed0_1c553ec25a0e.pt,8.0,16.0,0.05,"[""in_proj"",""head""]",True,/content/drive/MyDrive/SpikeLoRA_TS_R2_results/predictions/E2/SR_spikelora_seed0_frac0.2_SpikeLoRA-TS-R2-corrected-v1.npz,65.78098835571322,85.16008166277797
SpikeLoRA-TS-R2-corrected-v1,2026-07-20,1c553ec25a0e,SR,0,GHI,date,15,96,1440,"[1,2,4,8,24]","[15,30,60,120,360]",12,"[""Temperature"",""Cloud Type"",""Dew Point"",""Relative Humidity"",""Solar Zenith Angle"",""Pressure"",""Wind Direction"",""Wind Speed"",""GHI"",""cal_hour"",""cal_dayofweek"",""cal_month""]",8,d30c392eddf014df2a416d4071fc87fbde68c18b8222041368028de94289252f,cuda,2.11.0+cu128,fullft,0.5,2,0.1355595822608931,9,48.51761296299992,430.693359375,1793.375,75269,75269,0.2930173873901367,0.2871284484863281,1.0,113.04498124919436,72.06305400731591,115.72185500244645,109.23558289467356,67.91909343813393,115.12732335039748,106.49946185150452,66.62995347585696,114.42572455425837,108.86455487689496,69.28784009850733,115.1082947411278,113.00282791225874,73.57376558917697,115.51077978925116,126.49174106811216,82.9046174349044,118.43715257719744,0.05,5226,0.9810199514308844,474.8021736015326,0.9830960430455692,466.18358887468577,322.63214111328125,0.9834293605066424,464.40319032325306,319.289306640625,0.9840959954287892,468.8544558151853,323.221435546875,0.983191276605876,465.12029647445695,320.0513916015625,0.9712870815675444,509.4493365200819,358.50518798828125,75.52949694194456,,0.1044471468752306,13.369234800029515,10488,20976,0.0999990465384578,372.1146333640008,/content/drive/MyDrive/SpikeLoRA_TS_R2_results/checkpoints/E2/E2_base_SR_seed0_1c553ec25a0e.pt,,,,[],False,/content/drive/MyDrive/SpikeLoRA_TS_R2_results/predictions/E2/SR_fullft_seed0_frac0.5_SpikeLoRA-TS-R2-corrected-v1.npz,,
SpikeLoRA-TS-R2-corrected-v1,2026-07-20,1c553ec25a0e,SR,0,GHI,date,15,96,1440,"[1,2,4,8,24]","[15,30,60,120,360]",12,"[""Temperature"",""Cloud Type"",""Dew Point"",""Relative Humidity"",""Solar Zenith Angle"",""Pressure"",""Wind Direction"",""Wind Speed"",""GHI"",""cal_hour"",""cal_dayofweek"",""cal_month""]",8,d30c392eddf014df2a416d4071fc87fbde68c18b8222041368028de94289252f,cuda,2.11.0+cu128,lora,0.5,2,0.1425101726654157,9,37.7160133640009,433.15625,1793.375,76429,1160,0.2989263534545898,0.004425048828125,0.0151774849860654,105.81444572580791,67.79196399328885,115.26134846951722,99.4807228465976,62.389408840871326,114.11773268133938,95.2839175417848,58.83312418138315,113.959190510659,104.0624216031429,67.25388243289103,115.4090136367294,118.15384621760192,76.50453789382541,116.78991280332129,110.53834852749316,73.97886661747332,116.03089271553702,0.05,5226,0.9803342697966764,437.9104101488825,0.9792867006333033,425.7929836066301,294.685546875,0.9818103899814294,418.16156691999913,290.4444580078125,0.9808580543783628,426.1529880394896,294.37939453125,0.980000952335603,459.1896799044929,320.8239440917969,0.9797152516546832,460.2548322738009,314.0242919921875,75.52949694194456,,0.1150797882814913,14.730212900030892,10488,20976,0.0999990465384578,372.1146333640008,/content/drive/MyDrive/SpikeLoRA_TS_R2_results/checkpoints/E2/E2_base_SR_seed0_1c553ec25a0e.pt,8.0,16.0,,"[""in_proj"",""head""]",True,/content/drive/MyDrive/SpikeLoRA_TS_R2_results/predictions/E2/SR_lora_seed0_frac0.5_SpikeLoRA-TS-R2-corrected-v1.npz,,
SpikeLoRA-TS-R2-corrected-v1,2026-07-20,1c553ec25a0e,SR,0,GHI,date,15,96,1440,"[1,2,4,8,24]","[15,30,60,120,360]",12,"[""Temperature"",""Cloud Type"",""Dew Point"",""Relative Humidity"",""Solar Zenith Angle"",""Pressure"",""Wind Direction"",""Wind Speed"",""GHI"",""cal_hour"",""cal_dayofweek"",""cal_month""]",8,d30c392eddf014df2a416d4071fc87fbde68c18b8222041368028de94289252f,cuda,2.11.0+cu128,spikelora,0.5,5,0.147833387142527,12,62.27884065800026,445.64453125,1793.37890625,76429,1160,0.2989873886108398,0.004425048828125,0.0151774849860654,136.0608379201218,85.61304456809721,118.13149462008948,124.7535256582355,75.33563612747247,115.07575533021073,130.9872449463687,80.04853922303225,116.75574000890232,135.54026702999,86.12662279448631,118.59634661618834,143.0031705520138,93.16744593575844,119.94807747952858,144.98478127148016,93.38697875973656,120.28155366561744,0.05,5226,0.969563354125994,518.7430911147204,0.9694300271415648,499.8084242234803,340.1925048828125,0.9693824103614114,506.4077684972736,347.5409240722656,0.9705728298652444,508.2172703228703,350.1602783203125,0.9722394171706108,516.7368791641142,358.3957824707031,0.9661920860911384,562.5451133658639,399.483642578125,75.52949694194456,48.55842269047571,0.15622712617116,19.99707214990849,10488,20976,0.0999990465384578,372.1146333640008,/content/drive/MyDrive/SpikeLoRA_TS_R2_results/checkpoints/E2/E2_base_SR_seed0_1c553ec25a0e.pt,8.0,16.0,0.05,"[""in_proj"",""head""]",True,/content/drive/MyDrive/SpikeLoRA_TS_R2_results/predictions/E2/SR_spikelora_seed0_frac0.5_SpikeLoRA-TS-R2-corrected-v1.npz,48.13778553947828,88.93958918622923
SpikeLoRA-TS-R2-corrected-v1,2026-07-20,1c553ec25a0e,SR,1,GHI,date,15,96,1440,"[1,2,4,8,24]","[15,30,60,120,360]",12,"[""Temperature"",""Cloud Type"",""Dew Point"",""Relative Humidity"",""Solar Zenith Angle"",""Pressure"",""Wind Direction"",""Wind Speed"",""GHI"",""cal_hour"",""cal_dayofweek"",""cal_month""]",8,d30c392eddf014df2a416d4071fc87fbde68c18b8222041368028de94289252f,cuda,2.11.0+cu128,fullft,0.1,3,0.1420172648443785,10,16.572281138000108,430.693359375,1793.37890625,75269,75269,0.2930173873901367,0.2871284484863281,1.0,80.28038012918886,46.342401144335504,112.98693681415114,72.87543026567185,42.17513912570209,111.50400096697292,73.93142764543968,43.4621211445608,111.8469041509897,74.85008889969883,43.423122468309614,111.94393270485692,80.52677154315694,47.88642279226821,112.81309622552126,96.751827346459,54.7652001908368,116.82675002241476,0.05,5226,0.9880862816056378,412.2557827390561,0.9893814580258083,395.86224270125786,275.79150390625,0.9888100566639684,396.489098287277,276.2478942871094,0.9892386076853484,402.4084413629345,280.9971923828125,0.9892386076853484,419.49094214674847,293.8964233398437,0.9837626779677158,447.0281891970627,320.35205078125,75.52949694194456,,0.1041281878904953,13.328408049983407,2098,20976,0.02000362315386,480.24135576700064,/content/drive/MyDrive/SpikeLoRA_TS_R2_results/checkpoints/E2/E2_base_SR_seed1_1c553ec25a0e.pt,,,,[],False,/content/drive/MyDrive/SpikeLoRA_TS_R2_results/predictions/E2/SR_fullft_seed1_frac0.1_SpikeLoRA-TS-R2-corrected-v1.npz,,
SpikeLoRA-TS-R2-corrected-v1,2026-07-20,1c553ec25a0e,SR,1,GHI,date,15,96,1440,"[1,2,4,8,24]","[15,30,60,120,360]",12,"[""Temperature"",""Cloud Type"",""Dew Point"",""Relative Humidity"",""Solar Zenith Angle"",""Pressure"",""Wind Direction"",""Wind Speed"",""GHI"",""cal_hour"",""cal_dayofweek"",""cal_month""]",8,d30c392eddf014df2a416d4071fc87fbde68c18b8222041368028de94289252f,cuda,2.11.0+cu128,lora,0.1,2,0.1442311805495803,9,12.702715756000543,433.15625,1793.37890625,76429,1160,0.2989263534545898,0.004425048828125,0.0151774849860654,78.38612908631129,46.03900683953259,113.39630964905024,72.86953566212749,42.10129458876679,111.71150264615132,74.65874891085762,43.94900494930568,111.9575431551759,76.02087434491395,44.22715527645423,112.52867228134912,82.04649440270838,49.74493725534496,114.53781547491404,85.59922645206487,50.17264212779128,116.24601468766078,0.05,5226,0.989190990905195,425.6850446748368,0.9897623922670348,413.1449400465532,289.1007080078125,0.9904766439693348,421.8788385165543,295.56182861328125,0.9904290271891816,428.223410016088,302.0541381835937,0.9899052426074948,438.7938499067416,310.2706298828125,0.9853816484929288,426.3841848882469,304.88494873046875,75.52949694194456,,0.1155436589876046,14.789588350413396,2098,20976,0.02000362315386,480.24135576700064,/content/drive/MyDrive/SpikeLoRA_TS_R2_results/checkpoints/E2/E2_base_SR_seed1_1c553ec25a0e.pt,8.0,16.0,,"[""in_proj"",""head""]",True,/content/drive/MyDrive/SpikeLoRA_TS_R2_results/predictions/E2/SR_lora_seed1_frac0.1_SpikeLoRA-TS-R2-corrected-v1.npz,,
SpikeLoRA-TS-R2-corrected-v1,2026-07-20,1c553ec25a0e,SR,1,GHI,date,15,96,1440,"[1,2,4,8,24]","[15,30,60,120,360]",12,"[""Temperature"",""Cloud Type"",""Dew Point"",""Relative Humidity"",""Solar Zenith Angle"",""Pressure"",""Wind Direction"",""Wind Speed"",""GHI"",""cal_hour"",""cal_dayofweek"",""cal_month""]",8,d30c392eddf014df2a416d4071fc87fbde68c18b8222041368028de94289252f,cuda,2.11.0+cu128,spikelora,0.1,1,0.1381274643833501,8,14.813859662999675,445.64453125,1793.37890625,76429,1160,0.2989873886108398,0.004425048828125,0.0151774849860654,72.89505439125041,43.33520605645744,114.64160883678436,67.47676618476856,39.23639345530084,113.57854997505576,68.77099272244764,40.64149450830071,113.99525280416786,69.5916100990366,40.717093449593456,113.03644656780116,72.89299537714226,43.397407901564655,113.64097133457165,84.43636886735173,52.68364096752752,118.95682350232528,0.05,5226,0.9896671587067284,382.6963124877674,0.9904766439693348,376.6939686984597,267.254638671875,0.9910004285510212,379.72449304644175,270.6827697753906,0.9900957097281082,378.8258099330504,270.78179931640625,0.9894290748059617,382.2047508875136,272.5916748046875,0.9873339364792152,396.0325398733716,288.1005859375,75.52949694194456,62.25553600294929,0.1877393941406069,24.03064244999769,2098,20976,0.02000362315386,480.24135576700064,/content/drive/MyDrive/SpikeLoRA_TS_R2_results/checkpoints/E2/E2_base_SR_seed1_1c553ec25a0e.pt,8.0,16.0,0.05,"[""in_proj"",""head""]",True,/content/drive/MyDrive/SpikeLoRA_TS_R2_results/predictions/E2/SR_spikelora_seed1_frac0.1_SpikeLoRA-TS-R2-corrected-v1.npz,62.10810475418829,76.40893588400553
SpikeLoRA-TS-R2-corrected-v1,2026-07-20,1c553ec25a0e,SR,1,GHI,date,15,96,1440,"[1,2,4,8,24]","[15,30,60,120,360]",12,"[""Temperature"",""Cloud Type"",""Dew Point"",""Relative Humidity"",""Solar Zenith Angle"",""Pressure"",""Wind Direction"",""Wind Speed"",""GHI"",""cal_hour"",""cal_dayofweek"",""cal_month""]",8,d30c392eddf014df2a416d4071fc87fbde68c18b8222041368028de94289252f,cuda,2.11.0+cu128,fullft,0.2,1,0.1494984639144883,8,20.443217227000787,430.693359375,1793.37890625,75269,75269,0.2930173873901367,0.2871284484863281,1.0,85.4415957392581,51.38644147612902,113.91798256000686,81.64395494533805,48.23322108105123,113.07390146192576,82.66026165234739,50.05691608970072,113.3589760056282,81.70516282812625,48.94415027521592,113.31429236951732,88.3721628686386,53.51832736925218,114.44842006370948,92.29032654591332,56.17959256542506,115.3943228992537,0.05,5226,0.990724251226132,444.1391515784579,0.9920003809342413,440.5496655644863,312.05633544921875,0.9922860816151612,453.5415728403599,321.213134765625,0.9924289319556212,452.9230159038215,321.2603759765625,0.9921432312747012,449.66148621938,319.89569091796875,0.9847626303509356,424.0200173642418,296.5802001953125,75.52949694194456,,0.1046276714852467,13.392341950111586,4196,20976,0.0400072463077201,480.24135576700064,/content/drive/MyDrive/SpikeLoRA_TS_R2_results/checkpoints/E2/E2_base_SR_seed1_1c553ec25a0e.pt,,,,[],False,/content/drive/MyDrive/SpikeLoRA_TS_R2_results/predictions/E2/SR_fullft_seed1_frac0.2_SpikeLoRA-TS-R2-corrected-v1.npz,,
SpikeLoRA-TS-R2-corrected-v1,2026-07-20,1c553ec25a0e,SR,1,GHI,date,15,96,1440,"[1,2,4,8,24]","[15,30,60,120,360]",12,"[""Temperature"",""Cloud Type"",""Dew Point"",""Relative Humidity"",""Solar Zenith Angle"",""Pressure"",""Wind Direction"",""Wind Speed"",""GHI"",""cal_hour"",""cal_dayofweek"",""cal_month""]",8,d30c392eddf014df2a416d4071fc87fbde68c18b8222041368028de94289252f,cuda,2.11.0+cu128,lora,0.2,1,0.1464546270414736,8,17.21335348700086,433.15625,1793.37890625,76429,1160,0.2989263534545898,0.004425048828125,0.0151774849860654,76.34755094456541,46.32707257484925,112.5537102822039,73.43844388401546,45.3805183852765,111.43609042122478,74.33782905051302,45.566873066425664,111.84183416984898,74.43547631644836,43.83221236320173,112.17174395931193,78.23959352266748,47.32371146156358,112.6218404296382,81.01450906515015,49.53204759777878,114.6970424309956,0.05,5226,0.9902576067806296,431.3577500076261,0.9903337936288747,424.7744301677482,293.4832763671875,0.9903337936288747,428.7478267200492,297.4578857421875,0.9910004285510212,437.3694651338363,305.9859619140625,0.9910004285510212,442.8479207067352,309.5906982421875,0.988619589543355,423.04910730976167,293.7652587890625,75.52949694194456,,0.1119399738264803,14.328316649789484,4196,20976,0.0400072463077201,480.24135576700064,/content/drive/MyDrive/SpikeLoRA_TS_R2_results/checkpoints/E2/E2_base_SR_seed1_1c553ec25a0e.pt,8.0,16.0,,"[""in_proj"",""head""]",True,/content/drive/MyDrive/SpikeLoRA_TS_R2_results/predictions/E2/SR_lora_seed1_frac0.2_SpikeLoRA-TS-R2-corrected-v1.npz,,
SpikeLoRA-TS-R2-corrected-v1,2026-07-20,1c553ec25a0e,SR,1,GHI,date,15,96,1440,"[1,2,4,8,24]","[15,30,60,120,360]",12,"[""Temperature"",""Cloud Type"",""Dew Point"",""Relative Humidity"",""Solar Zenith Angle"",""Pressure"",""Wind Direction"",""Wind Speed"",""GHI"",""cal_hour"",""cal_dayofweek"",""cal_month""]",8,d30c392eddf014df2a416d4071fc87fbde68c18b8222041368028de94289252f,cuda,2.11.0+cu128,spikelora,0.2,1,0.1480451815437641,8,20.688349867001307,445.64453125,1793.37890625,76429,1160,0.2989873886108398,0.004425048828125,0.0151774849860654,80.4457351568126,46.66192130295925,113.88705567129398,76.77255166897994,43.74882386240594,112.36992926942348,77.58724478642918,44.57476166564904,112.37744530349364,76.96127887975572,43.11312728416102,112.297405795515,84.9938697163244,49.522077394130086,114.52659115914882,85.42119142883485,52.35081630845018,117.86390682888904,0.05,5226,0.9907718680062854,442.5640312943559,0.9913337460120948,436.611890500128,307.7280578613281,0.991238512451788,442.1501992329502,311.98553466796875,0.9920479977143946,453.77581853736245,322.3736724853516,0.9915718299128612,460.36524569902537,329.8216094970703,0.9876672539402884,419.9170025023136,299.01202392578125,75.52949694194456,63.66978428739525,0.1613546124978881,20.653390399729687,4196,20976,0.0400072463077201,480.24135576700064,/content/drive/MyDrive/SpikeLoRA_TS_R2_results/checkpoints/E2/E2_base_SR_seed1_1c553ec25a0e.pt,8.0,16.0,0.05,"[""in_proj"",""head""]",True,/content/drive/MyDrive/SpikeLoRA_TS_R2_results/predictions/E2/SR_spikelora_seed1_frac0.2_SpikeLoRA-TS-R2-corrected-v1.npz,63.45158849082584,84.61658075805914
SpikeLoRA-TS-R2-corrected-v1,2026-07-20,1c553ec25a0e,SR,1,GHI,date,15,96,1440,"[1,2,4,8,24]","[15,30,60,120,360]",12,"[""Temperature"",""Cloud Type"",""Dew Point"",""Relative Humidity"",""Solar Zenith Angle"",""Pressure"",""Wind Direction"",""Wind Speed"",""GHI"",""cal_hour"",""cal_dayofweek"",""cal_month""]",8,d30c392eddf014df2a416d4071fc87fbde68c18b8222041368028de94289252f,cuda,2.11.0+cu128,fullft,0.5,1,0.1377061693959431,8,42.95726068099975,430.693359375,1793.37890625,75269,75269,0.2930173873901367,0.2871284484863281,1.0,115.61003559251698,69.57298138848566,116.1209433203933,110.71183625924544,63.193952959404974,115.94519688188214,112.56569158004376,64.8779225568988,115.4353793296997,115.84439158946051,68.29557265388893,115.12209948921874,119.8610022939878,73.76261237911778,115.05444292987868,118.80098108212776,77.73484639311783,119.04759797128716,0.05,5226,0.9735536403028427,469.0883059248301,0.9723822675110708,451.6052458148123,314.04376220703125,0.971668015808771,463.5039553842308,320.23260498046875,0.9698585781629446,468.5904275652488,321.8002319335937,0.9691443264606447,472.5632787449894,323.244873046875,0.9847150135707824,489.178622114869,345.0328369140625,75.52949694194456,,0.1081341601562257,13.8411724999969,10488,20976,0.0999990465384578,480.24135576700064,/content/drive/MyDrive/SpikeLoRA_TS_R2_results/checkpoints/E2/E2_base_SR_seed1_1c553ec25a0e.pt,,,,[],False,/content/drive/MyDrive/SpikeLoRA_TS_R2_results/predictions/E2/SR_fullft_seed1_frac0.5_SpikeLoRA-TS-R2-corrected-v1.npz,,
SpikeLoRA-TS-R2-corrected-v1,2026-07-20,1c553ec25a0e,SR,1,GHI,date,15,96,1440,"[1,2,4,8,24]","[15,30,60,120,360]",12,"[""Temperature"",""Cloud Type"",""Dew Point"",""Relative Humidity"",""Solar Zenith Angle"",""Pressure"",""Wind Direction"",""Wind Speed"",""GHI"",""cal_hour"",""cal_dayofweek"",""cal_month""]",8,d30c392eddf014df2a416d4071fc87fbde68c18b8222041368028de94289252f,cuda,2.11.0+cu128,lora,0.5,2,0.1528234397240447,9,36.7345363860004,433.15625,1793.37890625,76429,1160,0.2989263534545898,0.004425048828125,0.0151774849860654,122.3765039842218,78.62133825878026,117.0503400596422,124.49067939949131,76.8629474450075,115.17910144169332,127.38501736461252,80.19337561757081,116.20876304175344,125.7677868127366,80.73109293263286,116.30627983993898,124.1610301922356,81.67916806578256,115.90628519088202,109.18641908452032,73.64010723290752,121.65127078394332,0.05,5226,0.9817722965573068,521.1191253046701,0.9811913718394362,546.1666832142777,376.6627807617188,0.982619875244036,548.3115967949949,380.2664184570313,0.9812389886195896,538.3417877466825,371.8547058105469,0.9804771201371364,516.0776166275145,354.019287109375,0.983334126946336,456.6979421398809,321.0648193359375,75.52949694194456,,0.1177431644528326,15.071125049962577,10488,20976,0.0999990465384578,480.24135576700064,/content/drive/MyDrive/SpikeLoRA_TS_R2_results/checkpoints/E2/E2_base_SR_seed1_1c553ec25a0e.pt,8.0,16.0,,"[""in_proj"",""head""]",True,/content/drive/MyDrive/SpikeLoRA_TS_R2_results/predictions/E2/SR_lora_seed1_frac0.5_SpikeLoRA-TS-R2-corrected-v1.npz,,
SpikeLoRA-TS-R2-corrected-v1,2026-07-20,1c553ec25a0e,SR,1,GHI,date,15,96,1440,"[1,2,4,8,24]","[15,30,60,120,360]",12,"[""Temperature"",""Cloud Type"",""Dew Point"",""Relative Humidity"",""Solar Zenith Angle"",""Pressure"",""Wind Direction"",""Wind Speed"",""GHI"",""cal_hour"",""cal_dayofweek"",""cal_month""]",8,d30c392eddf014df2a416d4071fc87fbde68c18b8222041368028de94289252f,cuda,2.11.0+cu128,spikelora,0.5,1,0.1593008544018019,8,41.47989575500105,445.64453125,1793.37890625,76429,1160,0.2989873886108398,0.004425048828125,0.0151774849860654,115.02908471536652,71.54682926904371,117.26980441180758,121.51408566907897,74.02736257663267,116.5258663941854,118.12527548899035,72.17184341036135,116.58151692484547,115.66776059902202,71.3818067422873,116.8299943761466,114.24001486553794,71.46037567307238,117.3035266218312,104.92562169680814,68.69275794286489,119.10811774202934,0.05,5226,0.9798009618589592,467.769780260054,0.9753821246607304,481.8235389415573,337.688720703125,0.9771915623065568,474.916163246028,333.8556671142578,0.9772391790867102,457.1150405856179,322.1200866699219,0.9813342221798962,461.239522982368,326.76885986328125,0.987857721060902,463.7546355446988,327.207763671875,75.52949694194456,55.775915432598445,0.1508110917960436,19.30381974989359,10488,20976,0.0999990465384578,480.24135576700064,/content/drive/MyDrive/SpikeLoRA_TS_R2_results/checkpoints/E2/E2_base_SR_seed1_1c553ec25a0e.pt,8.0,16.0,0.05,"[""in_proj"",""head""]",True,/content/drive/MyDrive/SpikeLoRA_TS_R2_results/predictions/E2/SR_spikelora_seed1_frac0.5_SpikeLoRA-TS-R2-corrected-v1.npz,55.51182753078226,81.12835400695205
SpikeLoRA-TS-R2-corrected-v1,2026-07-20,1c553ec25a0e,SR,2,GHI,date,15,96,1440,"[1,2,4,8,24]","[15,30,60,120,360]",12,"[""Temperature"",""Cloud Type"",""Dew Point"",""Relative Humidity"",""Solar Zenith Angle"",""Pressure"",""Wind Direction"",""Wind Speed"",""GHI"",""cal_hour"",""cal_dayofweek"",""cal_month""]",8,d30c392eddf014df2a416d4071fc87fbde68c18b8222041368028de94289252f,cuda,2.11.0+cu128,fullft,0.1,5,0.1382923015474224,12,19.74971522199849,430.693359375,1793.37890625,75269,75269,0.2930173873901367,0.2871284484863281,1.0,79.92760633859196,45.78104254651437,113.326067995641,71.5092808368325,40.25768886210322,111.3685542746109,71.72367676358452,40.291878703117234,111.29589546270824,73.09845114962745,42.5945972932883,111.72110389674536,77.4540182167167,45.52526087116318,113.77519188277412,101.69434459401629,60.23578700289988,118.46959446136648,0.05,5226,0.9871339460025712,411.6353369284196,0.9911432788914812,404.19512517458713,282.0460205078125,0.9904766439693348,407.4493574701282,284.443115234375,0.9912861292319414,416.6477363546101,290.4951171875,0.9887148231036618,407.9633464730584,287.7635498046875,0.9740488548164372,421.9211191697141,300.85746002197266,75.52949694194456,,0.1056123890634808,13.518385800125545,2098,20976,0.02000362315386,458.6652648099989,/content/drive/MyDrive/SpikeLoRA_TS_R2_results/checkpoints/E2/E2_base_SR_seed2_1c553ec25a0e.pt,,,,[],False,/content/drive/MyDrive/SpikeLoRA_TS_R2_results/predictions/E2/SR_fullft_seed2_frac0.1_SpikeLoRA-TS-R2-corrected-v1.npz,,
SpikeLoRA-TS-R2-corrected-v1,2026-07-20,1c553ec25a0e,SR,2,GHI,date,15,96,1440,"[1,2,4,8,24]","[15,30,60,120,360]",12,"[""Temperature"",""Cloud Type"",""Dew Point"",""Relative Humidity"",""Solar Zenith Angle"",""Pressure"",""Wind Direction"",""Wind Speed"",""GHI"",""cal_hour"",""cal_dayofweek"",""cal_month""]",8,d30c392eddf014df2a416d4071fc87fbde68c18b8222041368028de94289252f,cuda,2.11.0+cu128,lora,0.1,1,0.1380937747911069,8,11.459089914998913,433.15625,1793.37890625,76429,1160,0.2989263534545898,0.004425048828125,0.0151774849860654,67.82154596356366,37.37857042527597,111.4881977642098,60.98082136527962,31.917913774111,110.78223029913968,63.45577354976175,34.20241935529809,111.6523933102202,65.68865246114719,36.02295472909028,111.24572119393304,67.93254420768145,37.40583652212792,110.86673344595192,79.52160139588572,47.343727745752574,112.89391057180438,0.05,5226,0.9876958240083804,364.20092942802,0.9895243083662684,347.30853206455964,243.864990234375,0.9897147754868816,357.19801524525445,252.809814453125,0.9888576734441216,357.35160249247167,250.8018798828125,0.987286319699062,372.2017332438225,258.3531494140625,0.9830960430455692,386.94476409399147,264.9603271484375,75.52949694194456,,0.1558013839854766,19.942577150141005,2098,20976,0.02000362315386,458.6652648099989,/content/drive/MyDrive/SpikeLoRA_TS_R2_results/checkpoints/E2/E2_base_SR_seed2_1c553ec25a0e.pt,8.0,16.0,,"[""in_proj"",""head""]",True,/content/drive/MyDrive/SpikeLoRA_TS_R2_results/predictions/E2/SR_lora_seed2_frac0.1_SpikeLoRA-TS-R2-corrected-v1.npz,,
SpikeLoRA-TS-R2-corrected-v1,2026-07-20,1c553ec25a0e,SR,2,GHI,date,15,96,1440,"[1,2,4,8,24]","[15,30,60,120,360]",12,"[""Temperature"",""Cloud Type"",""Dew Point"",""Relative Humidity"",""Solar Zenith Angle"",""Pressure"",""Wind Direction"",""Wind Speed"",""GHI"",""cal_hour"",""cal_dayofweek"",""cal_month""]",8,d30c392eddf014df2a416d4071fc87fbde68c18b8222041368028de94289252f,cuda,2.11.0+cu128,spikelora,0.1,1,0.1314664576879826,8,15.536210494999978,445.64453125,1793.37890625,76429,1160,0.2989873886108398,0.004425048828125,0.0151774849860654,67.68360305181635,36.90245962241486,111.5185062678584,61.25771037717372,32.07699749566369,110.65903018380963,61.89033933039084,32.008156063250034,109.9800897271481,64.11858519753717,34.106456345895616,110.42433472529594,68.11123655650535,38.16427521446558,111.11770812772652,81.06846436379894,48.15641299279938,115.41136857531184,0.05,5226,0.9876196371601352,365.5573694482246,0.9893338412456548,351.131748035802,245.16748046875,0.9892386076853484,356.5969589841541,248.51824951171875,0.9891433741250416,362.2453021508195,251.9040069580078,0.987429170039522,375.6172285332895,259.7846069335937,0.9829531927051092,382.1956095370581,267.4615478515625,75.52949694194456,63.67699353540848,0.1507661371100255,19.298065550083265,2098,20976,0.02000362315386,458.6652648099989,/content/drive/MyDrive/SpikeLoRA_TS_R2_results/checkpoints/E2/E2_base_SR_seed2_1c553ec25a0e.pt,8.0,16.0,0.05,"[""in_proj"",""head""]",True,/content/drive/MyDrive/SpikeLoRA_TS_R2_results/predictions/E2/SR_spikelora_seed2_frac0.1_SpikeLoRA-TS-R2-corrected-v1.npz,63.499691203940685,80.69801735631637
SpikeLoRA-TS-R2-corrected-v1,2026-07-20,1c553ec25a0e,SR,2,GHI,date,15,96,1440,"[1,2,4,8,24]","[15,30,60,120,360]",12,"[""Temperature"",""Cloud Type"",""Dew Point"",""Relative Humidity"",""Solar Zenith Angle"",""Pressure"",""Wind Direction"",""Wind Speed"",""GHI"",""cal_hour"",""cal_dayofweek"",""cal_month""]",8,d30c392eddf014df2a416d4071fc87fbde68c18b8222041368028de94289252f,cuda,2.11.0+cu128,fullft,0.2,3,0.1361445922060939,10,25.750580785999773,430.693359375,1793.37890625,75269,75269,0.2930173873901367,0.2871284484863281,1.0,80.15968185366805,47.02895960591872,113.2500556232754,71.10482465186077,40.53029846072248,112.17687245452026,70.61977316352981,40.12678618399531,111.67583562678298,72.3233837368836,42.738293258095176,112.59825695534202,76.3321558630748,46.59839022783409,112.78530238068956,105.01216439112594,65.15102989894652,117.01401069904212,0.05,5226,0.987372029903338,412.0368019069492,0.9915718299128612,405.32716336678754,283.87168884277344,0.9900957097281082,401.52182067650216,279.5841979980469,0.9913337460120948,407.1419399401885,283.7862548828125,0.989048140564735,405.475304767737,282.2133483886719,0.9748107232988904,440.7177807835305,306.5709686279297,75.52949694194456,,0.1060297414063882,13.571806900017693,4196,20976,0.0400072463077201,458.6652648099989,/content/drive/MyDrive/SpikeLoRA_TS_R2_results/checkpoints/E2/E2_base_SR_seed2_1c553ec25a0e.pt,,,,[],False,/content/drive/MyDrive/SpikeLoRA_TS_R2_results/predictions/E2/SR_fullft_seed2_frac0.2_SpikeLoRA-TS-R2-corrected-v1.npz,,
SpikeLoRA-TS-R2-corrected-v1,2026-07-20,1c553ec25a0e,SR,2,GHI,date,15,96,1440,"[1,2,4,8,24]","[15,30,60,120,360]",12,"[""Temperature"",""Cloud Type"",""Dew Point"",""Relative Humidity"",""Solar Zenith Angle"",""Pressure"",""Wind Direction"",""Wind Speed"",""GHI"",""cal_hour"",""cal_dayofweek"",""cal_month""]",8,d30c392eddf014df2a416d4071fc87fbde68c18b8222041368028de94289252f,cuda,2.11.0+cu128,lora,0.2,2,0.145994844938027,9,18.82712248200005,433.15625,1793.37890625,76429,1160,0.2989263534545898,0.004425048828125,0.0151774849860654,75.08308034119642,42.87165062118159,112.05684429259104,70.45279984169221,38.91787091203374,110.86727816885534,70.00570093854262,37.56948089853911,110.81685840442935,71.61597519638836,39.98265873898234,111.16978022462958,76.0436765486457,44.502680521159846,111.98966079157488,86.08984232659394,53.38556203519292,115.44064387346609,0.05,5226,0.9904195038331508,436.6976663496022,0.9920003809342413,447.33884374494016,312.81018829345703,0.9917622970334746,442.3526667975498,310.7011260986328,0.9915718299128612,443.6869065961488,310.31805419921875,0.9910480453311749,445.38059907209066,312.68467712402344,0.9857149659540022,404.7293155372816,282.0986633300781,75.52949694194456,,0.1156197996095897,14.799334350027491,4196,20976,0.0400072463077201,458.6652648099989,/content/drive/MyDrive/SpikeLoRA_TS_R2_results/checkpoints/E2/E2_base_SR_seed2_1c553ec25a0e.pt,8.0,16.0,,"[""in_proj"",""head""]",True,/content/drive/MyDrive/SpikeLoRA_TS_R2_results/predictions/E2/SR_lora_seed2_frac0.2_SpikeLoRA-TS-R2-corrected-v1.npz,,
SpikeLoRA-TS-R2-corrected-v1,2026-07-20,1c553ec25a0e,SR,2,GHI,date,15,96,1440,"[1,2,4,8,24]","[15,30,60,120,360]",12,"[""Temperature"",""Cloud Type"",""Dew Point"",""Relative Humidity"",""Solar Zenith Angle"",""Pressure"",""Wind Direction"",""Wind Speed"",""GHI"",""cal_hour"",""cal_dayofweek"",""cal_month""]",8,d30c392eddf014df2a416d4071fc87fbde68c18b8222041368028de94289252f,cuda,2.11.0+cu128,spikelora,0.2,1,0.1368525654556557,8,21.294496133999928,445.64453125,1793.37890625,76429,1160,0.2989873886108398,0.004425048828125,0.0151774849860654,66.2692091241431,36.406955236875696,111.62686396566043,61.26188848535746,34.396874950520285,111.43466613206236,60.67376020045149,32.159480973565174,110.22070053717144,62.29350927975062,33.26171698515077,110.2903703957689,65.29004083667485,34.7234465093773,110.65599017958644,79.87769088551408,47.49325676576495,115.53259258371304,0.05,5226,0.987457740107614,364.29879756564384,0.9891433741250416,351.76873167593885,244.5047607421875,0.9893814580258083,365.4699610956317,255.0015869140625,0.9886672063235084,359.8928254556499,250.3824462890625,0.9863339840959954,367.5030905514364,254.912109375,0.9837626779677158,376.8593790495625,262.98162841796875,75.52949694194456,50.49452572705178,0.167275612499651,21.411278399955336,4196,20976,0.0400072463077201,458.6652648099989,/content/drive/MyDrive/SpikeLoRA_TS_R2_results/checkpoints/E2/E2_base_SR_seed2_1c553ec25a0e.pt,8.0,16.0,0.05,"[""in_proj"",""head""]",True,/content/drive/MyDrive/SpikeLoRA_TS_R2_results/predictions/E2/SR_spikelora_seed2_frac0.2_SpikeLoRA-TS-R2-corrected-v1.npz,50.08984877208229,89.34351340412361
SpikeLoRA-TS-R2-corrected-v1,2026-07-20,1c553ec25a0e,SR,2,GHI,date,15,96,1440,"[1,2,4,8,24]","[15,30,60,120,360]",12,"[""Temperature"",""Cloud Type"",""Dew Point"",""Relative Humidity"",""Solar Zenith Angle"",""Pressure"",""Wind Direction"",""Wind Speed"",""GHI"",""cal_hour"",""cal_dayofweek"",""cal_month""]",8,d30c392eddf014df2a416d4071fc87fbde68c18b8222041368028de94289252f,cuda,2.11.0+cu128,fullft,0.5,1,0.1279666868893524,8,43.24172202800037,430.693359375,1793.37890625,75269,75269,0.2930173873901367,0.2871284484863281,1.0,83.20987196781927,47.63101321390644,112.16018336563108,71.60057887847266,39.28834870422314,110.78006340391266,73.00213531017621,39.71073568669349,110.37146440988892,76.0769783449736,41.48834899943032,111.0224988465254,79.77957076370404,44.67832812215764,111.78787100679192,109.59458364163926,72.98930455702758,116.8390191610364,0.05,5226,0.98725774963097,416.9101286744669,0.9885719727632016,401.96306172600646,276.0799560546875,0.987429170039522,403.8223985332596,276.2947998046875,0.9867625351173752,408.9437203629574,279.85302734375,0.9866196847769154,410.45930866877023,283.26776123046875,0.9869053854578352,459.3621540813411,320.7608337402344,75.52949694194456,,0.1058402062490415,13.54754639987732,10488,20976,0.0999990465384578,458.6652648099989,/content/drive/MyDrive/SpikeLoRA_TS_R2_results/checkpoints/E2/E2_base_SR_seed2_1c553ec25a0e.pt,,,,[],False,/content/drive/MyDrive/SpikeLoRA_TS_R2_results/predictions/E2/SR_fullft_seed2_frac0.5_SpikeLoRA-TS-R2-corrected-v1.npz,,
SpikeLoRA-TS-R2-corrected-v1,2026-07-20,1c553ec25a0e,SR,2,GHI,date,15,96,1440,"[1,2,4,8,24]","[15,30,60,120,360]",12,"[""Temperature"",""Cloud Type"",""Dew Point"",""Relative Humidity"",""Solar Zenith Angle"",""Pressure"",""Wind Direction"",""Wind Speed"",""GHI"",""cal_hour"",""cal_dayofweek"",""cal_month""]",8,d30c392eddf014df2a416d4071fc87fbde68c18b8222041368028de94289252f,cuda,2.11.0+cu128,lora,0.5,9,0.1481172044501649,16,64.34521670999857,433.15625,1793.37890625,76429,1160,0.2989263534545898,0.004425048828125,0.0151774849860654,152.82888212711308,88.89677477472821,118.18067780859889,151.25283725527038,82.96644158956181,116.57569625771656,153.80951908742674,85.32502336358122,116.68880823872094,158.1895189271464,89.50221713234893,116.98616175175682,161.44622600777447,98.18935353925902,117.14628740952908,138.4187101908009,88.50083824889012,123.50643538527088,0.05,5226,0.96148754821199,603.3526760676947,0.9584305509261464,602.539191407741,416.6280517578125,0.9586210180467596,615.9869359411812,424.9730224609375,0.9580019999047664,625.5573255634213,428.7672119140625,0.9578115327841532,623.8407331980454,423.75982666015625,0.974572639398124,548.8391942280848,396.052490234375,75.52949694194456,,0.119653172264833,15.315606049898634,10488,20976,0.0999990465384578,458.6652648099989,/content/drive/MyDrive/SpikeLoRA_TS_R2_results/checkpoints/E2/E2_base_SR_seed2_1c553ec25a0e.pt,8.0,16.0,,"[""in_proj"",""head""]",True,/content/drive/MyDrive/SpikeLoRA_TS_R2_results/predictions/E2/SR_lora_seed2_frac0.5_SpikeLoRA-TS-R2-corrected-v1.npz,,
SpikeLoRA-TS-R2-corrected-v1,2026-07-20,1c553ec25a0e,SR,2,GHI,date,15,96,1440,"[1,2,4,8,24]","[15,30,60,120,360]",12,"[""Temperature"",""Cloud Type"",""Dew Point"",""Relative Humidity"",""Solar Zenith Angle"",""Pressure"",""Wind Direction"",""Wind Speed"",""GHI"",""cal_hour"",""cal_dayofweek"",""cal_month""]",8,d30c392eddf014df2a416d4071fc87fbde68c18b8222041368028de94289252f,cuda,2.11.0+cu128,spikelora,0.5,1,0.1526121634361254,8,40.37485939900034,445.64453125,1793.37890625,76429,1160,0.2989873886108398,0.004425048828125,0.0151774849860654,96.637596652788,57.61144545259808,115.39296976779896,92.94299429193175,57.05765313658508,114.4822279746566,91.56790759563584,55.27713489618751,114.602742397257,87.60853454702382,52.26905054546789,113.68711493354388,93.99684395452844,55.379734126677214,114.72204767632294,114.71870617232706,68.07365455807269,119.47071585721444,0.05,5226,0.9887433931717536,439.4309891350127,0.9899052426074948,425.674549712924,299.4174499511719,0.9900957097281082,420.1069446416771,296.0953369140625,0.9905718775296416,417.9480029777722,293.4769287109375,0.9897147754868816,432.9696435259442,307.9410095214844,0.9834293605066424,500.455804816746,360.36756896972656,75.52949694194456,57.24152203478774,0.1484115796870355,18.99668219994055,10488,20976,0.0999990465384578,458.6652648099989,/content/drive/MyDrive/SpikeLoRA_TS_R2_results/checkpoints/E2/E2_base_SR_seed2_1c553ec25a0e.pt,8.0,16.0,0.05,"[""in_proj"",""head""]",True,/content/drive/MyDrive/SpikeLoRA_TS_R2_results/predictions/E2/SR_spikelora_seed2_frac0.5_SpikeLoRA-TS-R2-corrected-v1.npz,56.90836863671174,89.22424825008333
SpikeLoRA-TS-R2-corrected-v1,2026-07-20,1c553ec25a0e,WS,0,Wind Speed,date,15,96,1440,"[1,2,4,8,24]","[15,30,60,120,360]",10,"[""Temperature"",""Cloud Type"",""Dew Point"",""Relative Humidity"",""Pressure"",""Wind Direction"",""Wind Speed"",""cal_hour"",""cal_dayofweek"",""cal_month""]",6,3f0adac44d33e1dccaba3b871e9d7b872ff9529151a4a3028d672307d75cedd0,cuda,2.11.0+cu128,fullft,0.1,3,0.7848847019138621,10,16.101575026999853,430.50439453125,1794.2421875,75141,75141,0.2925291061401367,0.2866401672363281,1.0,0.7392577955457673,0.5778034030054361,38.05924524490714,0.6753386158831376,0.517427036614198,34.62992749215563,0.6820605428395352,0.5232556745765448,34.95019081392615,0.7024900697501624,0.5433760534825254,36.08334077566528,0.7381357590274674,0.5802537369578232,38.24497431658868,0.879138734399629,0.7247045133960888,46.38779282619995,0.05,5226,0.8590733774582163,2.1445428359843985,0.8749583353173659,2.032690244540448,1.0178947448730469,0.8788152945097852,2.0733177386194823,1.0385310649871826,0.880815199276225,2.1405038557888854,1.0729642510414124,0.8709585257844864,2.184815029846272,1.095315933227539,0.7898195324032189,2.2913873111269063,1.1474512219429016,82.10229572401315,,0.1047133804661371,13.403312699665548,2098,20976,0.02000362315386,366.7354705969992,/content/drive/MyDrive/SpikeLoRA_TS_R2_results/checkpoints/E2/E2_base_WS_seed0_1c553ec25a0e.pt,,,,[],False,/content/drive/MyDrive/SpikeLoRA_TS_R2_results/predictions/E2/WS_fullft_seed0_frac0.1_SpikeLoRA-TS-R2-corrected-v1.npz,,
SpikeLoRA-TS-R2-corrected-v1,2026-07-20,1c553ec25a0e,WS,0,Wind Speed,date,15,96,1440,"[1,2,4,8,24]","[15,30,60,120,360]",10,"[""Temperature"",""Cloud Type"",""Dew Point"",""Relative Humidity"",""Pressure"",""Wind Direction"",""Wind Speed"",""cal_hour"",""cal_dayofweek"",""cal_month""]",6,3f0adac44d33e1dccaba3b871e9d7b872ff9529151a4a3028d672307d75cedd0,cuda,2.11.0+cu128,lora,0.1,10,0.7509415623697339,17,23.78164169699994,432.96826171875,1794.2421875,76285,1144,0.2983770370483398,0.004364013671875,0.0149963950973323,0.8216637573825974,0.6370043897457358,41.54241658523592,0.8017008207680244,0.6059326450147321,39.33443654702135,0.8089955236566827,0.6136078967559248,39.79940064399703,0.8141314515555216,0.6208787116429493,40.36530128801599,0.8132121991232609,0.6307387543141254,41.30189749496952,0.8685243729734786,0.7138639410009475,46.91104695217574,0.05,5226,0.7970191895624018,2.052746648587736,0.8105328317699158,2.00763815399874,1.0050967931747437,0.8085805437836293,2.030234768296314,1.0161566734313965,0.8082948431027094,2.0513997898034373,1.0266634225845337,0.7961049473834579,2.043808494097936,1.0227205753326416,0.7615827817722965,2.1306520367422523,1.066908359527588,82.10229572401315,,0.1151472843737622,14.738852399841562,2098,20976,0.02000362315386,366.7354705969992,/content/drive/MyDrive/SpikeLoRA_TS_R2_results/checkpoints/E2/E2_base_WS_seed0_1c553ec25a0e.pt,8.0,16.0,,"[""in_proj"",""head""]",True,/content/drive/MyDrive/SpikeLoRA_TS_R2_results/predictions/E2/WS_lora_seed0_frac0.1_SpikeLoRA-TS-R2-corrected-v1.npz,,
SpikeLoRA-TS-R2-corrected-v1,2026-07-20,1c553ec25a0e,WS,0,Wind Speed,date,15,96,1440,"[1,2,4,8,24]","[15,30,60,120,360]",10,"[""Temperature"",""Cloud Type"",""Dew Point"",""Relative Humidity"",""Pressure"",""Wind Direction"",""Wind Speed"",""cal_hour"",""cal_dayofweek"",""cal_month""]",6,3f0adac44d33e1dccaba3b871e9d7b872ff9529151a4a3028d672307d75cedd0,cuda,2.11.0+cu128,spikelora,0.1,4,0.90472035912367,11,20.12353785800041,445.45654296875,1794.2421875,76285,1144,0.2984380722045898,0.004364013671875,0.0149963950973323,0.7088832921213911,0.553273567995692,37.04960891015306,0.6930435945174391,0.534533957797376,35.833620434609045,0.694556643135388,0.5349423240510676,35.8797502850574,0.696615870596963,0.536066896458148,36.0122108767699,0.6985897178714958,0.5369341874978615,36.08742440065862,0.7593141574709481,0.6238904741740069,41.4350385536704,0.05,5226,0.8832055616399219,2.16646600562864,0.887386314937384,2.1286534040373035,1.0648106336593628,0.8885767344412171,2.150899405428571,1.0758890509605408,0.8884815008809104,2.163001712041437,1.0817718505859375,0.886814913575544,2.1726333591536244,1.0865658521652222,0.8647683443645541,2.217142147482262,1.109208047389984,82.10229572401315,59.01849006821963,0.1548074433593171,19.8153527499926,2098,20976,0.02000362315386,366.7354705969992,/content/drive/MyDrive/SpikeLoRA_TS_R2_results/checkpoints/E2/E2_base_WS_seed0_1c553ec25a0e.pt,8.0,16.0,0.05,"[""in_proj"",""head""]",True,/content/drive/MyDrive/SpikeLoRA_TS_R2_results/predictions/E2/WS_spikelora_seed0_frac0.1_SpikeLoRA-TS-R2-corrected-v1.npz,59.23034155491604,38.68074734536451
SpikeLoRA-TS-R2-corrected-v1,2026-07-20,1c553ec25a0e,WS,0,Wind Speed,date,15,96,1440,"[1,2,4,8,24]","[15,30,60,120,360]",10,"[""Temperature"",""Cloud Type"",""Dew Point"",""Relative Humidity"",""Pressure"",""Wind Direction"",""Wind Speed"",""cal_hour"",""cal_dayofweek"",""cal_month""]",6,3f0adac44d33e1dccaba3b871e9d7b872ff9529151a4a3028d672307d75cedd0,cuda,2.11.0+cu128,fullft,0.2,2,0.7632324301416373,9,22.782798054000523,430.50439453125,1794.2421875,75141,75141,0.2925291061401367,0.2866401672363281,1.0,0.7074275233732054,0.5465579636647221,36.429612798625406,0.6550001166839424,0.4907074765638876,32.9556748091607,0.6611991885376617,0.497718166177667,33.38902896235563,0.6764422095720866,0.5155028389905795,34.48966861404682,0.705104296133351,0.5521361268728633,36.77333314979116,0.8254167753531663,0.6767252097186132,44.54035845777273,0.05,5226,0.8555973525070235,2.03234742534688,0.8724346459692396,1.946253830819157,0.9851268529891968,0.8714346935860197,1.9639200266443728,0.994070291519165,0.8697204895005,2.000558203736644,1.0130850672721865,0.8721013285081662,2.103160521568704,1.0654709339141846,0.7922956049711919,2.14784454396552,1.0773779153823853,82.10229572401315,,0.1048975078134617,13.426881000123103,4196,20976,0.0400072463077201,366.7354705969992,/content/drive/MyDrive/SpikeLoRA_TS_R2_results/checkpoints/E2/E2_base_WS_seed0_1c553ec25a0e.pt,,,,[],False,/content/drive/MyDrive/SpikeLoRA_TS_R2_results/predictions/E2/WS_fullft_seed0_frac0.2_SpikeLoRA-TS-R2-corrected-v1.npz,,
SpikeLoRA-TS-R2-corrected-v1,2026-07-20,1c553ec25a0e,WS,0,Wind Speed,date,15,96,1440,"[1,2,4,8,24]","[15,30,60,120,360]",10,"[""Temperature"",""Cloud Type"",""Dew Point"",""Relative Humidity"",""Pressure"",""Wind Direction"",""Wind Speed"",""cal_hour"",""cal_dayofweek"",""cal_month""]",6,3f0adac44d33e1dccaba3b871e9d7b872ff9529151a4a3028d672307d75cedd0,cuda,2.11.0+cu128,lora,0.2,1,0.7155816891482631,8,16.013662705998286,432.96826171875,1794.2421875,76285,1144,0.2983770370483398,0.004364013671875,0.0149963950973323,0.5735067135281546,0.4470697527924899,31.49828020053136,0.5454640887665996,0.421411815430288,29.958961497334315,0.5497488154080158,0.4248443848802603,30.16916993619792,0.5584045221627815,0.4330094245767418,30.69948186851529,0.5740253310779893,0.4483014492328766,31.61764326427632,0.6351962130253859,0.5077816898422828,35.04614443633293,0.05,5226,0.903709347173944,1.8203558547412444,0.9134803104614068,1.7916679286450456,0.8962717652320862,0.9120041902766536,1.7943715686276098,0.8974391222000122,0.910766153992667,1.8176294752407245,0.9089570045471193,0.9038141040902814,1.8245442106033427,0.9122869968414308,0.878481977048712,1.8735660905895004,0.9368265867233276,82.10229572401315,,0.112495445310401,14.39941699973133,4196,20976,0.0400072463077201,366.7354705969992,/content/drive/MyDrive/SpikeLoRA_TS_R2_results/checkpoints/E2/E2_base_WS_seed0_1c553ec25a0e.pt,8.0,16.0,,"[""in_proj"",""head""]",True,/content/drive/MyDrive/SpikeLoRA_TS_R2_results/predictions/E2/WS_lora_seed0_frac0.2_SpikeLoRA-TS-R2-corrected-v1.npz,,
SpikeLoRA-TS-R2-corrected-v1,2026-07-20,1c553ec25a0e,WS,0,Wind Speed,date,15,96,1440,"[1,2,4,8,24]","[15,30,60,120,360]",10,"[""Temperature"",""Cloud Type"",""Dew Point"",""Relative Humidity"",""Pressure"",""Wind Direction"",""Wind Speed"",""cal_hour"",""cal_dayofweek"",""cal_month""]",6,3f0adac44d33e1dccaba3b871e9d7b872ff9529151a4a3028d672307d75cedd0,cuda,2.11.0+cu128,spikelora,0.2,9,0.7134171829363235,16,41.15348538100079,445.45654296875,1794.2421875,76285,1144,0.2984380722045898,0.004364013671875,0.0149963950973323,0.8024232162662635,0.6372646367531164,41.76142067348968,0.7502080594792228,0.5829618404572433,38.31674868745093,0.7618531860332102,0.5938484236675355,38.97442246391103,0.7809129023177931,0.6151330030666613,40.336294782012885,0.8168544991674213,0.6547346699181628,42.85713332706786,0.893927539917236,0.7396452466559793,48.322504107005706,0.05,5226,0.821875148802438,2.1736412025055403,0.8450549973810771,2.109687702567014,1.062621831893921,0.8432455597352507,2.139568475744655,1.0775842666625977,0.8359601923717919,2.169088483398843,1.092468023300171,0.8246273986953002,2.231009033079812,1.1249841451644895,0.76048759582877,2.2188523177373782,1.1138651371002195,82.10229572401315,53.50528840796486,0.1665000781173375,21.31200999901921,4196,20976,0.0400072463077201,366.7354705969992,/content/drive/MyDrive/SpikeLoRA_TS_R2_results/checkpoints/E2/E2_base_WS_seed0_1c553ec25a0e.pt,8.0,16.0,0.05,"[""in_proj"",""head""]",True,/content/drive/MyDrive/SpikeLoRA_TS_R2_results/predictions/E2/WS_spikelora_seed0_frac0.2_SpikeLoRA-TS-R2-corrected-v1.npz,53.31769373209411,71.51437729155755
SpikeLoRA-TS-R2-corrected-v1,2026-07-20,1c553ec25a0e,WS,0,Wind Speed,date,15,96,1440,"[1,2,4,8,24]","[15,30,60,120,360]",10,"[""Temperature"",""Cloud Type"",""Dew Point"",""Relative Humidity"",""Pressure"",""Wind Direction"",""Wind Speed"",""cal_hour"",""cal_dayofweek"",""cal_month""]",6,3f0adac44d33e1dccaba3b871e9d7b872ff9529151a4a3028d672307d75cedd0,cuda,2.11.0+cu128,fullft,0.5,3,0.7411661677282065,10,53.09937557300145,430.50439453125,1794.2421875,75141,75141,0.2925291061401367,0.2866401672363281,1.0,0.6555509411568687,0.5154805088229397,34.99120373480384,0.6157899858275565,0.4798187422165444,32.8119611970038,0.6206149666723573,0.4834682647997206,33.033655744147225,0.63071425603577,0.4919432981923264,33.53950632590211,0.6526769299505085,0.5143784819049589,34.92270246350779,0.748723774898776,0.6077937570011483,40.64819294345825,0.05,5226,0.8448931003285558,1.8585500899226737,0.8520070472834627,1.7776014967950364,0.8899228572845459,0.8515308794819294,1.7910872474607245,0.8966770172119141,0.850292843197943,1.818847399712472,0.9104658961296082,0.8507213942193229,1.887727106865188,0.9450340270996094,0.819913337460121,2.0174871987799485,1.0091965198516846,82.10229572401315,,0.1050537421903641,13.446879000366607,10488,20976,0.0999990465384578,366.7354705969992,/content/drive/MyDrive/SpikeLoRA_TS_R2_results/checkpoints/E2/E2_base_WS_seed0_1c553ec25a0e.pt,,,,[],False,/content/drive/MyDrive/SpikeLoRA_TS_R2_results/predictions/E2/WS_fullft_seed0_frac0.5_SpikeLoRA-TS-R2-corrected-v1.npz,,
SpikeLoRA-TS-R2-corrected-v1,2026-07-20,1c553ec25a0e,WS,0,Wind Speed,date,15,96,1440,"[1,2,4,8,24]","[15,30,60,120,360]",10,"[""Temperature"",""Cloud Type"",""Dew Point"",""Relative Humidity"",""Pressure"",""Wind Direction"",""Wind Speed"",""cal_hour"",""cal_dayofweek"",""cal_month""]",6,3f0adac44d33e1dccaba3b871e9d7b872ff9529151a4a3028d672307d75cedd0,cuda,2.11.0+cu128,lora,0.5,3,0.6643322297224723,10,39.65702394600157,432.96826171875,1794.2421875,76285,1144,0.2983770370483398,0.004364013671875,0.0149963950973323,0.6832387843965837,0.5475229112070337,37.26479380188896,0.6500664786357506,0.5158591288980101,35.20800056821993,0.6569921620791452,0.5223158404325441,35.59451349171378,0.6648627427627588,0.5296172251400962,36.07875786912263,0.6818779101105222,0.5483513791744701,37.33476572284604,0.7568692778998105,0.6214709823900482,42.10793135754239,0.05,5226,0.8568163420789486,1.972423340445399,0.8607685348316747,1.901002044422525,0.9513685703277588,0.8658159135279272,1.940330401334721,0.9710080623626708,0.8683872196562068,1.9872416896477445,0.9942606687545776,0.8446264463596972,1.933719607141664,0.9669888019561768,0.8444835960192372,2.0998229596803406,1.050366997718811,82.10229572401315,,0.135828769136026,17.386082449411333,10488,20976,0.0999990465384578,366.7354705969992,/content/drive/MyDrive/SpikeLoRA_TS_R2_results/checkpoints/E2/E2_base_WS_seed0_1c553ec25a0e.pt,8.0,16.0,,"[""in_proj"",""head""]",True,/content/drive/MyDrive/SpikeLoRA_TS_R2_results/predictions/E2/WS_lora_seed0_frac0.5_SpikeLoRA-TS-R2-corrected-v1.npz,,
SpikeLoRA-TS-R2-corrected-v1,2026-07-20,1c553ec25a0e,WS,0,Wind Speed,date,15,96,1440,"[1,2,4,8,24]","[15,30,60,120,360]",10,"[""Temperature"",""Cloud Type"",""Dew Point"",""Relative Humidity"",""Pressure"",""Wind Direction"",""Wind Speed"",""cal_hour"",""cal_dayofweek"",""cal_month""]",6,3f0adac44d33e1dccaba3b871e9d7b872ff9529151a4a3028d672307d75cedd0,cuda,2.11.0+cu128,spikelora,0.5,4,0.6441165865767837,11,54.71645589699983,445.45654296875,1794.2421875,76285,1144,0.2984380722045898,0.004364013671875,0.0149963950973323,0.6778725294168815,0.5409000819038535,36.877081552336406,0.6425918597830406,0.507866554425209,34.76054276702744,0.6480485985100568,0.5125061982609274,35.046117222373816,0.6566806275310683,0.5212968947728369,35.62870490814005,0.6727341194911738,0.5377888612353026,36.70066215489517,0.7621442804992806,0.6250419008249919,42.24938070924552,0.05,5226,0.8510737583924575,1.947378207526828,0.8600066663492215,1.8836540580902728,0.9437986612319946,0.8547212037522023,1.8864217200487443,0.944820761680603,0.8577210609018618,1.932827280042376,0.9677940011024476,0.8578639112423218,1.9928339911349573,0.997637152671814,0.8250559497166802,2.0411539883177867,1.02155864238739,82.10229572401315,53.25589475488894,0.146760594536488,18.78535610067047,10488,20976,0.0999990465384578,366.7354705969992,/content/drive/MyDrive/SpikeLoRA_TS_R2_results/checkpoints/E2/E2_base_WS_seed0_1c553ec25a0e.pt,8.0,16.0,0.05,"[""in_proj"",""head""]",True,/content/drive/MyDrive/SpikeLoRA_TS_R2_results/predictions/E2/WS_spikelora_seed0_frac0.5_SpikeLoRA-TS-R2-corrected-v1.npz,53.20459457907759,58.18071163277939
SpikeLoRA-TS-R2-corrected-v1,2026-07-20,1c553ec25a0e,WS,1,Wind Speed,date,15,96,1440,"[1,2,4,8,24]","[15,30,60,120,360]",10,"[""Temperature"",""Cloud Type"",""Dew Point"",""Relative Humidity"",""Pressure"",""Wind Direction"",""Wind Speed"",""cal_hour"",""cal_dayofweek"",""cal_month""]",6,3f0adac44d33e1dccaba3b871e9d7b872ff9529151a4a3028d672307d75cedd0,cuda,2.11.0+cu128,fullft,0.1,1,0.7628529659186202,8,12.96030111300206,430.50439453125,1794.2421875,75141,75141,0.2925291061401367,0.2866401672363281,1.0,0.691738885827972,0.534902145311291,35.94032303770255,0.661902660890446,0.5007854690807648,33.94347309319204,0.6708049214148997,0.5078676202190382,34.29500812069139,0.6813115934442753,0.5175936963863472,34.827464337965075,0.7076125319881276,0.5451895557785652,36.337334153244925,0.7345189398212223,0.6030743850917397,40.298335483419336,0.05,5226,0.8757202037998191,2.064206195477616,0.8839579067663444,2.003846614186318,1.002118706703186,0.8822437026808247,2.019107182896323,1.0097275972366333,0.8801485643540784,2.0424003406403366,1.02140474319458,0.8803390314746917,2.134461121913121,1.0676959156990051,0.851911813723156,2.1212157177519817,1.0608354210853577,82.10229572401315,,0.1063791472674324,13.616530850231356,2098,20976,0.02000362315386,322.87632226200003,/content/drive/MyDrive/SpikeLoRA_TS_R2_results/checkpoints/E2/E2_base_WS_seed1_1c553ec25a0e.pt,,,,[],False,/content/drive/MyDrive/SpikeLoRA_TS_R2_results/predictions/E2/WS_fullft_seed1_frac0.1_SpikeLoRA-TS-R2-corrected-v1.npz,,
SpikeLoRA-TS-R2-corrected-v1,2026-07-20,1c553ec25a0e,WS,1,Wind Speed,date,15,96,1440,"[1,2,4,8,24]","[15,30,60,120,360]",10,"[""Temperature"",""Cloud Type"",""Dew Point"",""Relative Humidity"",""Pressure"",""Wind Direction"",""Wind Speed"",""cal_hour"",""cal_dayofweek"",""cal_month""]",6,3f0adac44d33e1dccaba3b871e9d7b872ff9529151a4a3028d672307d75cedd0,cuda,2.11.0+cu128,lora,0.1,1,0.7142205576398479,8,11.29754241199771,432.96826171875,1794.2421875,76285,1144,0.2983770370483398,0.004364013671875,0.0149963950973323,0.5871116556037437,0.4439614415361758,31.114244876490734,0.5817633586266934,0.4402212324633348,30.945849556484507,0.5819584697995684,0.4384755061260945,30.885848539131665,0.5841523763783302,0.4388733708196058,30.95563351263766,0.589671670839329,0.4408898834960584,30.993806014364942,0.5978541097106235,0.4613472147757856,31.79008675983488,0.05,5226,0.9129470025236892,1.990843532236524,0.91309937622018,1.9596078611971008,0.9808751344680786,0.9114804056949668,1.957160951018271,0.9795987606048584,0.91181372315604,1.978636846256384,0.9905238151550292,0.9112899385743536,1.9996899779305777,1.0016160011291504,0.917051568972906,2.0591220247802844,1.0350136756896973,82.10229572401315,,0.1119356210907085,14.327759499610693,2098,20976,0.02000362315386,322.87632226200003,/content/drive/MyDrive/SpikeLoRA_TS_R2_results/checkpoints/E2/E2_base_WS_seed1_1c553ec25a0e.pt,8.0,16.0,,"[""in_proj"",""head""]",True,/content/drive/MyDrive/SpikeLoRA_TS_R2_results/predictions/E2/WS_lora_seed1_frac0.1_SpikeLoRA-TS-R2-corrected-v1.npz,,
SpikeLoRA-TS-R2-corrected-v1,2026-07-20,1c553ec25a0e,WS,1,Wind Speed,date,15,96,1440,"[1,2,4,8,24]","[15,30,60,120,360]",10,"[""Temperature"",""Cloud Type"",""Dew Point"",""Relative Humidity"",""Pressure"",""Wind Direction"",""Wind Speed"",""cal_hour"",""cal_dayofweek"",""cal_month""]",6,3f0adac44d33e1dccaba3b871e9d7b872ff9529151a4a3028d672307d75cedd0,cuda,2.11.0+cu128,spikelora,0.1,1,0.7264086283398368,8,14.882852429000195,445.45654296875,1794.2421875,76285,1144,0.2984380722045898,0.004364013671875,0.0149963950973323,0.5861849187391406,0.4400892731002567,30.454755925341264,0.5825816148954566,0.434861105584819,30.070011445513888,0.5865548369682969,0.4377813047071019,30.26845958232673,0.5900137668568269,0.4414754170564508,30.54910505409249,0.5967129584839966,0.4505816792841213,31.149945672495555,0.5748332628664199,0.4357468588687903,30.236257872277665,0.05,5226,0.9178420075234512,2.037679726453879,0.9108613875529736,1.9764795075069808,0.9941493272781372,0.9137183943621732,2.02090939658465,1.0171048641204834,0.9155278320079996,2.0419376329475174,1.0272215604782104,0.9206704442645588,2.1049617111844667,1.058120846748352,0.928431979429551,2.04411038404578,1.0289880633354187,82.10229572401315,66.14810960155555,0.1804331386736635,23.09544175022893,2098,20976,0.02000362315386,322.87632226200003,/content/drive/MyDrive/SpikeLoRA_TS_R2_results/checkpoints/E2/E2_base_WS_seed1_1c553ec25a0e.pt,8.0,16.0,0.05,"[""in_proj"",""head""]",True,/content/drive/MyDrive/SpikeLoRA_TS_R2_results/predictions/E2/WS_spikelora_seed1_frac0.1_SpikeLoRA-TS-R2-corrected-v1.npz,66.35713279526372,46.08188300557117
SpikeLoRA-TS-R2-corrected-v1,2026-07-20,1c553ec25a0e,WS,1,Wind Speed,date,15,96,1440,"[1,2,4,8,24]","[15,30,60,120,360]",10,"[""Temperature"",""Cloud Type"",""Dew Point"",""Relative Humidity"",""Pressure"",""Wind Direction"",""Wind Speed"",""cal_hour"",""cal_dayofweek"",""cal_month""]",6,3f0adac44d33e1dccaba3b871e9d7b872ff9529151a4a3028d672307d75cedd0,cuda,2.11.0+cu128,fullft,0.2,9,0.8040542543116904,16,40.850181245001295,430.50439453125,1794.2421875,75141,75141,0.2925291061401367,0.2866401672363281,1.0,0.7820920316544264,0.5973850328963937,38.94761947165103,0.7329323692115983,0.5431672265873506,35.58286686880452,0.738940534922953,0.5502265662325262,36.01706968475779,0.7467076337456859,0.5635871096518112,36.9740971331024,0.7656214508538539,0.5928284394775685,38.96863811853326,0.9117939797973847,0.7371158225327116,47.19542555305718,0.05,5226,0.8682824627398695,2.295659136412842,0.8800057140136184,2.190285420478523,1.119456768035889,0.8767201561830389,2.2005212384742485,1.124902367591858,0.8771963239845721,2.2520807355899173,1.1555393934249878,0.8774820246654921,2.334526075248996,1.2039674520492554,0.830008094852626,2.500882212272525,1.2884898781776428,82.10229572401315,,0.10442931836252,13.36695275040256,4196,20976,0.0400072463077201,322.87632226200003,/content/drive/MyDrive/SpikeLoRA_TS_R2_results/checkpoints/E2/E2_base_WS_seed1_1c553ec25a0e.pt,,,,[],False,/content/drive/MyDrive/SpikeLoRA_TS_R2_results/predictions/E2/WS_fullft_seed1_frac0.2_SpikeLoRA-TS-R2-corrected-v1.npz,,
SpikeLoRA-TS-R2-corrected-v1,2026-07-20,1c553ec25a0e,WS,1,Wind Speed,date,15,96,1440,"[1,2,4,8,24]","[15,30,60,120,360]",10,"[""Temperature"",""Cloud Type"",""Dew Point"",""Relative Humidity"",""Pressure"",""Wind Direction"",""Wind Speed"",""cal_hour"",""cal_dayofweek"",""cal_month""]",6,3f0adac44d33e1dccaba3b871e9d7b872ff9529151a4a3028d672307d75cedd0,cuda,2.11.0+cu128,lora,0.2,1,0.8257711121418263,8,16.190222074001213,432.96826171875,1794.2421875,76285,1144,0.2983770370483398,0.004364013671875,0.0149963950973323,0.6441037849283877,0.4909375498268832,33.47510191429352,0.6126749200551991,0.4625860153138708,31.869445002477264,0.6167891349230356,0.4654484363426668,32.052949407751576,0.6261169487595546,0.471911293720326,32.379162037863466,0.6450813355459891,0.4852618099218277,33.00512803900364,0.714420514247632,0.5694801938357248,38.06882508437163,0.05,5226,0.8867672967953907,1.9966957985194007,0.8949573829817628,1.926383901023279,0.9635885953903198,0.8940050473786962,1.937166420827394,0.9689420461654664,0.8959573353649826,1.99172259249816,0.996314823627472,0.8938621970382363,2.066422927771845,1.034160852432251,0.8550545212132755,2.061783150476329,1.034205198287964,82.10229572401315,,0.1553991597674553,19.89109245023428,4196,20976,0.0400072463077201,322.87632226200003,/content/drive/MyDrive/SpikeLoRA_TS_R2_results/checkpoints/E2/E2_base_WS_seed1_1c553ec25a0e.pt,8.0,16.0,,"[""in_proj"",""head""]",True,/content/drive/MyDrive/SpikeLoRA_TS_R2_results/predictions/E2/WS_lora_seed1_frac0.2_SpikeLoRA-TS-R2-corrected-v1.npz,,
SpikeLoRA-TS-R2-corrected-v1,2026-07-20,1c553ec25a0e,WS,1,Wind Speed,date,15,96,1440,"[1,2,4,8,24]","[15,30,60,120,360]",10,"[""Temperature"",""Cloud Type"",""Dew Point"",""Relative Humidity"",""Pressure"",""Wind Direction"",""Wind Speed"",""cal_hour"",""cal_dayofweek"",""cal_month""]",6,3f0adac44d33e1dccaba3b871e9d7b872ff9529151a4a3028d672307d75cedd0,cuda,2.11.0+cu128,spikelora,0.2,2,0.6779843147030016,9,23.79229576200305,445.45654296875,1794.2421875,76285,1144,0.2984380722045898,0.004364013671875,0.0149963950973323,0.5916926372527906,0.4588762248387183,32.090965100942924,0.5690496675262737,0.4361298538850526,30.717024187813,0.5712807768100875,0.437464904883925,30.80286878854639,0.5782220380870989,0.4433854809176791,31.15028846419743,0.5931866548868954,0.457890182048115,32.03015543398651,0.643514181635346,0.5195107024588203,35.75448863017133,0.05,5226,0.9028522451311842,1.9030452663759625,0.9020522832246084,1.8274350959308647,0.9151909351348876,0.904909290033808,1.8524315390386592,0.9280738830566406,0.9041474215513547,1.868012196838524,0.9362064003944396,0.9065758773391744,1.9369609271831203,0.9718198776245116,0.8965763535069758,2.0303865728886445,1.0159776210784912,82.10229572401315,65.79389997138084,0.2187994156273021,28.00632520029467,4196,20976,0.0400072463077201,322.87632226200003,/content/drive/MyDrive/SpikeLoRA_TS_R2_results/checkpoints/E2/E2_base_WS_seed1_1c553ec25a0e.pt,8.0,16.0,0.05,"[""in_proj"",""head""]",True,/content/drive/MyDrive/SpikeLoRA_TS_R2_results/predictions/E2/WS_spikelora_seed1_frac0.2_SpikeLoRA-TS-R2-corrected-v1.npz,65.83405115009404,61.939386814913576
SpikeLoRA-TS-R2-corrected-v1,2026-07-20,1c553ec25a0e,WS,1,Wind Speed,date,15,96,1440,"[1,2,4,8,24]","[15,30,60,120,360]",10,"[""Temperature"",""Cloud Type"",""Dew Point"",""Relative Humidity"",""Pressure"",""Wind Direction"",""Wind Speed"",""cal_hour"",""cal_dayofweek"",""cal_month""]",6,3f0adac44d33e1dccaba3b871e9d7b872ff9529151a4a3028d672307d75cedd0,cuda,2.11.0+cu128,fullft,0.5,1,0.619005450926838,8,42.55392347299858,430.50439453125,1794.2421875,75141,75141,0.2925291061401367,0.2866401672363281,1.0,0.6370578053149007,0.4954481030888719,33.83846147980204,0.6022267148938136,0.464878625440845,31.871609752113816,0.6107676346537697,0.4701793257619454,32.209110937764954,0.6218499979868197,0.4779568985640267,32.68903718837726,0.6433497997363608,0.4969288517075444,33.909160269222205,0.7020703184680372,0.5672968139699979,38.51338925153202,0.05,5226,0.8500452359411457,1.8223693693174043,0.8380553306985382,1.6597483096806858,0.8319205045700073,0.8445788295795438,1.716413118034242,0.8600976467132568,0.8506261606590162,1.7954205438004387,0.8998542428016663,0.8540069520499024,1.8799164871631149,0.9414445161819458,0.8629589067187277,2.0603483879085407,1.0307129621505735,82.10229572401315,,0.1082459804692348,13.85548550006206,10488,20976,0.0999990465384578,322.87632226200003,/content/drive/MyDrive/SpikeLoRA_TS_R2_results/checkpoints/E2/E2_base_WS_seed1_1c553ec25a0e.pt,,,,[],False,/content/drive/MyDrive/SpikeLoRA_TS_R2_results/predictions/E2/WS_fullft_seed1_frac0.5_SpikeLoRA-TS-R2-corrected-v1.npz,,
SpikeLoRA-TS-R2-corrected-v1,2026-07-20,1c553ec25a0e,WS,1,Wind Speed,date,15,96,1440,"[1,2,4,8,24]","[15,30,60,120,360]",10,"[""Temperature"",""Cloud Type"",""Dew Point"",""Relative Humidity"",""Pressure"",""Wind Direction"",""Wind Speed"",""cal_hour"",""cal_dayofweek"",""cal_month""]",6,3f0adac44d33e1dccaba3b871e9d7b872ff9529151a4a3028d672307d75cedd0,cuda,2.11.0+cu128,lora,0.5,1,0.663240293935483,8,31.772523152001668,432.96826171875,1794.2421875,76285,1144,0.2983770370483398,0.004364013671875,0.0149963950973323,0.625587729840095,0.4900791936826436,33.84602109145815,0.581223818950116,0.4482942635709572,31.110661810544265,0.5880068257513921,0.4553389369626879,31.59986203227764,0.5991421783866561,0.4680825997707895,32.53022601726673,0.6207510176153281,0.4913536056547663,34.19016721562842,0.7272714128816421,0.5873265624540169,39.799188381573686,0.05,5226,0.874272653683158,1.862161952318745,0.8821008523403647,1.7813143257975357,0.8960208892822266,0.8801961811342317,1.7946120266499763,0.9024346470832824,0.8774344078853388,1.815211263993065,0.9120707511901855,0.8794819294319318,1.857869689702749,0.932298183441162,0.8521498976239227,2.061802455450397,1.0329318046569824,82.10229572401315,,0.1149565328134372,14.714436200119962,10488,20976,0.0999990465384578,322.87632226200003,/content/drive/MyDrive/SpikeLoRA_TS_R2_results/checkpoints/E2/E2_base_WS_seed1_1c553ec25a0e.pt,8.0,16.0,,"[""in_proj"",""head""]",True,/content/drive/MyDrive/SpikeLoRA_TS_R2_results/predictions/E2/WS_lora_seed1_frac0.5_SpikeLoRA-TS-R2-corrected-v1.npz,,
SpikeLoRA-TS-R2-corrected-v1,2026-07-20,1c553ec25a0e,WS,1,Wind Speed,date,15,96,1440,"[1,2,4,8,24]","[15,30,60,120,360]",10,"[""Temperature"",""Cloud Type"",""Dew Point"",""Relative Humidity"",""Pressure"",""Wind Direction"",""Wind Speed"",""cal_hour"",""cal_dayofweek"",""cal_month""]",6,3f0adac44d33e1dccaba3b871e9d7b872ff9529151a4a3028d672307d75cedd0,cuda,2.11.0+cu128,spikelora,0.5,1,0.645413555852125,8,40.24570959000266,445.45654296875,1794.2421875,76285,1144,0.2984380722045898,0.004364013671875,0.0149963950973323,0.59679381802828,0.4667828407056456,32.30382035581367,0.5695161212365648,0.4427218964926249,30.654868547635733,0.5740737401000527,0.4460510579718106,30.88144598562582,0.57969573447949,0.4504578636065079,31.20145929065024,0.5892318399435373,0.4599685344938539,31.99450576114496,0.6660808727069804,0.5347148509634306,36.78682219401156,0.05,5226,0.8811770868053902,1.7903518321150729,0.8843388410075711,1.7357240532853535,0.8687081336975098,0.8826246369220513,1.7392449278438904,0.8704636096954346,0.8809104328365316,1.752390729260498,0.8770710825920105,0.8859578115327842,1.8024510822462567,0.902201533317566,0.8720537117280129,1.921948367939365,0.9615403413772584,82.10229572401315,58.8439961990028,0.1589781835960479,20.349207500294145,10488,20976,0.0999990465384578,322.87632226200003,/content/drive/MyDrive/SpikeLoRA_TS_R2_results/checkpoints/E2/E2_base_WS_seed1_1c553ec25a0e.pt,8.0,16.0,0.05,"[""in_proj"",""head""]",True,/content/drive/MyDrive/SpikeLoRA_TS_R2_results/predictions/E2/WS_spikelora_seed1_frac0.5_SpikeLoRA-TS-R2-corrected-v1.npz,58.930972750057535,50.49424729774773
SpikeLoRA-TS-R2-corrected-v1,2026-07-20,1c553ec25a0e,WS,2,Wind Speed,date,15,96,1440,"[1,2,4,8,24]","[15,30,60,120,360]",10,"[""Temperature"",""Cloud Type"",""Dew Point"",""Relative Humidity"",""Pressure"",""Wind Direction"",""Wind Speed"",""cal_hour"",""cal_dayofweek"",""cal_month""]",6,3f0adac44d33e1dccaba3b871e9d7b872ff9529151a4a3028d672307d75cedd0,cuda,2.11.0+cu128,fullft,0.1,2,0.7415558011012656,9,14.614938658000028,430.50439453125,1794.2421875,75141,75141,0.2925291061401367,0.2866401672363281,1.0,0.6945743886287989,0.5500563463116424,37.118074818385175,0.6505500600817328,0.5044626546617883,34.35999521597653,0.6606332847880548,0.5136308109304473,34.90682262718309,0.6778861001616556,0.5290838212667434,35.80912466419317,0.7027941591943814,0.5572639591841123,37.57254460447907,0.7739941821893968,0.6458404855151204,42.94188698009401,0.05,5226,0.8682157992476549,2.0893801855834333,0.8818627684395981,2.027217607547326,1.014204740524292,0.8788152945097852,2.054603263427119,1.0279464721679688,0.875863054140279,2.094463141445523,1.047874093055725,0.8725298795295462,2.134185774301576,1.067684292793274,0.8320079996190658,2.136431141195624,1.0684539079666138,82.10229572401315,,0.104863828126156,13.42257000014797,2098,20976,0.02000362315386,345.13405306999994,/content/drive/MyDrive/SpikeLoRA_TS_R2_results/checkpoints/E2/E2_base_WS_seed2_1c553ec25a0e.pt,,,,[],False,/content/drive/MyDrive/SpikeLoRA_TS_R2_results/predictions/E2/WS_fullft_seed2_frac0.1_SpikeLoRA-TS-R2-corrected-v1.npz,,
SpikeLoRA-TS-R2-corrected-v1,2026-07-20,1c553ec25a0e,WS,2,Wind Speed,date,15,96,1440,"[1,2,4,8,24]","[15,30,60,120,360]",10,"[""Temperature"",""Cloud Type"",""Dew Point"",""Relative Humidity"",""Pressure"",""Wind Direction"",""Wind Speed"",""cal_hour"",""cal_dayofweek"",""cal_month""]",6,3f0adac44d33e1dccaba3b871e9d7b872ff9529151a4a3028d672307d75cedd0,cuda,2.11.0+cu128,lora,0.1,1,0.6489548757301634,8,11.278320728997642,432.96826171875,1794.2421875,76285,1144,0.2983770370483398,0.004364013671875,0.0149963950973323,0.600240694429102,0.4644152219786734,32.38054284880772,0.5896154410846043,0.4504226982340938,31.40511760890108,0.5935468534289199,0.4545305678290552,31.72452752257441,0.5996478743393202,0.4615657555279882,32.23283730911108,0.6106013962536199,0.4753989705692716,33.162281745848816,0.6075266104100739,0.4801581177329581,33.37795005760321,0.05,5226,0.8991190895671635,1.9175587362331703,0.9060520927574878,1.9254555973028729,0.9640884399414062,0.904195038331508,1.927222225959628,0.964725375175476,0.8989095757344888,1.9232392407310537,0.9620510339736938,0.8893862197038236,1.9048100304906688,0.9524235129356384,0.8970525213085091,1.9070665866816288,0.9536380767822266,82.10229572401315,,0.111380213280654,14.25666729992372,2098,20976,0.02000362315386,345.13405306999994,/content/drive/MyDrive/SpikeLoRA_TS_R2_results/checkpoints/E2/E2_base_WS_seed2_1c553ec25a0e.pt,8.0,16.0,,"[""in_proj"",""head""]",True,/content/drive/MyDrive/SpikeLoRA_TS_R2_results/predictions/E2/WS_lora_seed2_frac0.1_SpikeLoRA-TS-R2-corrected-v1.npz,,
SpikeLoRA-TS-R2-corrected-v1,2026-07-20,1c553ec25a0e,WS,2,Wind Speed,date,15,96,1440,"[1,2,4,8,24]","[15,30,60,120,360]",10,"[""Temperature"",""Cloud Type"",""Dew Point"",""Relative Humidity"",""Pressure"",""Wind Direction"",""Wind Speed"",""cal_hour"",""cal_dayofweek"",""cal_month""]",6,3f0adac44d33e1dccaba3b871e9d7b872ff9529151a4a3028d672307d75cedd0,cuda,2.11.0+cu128,spikelora,0.1,1,0.6776102300443916,8,14.394195159999072,445.45654296875,1794.2421875,76285,1144,0.2984380722045898,0.004364013671875,0.0149963950973323,0.5353029568640297,0.4112880392038483,29.087272805915653,0.5121245338735848,0.3929048686854913,27.95163461554353,0.5155326679595469,0.3959395408369258,28.1779967012158,0.5245480118183026,0.4036242186662714,28.6611070711076,0.5421516429701349,0.4188989971508373,29.58804912143989,0.5793287387402692,0.4450725706797158,31.05757652027145,0.05,5226,0.9220799009570972,1.8357971777575828,0.9324794057425836,1.8331795142671108,0.9174700975418092,0.9319556211608973,1.843001472788773,0.9223090410232544,0.9291462311318508,1.8545623906373605,0.9278231859207152,0.9189562401790392,1.828971309954993,0.9145876169204712,0.8978620065711157,1.8192712011396768,0.9096481204032898,82.10229572401315,75.56775416806367,0.197228917190273,25.245301400354947,2098,20976,0.02000362315386,345.13405306999994,/content/drive/MyDrive/SpikeLoRA_TS_R2_results/checkpoints/E2/E2_base_WS_seed2_1c553ec25a0e.pt,8.0,16.0,0.05,"[""in_proj"",""head""]",True,/content/drive/MyDrive/SpikeLoRA_TS_R2_results/predictions/E2/WS_spikelora_seed2_frac0.1_SpikeLoRA-TS-R2-corrected-v1.npz,75.95862018103304,38.04461692300367
SpikeLoRA-TS-R2-corrected-v1,2026-07-20,1c553ec25a0e,WS,2,Wind Speed,date,15,96,1440,"[1,2,4,8,24]","[15,30,60,120,360]",10,"[""Temperature"",""Cloud Type"",""Dew Point"",""Relative Humidity"",""Pressure"",""Wind Direction"",""Wind Speed"",""cal_hour"",""cal_dayofweek"",""cal_month""]",6,3f0adac44d33e1dccaba3b871e9d7b872ff9529151a4a3028d672307d75cedd0,cuda,2.11.0+cu128,fullft,0.2,1,0.8188757097132581,8,20.16786732699984,430.50439453125,1794.2421875,75141,75141,0.2925291061401367,0.2866401672363281,1.0,0.5922387805657781,0.4695341932461958,32.510887082087834,0.545771692013572,0.4250584583096058,29.681600832535548,0.5513678910205251,0.4308613515525742,30.072118886982924,0.5674229012452779,0.447349353563978,31.10900460080812,0.6011162906634988,0.4841101233870987,33.44210816801212,0.6845078752065364,0.5602916794177221,38.24960292210046,0.05,5226,0.9183753154611684,1.9880630040008689,0.9235274510737584,1.8890722382154348,0.9480195045471193,0.9251464215989714,1.9139670583045083,0.9605175256729126,0.9237179181943715,1.9551123471057084,0.9810936450958252,0.9241940859959048,2.0468968660409925,1.0275179743766785,0.8952907004428361,2.1352665103377007,1.0694831609725952,82.10229572401315,,0.1044783374965163,13.373227199554094,4196,20976,0.0400072463077201,345.13405306999994,/content/drive/MyDrive/SpikeLoRA_TS_R2_results/checkpoints/E2/E2_base_WS_seed2_1c553ec25a0e.pt,,,,[],False,/content/drive/MyDrive/SpikeLoRA_TS_R2_results/predictions/E2/WS_fullft_seed2_frac0.2_SpikeLoRA-TS-R2-corrected-v1.npz,,
SpikeLoRA-TS-R2-corrected-v1,2026-07-20,1c553ec25a0e,WS,2,Wind Speed,date,15,96,1440,"[1,2,4,8,24]","[15,30,60,120,360]",10,"[""Temperature"",""Cloud Type"",""Dew Point"",""Relative Humidity"",""Pressure"",""Wind Direction"",""Wind Speed"",""cal_hour"",""cal_dayofweek"",""cal_month""]",6,3f0adac44d33e1dccaba3b871e9d7b872ff9529151a4a3028d672307d75cedd0,cuda,2.11.0+cu128,lora,0.2,7,0.7874690342738717,14,28.53937264199704,432.96826171875,1794.2421875,76285,1144,0.2983770370483398,0.004364013671875,0.0149963950973323,0.8460039733837575,0.6592604306514908,42.2578434684955,0.8229108750253246,0.626268602690182,40.0402928842508,0.8297560230061575,0.6297182338469699,40.18667660473673,0.8402894552388495,0.6404130666359601,40.81229332202336,0.8505472771822967,0.6583260942297853,42.07592065922257,0.8851097161639148,0.7415761558545566,48.17403387224408,0.05,5226,0.8357792486072092,2.360420696247556,0.8523879815246893,2.331491661139326,1.1761146783828735,0.8496738250559497,2.3485686300334563,1.1845971941947937,0.8511023284605495,2.420722644105763,1.2232653498649595,0.8437693443169373,2.409310977173206,1.2157334685325625,0.7819627636779201,2.292009568786026,1.151535153388977,82.10229572401315,,0.1132881328118173,14.500880999912624,4196,20976,0.0400072463077201,345.13405306999994,/content/drive/MyDrive/SpikeLoRA_TS_R2_results/checkpoints/E2/E2_base_WS_seed2_1c553ec25a0e.pt,8.0,16.0,,"[""in_proj"",""head""]",True,/content/drive/MyDrive/SpikeLoRA_TS_R2_results/predictions/E2/WS_lora_seed2_frac0.2_SpikeLoRA-TS-R2-corrected-v1.npz,,
SpikeLoRA-TS-R2-corrected-v1,2026-07-20,1c553ec25a0e,WS,2,Wind Speed,date,15,96,1440,"[1,2,4,8,24]","[15,30,60,120,360]",10,"[""Temperature"",""Cloud Type"",""Dew Point"",""Relative Humidity"",""Pressure"",""Wind Direction"",""Wind Speed"",""cal_hour"",""cal_dayofweek"",""cal_month""]",6,3f0adac44d33e1dccaba3b871e9d7b872ff9529151a4a3028d672307d75cedd0,cuda,2.11.0+cu128,spikelora,0.2,2,0.7457776372340553,9,23.918998995999573,445.45654296875,1794.2421875,76285,1144,0.2984380722045898,0.004364013671875,0.0149963950973323,0.5946376034769918,0.4745870906241445,33.073348380631344,0.5814710641973658,0.4618494424369924,32.26199865091324,0.5845575547163008,0.4648393814685566,32.44991721962495,0.589414376183786,0.469438524965638,32.69139369021851,0.6003092912913097,0.4821025228722879,33.47548095592228,0.6167436355624482,0.4947055813772474,34.48795138647773,0.05,5226,0.9325651159468596,2.065708412716976,0.940098090567116,2.0886920966152283,1.0450997352600098,0.939812389886196,2.09114498098398,1.0462870001792908,0.9372410837579164,2.091182349877757,1.0460873246192932,0.9338126755868768,2.0824063089108344,1.0414549112319946,0.9118613399361936,1.975116327197079,0.9886987209320068,82.10229572401315,63.68015136858971,0.1552619871091565,19.87353434997204,4196,20976,0.0400072463077201,345.13405306999994,/content/drive/MyDrive/SpikeLoRA_TS_R2_results/checkpoints/E2/E2_base_WS_seed2_1c553ec25a0e.pt,8.0,16.0,0.05,"[""in_proj"",""head""]",True,/content/drive/MyDrive/SpikeLoRA_TS_R2_results/predictions/E2/WS_spikelora_seed2_frac0.2_SpikeLoRA-TS-R2-corrected-v1.npz,63.96041300240663,36.77503452216561
SpikeLoRA-TS-R2-corrected-v1,2026-07-20,1c553ec25a0e,WS,2,Wind Speed,date,15,96,1440,"[1,2,4,8,24]","[15,30,60,120,360]",10,"[""Temperature"",""Cloud Type"",""Dew Point"",""Relative Humidity"",""Pressure"",""Wind Direction"",""Wind Speed"",""cal_hour"",""cal_dayofweek"",""cal_month""]",6,3f0adac44d33e1dccaba3b871e9d7b872ff9529151a4a3028d672307d75cedd0,cuda,2.11.0+cu128,fullft,0.5,1,0.663990827228117,8,42.54429188600261,430.50439453125,1794.2421875,75141,75141,0.2925291061401367,0.2866401672363281,1.0,0.5908705567146542,0.4664134768138448,32.23436203102708,0.5519982728911905,0.4291274860458007,29.783279093368936,0.5549225615853947,0.4325371776062627,30.052980337492208,0.5662957991161064,0.4431993094525288,30.74801063963504,0.5944703828910519,0.473599499367253,32.75063730011789,0.6774311500801318,0.5536039115973788,37.836902784521314,0.05,5226,0.8929384315032618,1.858707174474436,0.9003380791390886,1.7795634003492953,0.8931200504302979,0.9002904623589353,1.7926996268605535,0.8993229866027832,0.9056235417361078,1.863401995494896,0.9348289370536804,0.8956716346840626,1.901251746509128,0.9526447057724,0.8627684395981143,1.956619103158305,0.9783881902694702,82.10229572401315,,0.1071372019495697,13.71356184954493,10488,20976,0.0999990465384578,345.13405306999994,/content/drive/MyDrive/SpikeLoRA_TS_R2_results/checkpoints/E2/E2_base_WS_seed2_1c553ec25a0e.pt,,,,[],False,/content/drive/MyDrive/SpikeLoRA_TS_R2_results/predictions/E2/WS_fullft_seed2_frac0.5_SpikeLoRA-TS-R2-corrected-v1.npz,,
SpikeLoRA-TS-R2-corrected-v1,2026-07-20,1c553ec25a0e,WS,2,Wind Speed,date,15,96,1440,"[1,2,4,8,24]","[15,30,60,120,360]",10,"[""Temperature"",""Cloud Type"",""Dew Point"",""Relative Humidity"",""Pressure"",""Wind Direction"",""Wind Speed"",""cal_hour"",""cal_dayofweek"",""cal_month""]",6,3f0adac44d33e1dccaba3b871e9d7b872ff9529151a4a3028d672307d75cedd0,cuda,2.11.0+cu128,lora,0.5,2,0.678082082185351,9,36.04942967999887,432.96826171875,1794.2421875,76285,1144,0.2983770370483398,0.004364013671875,0.0149963950973323,0.707823912545506,0.565272111312803,38.05777484960248,0.6702156495001651,0.5266835591144933,35.577135650168266,0.6733170910795118,0.5302870951149101,35.833882877847785,0.6831365004350358,0.5408666156160338,36.51688751221911,0.7002673079862793,0.5626581513531452,38.04207016167107,0.8034169235337639,0.6658651353654326,44.318898046106135,0.05,5226,0.8575210704252179,2.0708830065275623,0.865054045045474,1.9894425086444696,0.9968727231025696,0.862863673158421,1.9902545763426671,0.9970883131027222,0.8634826913004142,2.032362590250041,1.017961859703064,0.8700061901814199,2.116637942220624,1.0612531900405884,0.82619875244036,2.225717415180009,1.1160783767700195,82.10229572401315,,0.1136382781226075,14.545699599693762,10488,20976,0.0999990465384578,345.13405306999994,/content/drive/MyDrive/SpikeLoRA_TS_R2_results/checkpoints/E2/E2_base_WS_seed2_1c553ec25a0e.pt,8.0,16.0,,"[""in_proj"",""head""]",True,/content/drive/MyDrive/SpikeLoRA_TS_R2_results/predictions/E2/WS_lora_seed2_frac0.5_SpikeLoRA-TS-R2-corrected-v1.npz,,
SpikeLoRA-TS-R2-corrected-v1,2026-07-20,1c553ec25a0e,WS,2,Wind Speed,date,15,96,1440,"[1,2,4,8,24]","[15,30,60,120,360]",10,"[""Temperature"",""Cloud Type"",""Dew Point"",""Relative Humidity"",""Pressure"",""Wind Direction"",""Wind Speed"",""cal_hour"",""cal_dayofweek"",""cal_month""]",6,3f0adac44d33e1dccaba3b871e9d7b872ff9529151a4a3028d672307d75cedd0,cuda,2.11.0+cu128,spikelora,0.5,4,0.6063793622302316,11,55.09744162100105,445.45654296875,1794.2421875,76285,1144,0.2984380722045898,0.004364013671875,0.0149963950973323,0.7076638975266123,0.5643935759614396,38.25873105509499,0.6735195960715606,0.5317412855329868,35.89725554551945,0.6753507408720295,0.5338079851415349,36.07615268771472,0.6845402958537772,0.5437797671028287,36.715293044637534,0.7036207657347509,0.5646571281677053,38.383604410897895,0.794063027223436,0.6479817138621423,44.22134958670535,0.05,5226,0.8201895147850102,1.920809030540784,0.8278177229655731,1.8638053329341395,0.9364426136016846,0.8223417932479405,1.851912436979248,0.9301767349243164,0.8209609066234941,1.8839258073903309,0.945858359336853,0.8171991809913813,1.925025064853491,0.967771291732788,0.8126279700966621,2.0793765105467106,1.0498135089874268,82.10229572401315,48.62970902956511,0.1562399707026429,19.998716249938298,10488,20976,0.0999990465384578,345.13405306999994,/content/drive/MyDrive/SpikeLoRA_TS_R2_results/checkpoints/E2/E2_base_WS_seed2_1c553ec25a0e.pt,8.0,16.0,0.05,"[""in_proj"",""head""]",True,/content/drive/MyDrive/SpikeLoRA_TS_R2_results/predictions/E2/WS_spikelora_seed2_frac0.5_SpikeLoRA-TS-R2-corrected-v1.npz,48.46252283497413,64.67958371029951
SpikeLoRA-TS-R2-corrected-v1,2026-07-20,1c553ec25a0e,WP,0,LV ActivePower (kW),date,10,96,960,"[1,2,4,8,24]","[10,20,40,80,240]",6,"[""Wind Speed (m/s)"",""Wind Direction (\u00b0)"",""LV ActivePower (kW)"",""cal_hour"",""cal_dayofweek"",""cal_month""]",2,768521f386057b400c9eb5e5d45c124a0c4b5129e0f13d8ff4350099d14e5870,cuda,2.11.0+cu128,fullft,0.1,1,0.4870179790460162,8,6.201045141999202,430.12646484375,1794.5703125,74885,74885,0.2915525436401367,0.2856636047363281,1.0,1017.3255511444212,719.2888623382697,84.11771803746718,968.5560228016792,674.2669804551656,81.57895290152084,980.6618300892446,684.9047839063833,82.3487540021395,996.1702991210296,695.5540469812008,82.88845108583881,1018.7460447328708,722.0461165960479,83.79684429313278,1115.6877799130714,819.6723837525512,89.97558790470396,0.05,2393,0.9432412865859964,3416.5050038235822,0.9406350191333126,3288.831050704339,2006.9364013671875,0.9393939393939394,3297.9693624472984,2022.3741455078125,0.9411521356913848,3351.02146526719,2070.807861328125,0.9463233012721068,3495.218284620348,2187.9224853515625,0.9487020374392388,3649.484856078736,2377.1474609375,73.54850050562509,,0.1044246394513948,13.366353849778534,965,9644,0.0200116129567417,168.37151196800187,/content/drive/MyDrive/SpikeLoRA_TS_R2_results/checkpoints/E2/E2_base_WP_seed0_1c553ec25a0e.pt,,,,[],False,/content/drive/MyDrive/SpikeLoRA_TS_R2_results/predictions/E2/WP_fullft_seed0_frac0.1_SpikeLoRA-TS-R2-corrected-v1.npz,,
SpikeLoRA-TS-R2-corrected-v1,2026-07-20,1c553ec25a0e,WP,0,LV ActivePower (kW),date,10,96,960,"[1,2,4,8,24]","[10,20,40,80,240]",6,"[""Wind Speed (m/s)"",""Wind Direction (\u00b0)"",""LV ActivePower (kW)"",""cal_hour"",""cal_dayofweek"",""cal_month""]",2,768521f386057b400c9eb5e5d45c124a0c4b5129e0f13d8ff4350099d14e5870,cuda,2.11.0+cu128,lora,0.1,2,0.4434086840072039,9,5.553864893998252,432.59228515625,1785.0703125,75997,1112,0.2972784042358398,0.004241943359375,0.0146321565324947,1000.14196315123,725.2859271059067,84.00382837184952,960.3610544423304,678.7594625386423,82.04142382771403,966.4703996867088,685.7007705731086,82.48801984651158,985.285180076486,702.4870632422945,83.227510199202,998.8460135656568,725.0765851263744,83.91306468626921,1084.7032308541593,834.4057540491135,88.3491232995508,0.05,2393,0.9347605750336124,3245.0330313402933,0.9331885406970732,3129.516650723923,1826.6451416015625,0.9334988106319164,3154.301403020799,1842.9752197265625,0.9342227738132176,3238.102823672293,1898.9427490234373,0.934843313682904,3262.232231333456,1913.8796997070312,0.9380494363429516,3441.0120479509965,2068.665405273437,73.54850050562509,,0.1118788816441451,14.32049685045058,965,9644,0.0200116129567417,168.37151196800187,/content/drive/MyDrive/SpikeLoRA_TS_R2_results/checkpoints/E2/E2_base_WP_seed0_1c553ec25a0e.pt,8.0,16.0,,"[""in_proj"",""head""]",True,/content/drive/MyDrive/SpikeLoRA_TS_R2_results/predictions/E2/WP_lora_seed0_frac0.1_SpikeLoRA-TS-R2-corrected-v1.npz,,
SpikeLoRA-TS-R2-corrected-v1,2026-07-20,1c553ec25a0e,WP,0,LV ActivePower (kW),date,10,96,960,"[1,2,4,8,24]","[10,20,40,80,240]",6,"[""Wind Speed (m/s)"",""Wind Direction (\u00b0)"",""LV ActivePower (kW)"",""cal_hour"",""cal_dayofweek"",""cal_month""]",2,768521f386057b400c9eb5e5d45c124a0c4b5129e0f13d8ff4350099d14e5870,cuda,2.11.0+cu128,spikelora,0.1,2,0.462398577025382,9,8.129937104997225,445.08056640625,1785.0703125,75997,1112,0.2973394393920898,0.004241943359375,0.0146321565324947,1001.3226118903978,724.7263713587722,84.20565177542105,955.7297619639118,676.2302671869041,82.32271208748455,964.6431627877848,687.0239881357099,82.73536903423482,980.0172102340266,698.9182300036986,83.36423692999155,1002.27160525304,723.5309596079953,84.20574179273756,1097.4046441248709,837.9284118595532,88.4001990326567,0.05,2393,0.9354224842279448,3178.873781046688,0.9303961112834832,2995.143548936851,1752.4554443359375,0.9360843934222772,3086.061504941998,1815.6558837890625,0.9337056572551452,3118.097455255025,1839.6800537109373,0.9344296204364464,3196.2594941829943,1899.314453125,0.9424966387423726,3498.806901916573,2174.766357421875,73.54850050562509,70.10708111159802,0.1638939113249193,20.97842064958968,965,9644,0.0200116129567417,168.37151196800187,/content/drive/MyDrive/SpikeLoRA_TS_R2_results/checkpoints/E2/E2_base_WP_seed0_1c553ec25a0e.pt,8.0,16.0,0.05,"[""in_proj"",""head""]",True,/content/drive/MyDrive/SpikeLoRA_TS_R2_results/predictions/E2/WP_spikelora_seed0_frac0.1_SpikeLoRA-TS-R2-corrected-v1.npz,69.95921108482435,84.3026036818699
SpikeLoRA-TS-R2-corrected-v1,2026-07-20,1c553ec25a0e,WP,0,LV ActivePower (kW),date,10,96,960,"[1,2,4,8,24]","[10,20,40,80,240]",6,"[""Wind Speed (m/s)"",""Wind Direction (\u00b0)"",""LV ActivePower (kW)"",""cal_hour"",""cal_dayofweek"",""cal_month""]",2,768521f386057b400c9eb5e5d45c124a0c4b5129e0f13d8ff4350099d14e5870,cuda,2.11.0+cu128,fullft,0.2,3,0.4636075242612833,10,12.005412294998678,430.12646484375,1785.24609375,74885,74885,0.2915525436401367,0.2856636047363281,1.0,1015.9716100688428,733.9048995278887,84.06351147546529,975.7000418527338,688.5179212260289,82.53267661153322,983.664726524504,697.2589845656362,82.81876539210818,996.70265000066,708.1071227023663,83.17484260603861,1019.7606754520838,733.2903812545349,83.93127432418281,1099.1254199283185,842.3500878908775,87.85999844346367,0.05,2393,0.959871755093598,3800.543908844168,0.9523218533457442,3629.595260135636,2239.4051513671875,0.956045092563864,3733.831337681304,2320.53271484375,0.9536663563967318,3691.013865983083,2295.6085205078125,0.9654566139207778,3921.107884508733,2472.30859375,0.9718688592408729,4027.1711959120826,2582.727294921875,73.54850050562509,,0.1035552632814074,13.255073700020148,1929,9644,0.0400024884907303,168.37151196800187,/content/drive/MyDrive/SpikeLoRA_TS_R2_results/checkpoints/E2/E2_base_WP_seed0_1c553ec25a0e.pt,,,,[],False,/content/drive/MyDrive/SpikeLoRA_TS_R2_results/predictions/E2/WP_fullft_seed0_frac0.2_SpikeLoRA-TS-R2-corrected-v1.npz,,
SpikeLoRA-TS-R2-corrected-v1,2026-07-20,1c553ec25a0e,WP,0,LV ActivePower (kW),date,10,96,960,"[1,2,4,8,24]","[10,20,40,80,240]",6,"[""Wind Speed (m/s)"",""Wind Direction (\u00b0)"",""LV ActivePower (kW)"",""cal_hour"",""cal_dayofweek"",""cal_month""]",2,768521f386057b400c9eb5e5d45c124a0c4b5129e0f13d8ff4350099d14e5870,cuda,2.11.0+cu128,lora,0.2,2,0.4465331247646939,9,8.989686483000696,432.59228515625,1785.24609375,75997,1112,0.2972784042358398,0.004241943359375,0.0146321565324947,1014.196203924804,796.4646189570587,84.08342036357733,980.2265137020784,756.8182429669623,83.18193074167819,987.613147676436,765.3709502930799,83.29699413252533,997.1494784388516,767.0433623885674,83.32292537432426,1012.6480420857292,792.0903797471199,83.84962169640431,1089.4874084442602,901.000159389564,86.76562987295455,0.05,2393,0.9389802461474815,3374.283797570431,0.935257006929362,3262.433618766271,1868.669189453125,0.933395387320302,3282.1976766165144,1881.429626464844,0.9364980866687352,3355.2774011996803,1935.6737060546875,0.9386699762126384,3379.506881191511,1949.3739013671875,0.9510807736063708,3592.0034100781777,2086.63232421875,73.54850050562509,,0.1158605214897079,14.830146750682616,1929,9644,0.0400024884907303,168.37151196800187,/content/drive/MyDrive/SpikeLoRA_TS_R2_results/checkpoints/E2/E2_base_WP_seed0_1c553ec25a0e.pt,8.0,16.0,,"[""in_proj"",""head""]",True,/content/drive/MyDrive/SpikeLoRA_TS_R2_results/predictions/E2/WP_lora_seed0_frac0.2_SpikeLoRA-TS-R2-corrected-v1.npz,,
SpikeLoRA-TS-R2-corrected-v1,2026-07-20,1c553ec25a0e,WP,0,LV ActivePower (kW),date,10,96,960,"[1,2,4,8,24]","[10,20,40,80,240]",6,"[""Wind Speed (m/s)"",""Wind Direction (\u00b0)"",""LV ActivePower (kW)"",""cal_hour"",""cal_dayofweek"",""cal_month""]",2,768521f386057b400c9eb5e5d45c124a0c4b5129e0f13d8ff4350099d14e5870,cuda,2.11.0+cu128,spikelora,0.2,5,0.4441464904756462,12,14.703190816999268,445.08056640625,1785.24609375,75997,1112,0.2973394393920898,0.004241943359375,0.0146321565324947,1020.600381028508,784.4770209864483,84.15214959509285,980.0170253736997,743.1421199415497,83.25524557522412,988.7064474378676,753.4667666446387,83.54575382851645,1002.2453833348944,759.4769077788268,83.64366633504383,1020.682110759428,783.1126742440402,83.91167536417579,1106.2839146935676,883.1866363231861,86.404406872504,0.05,2393,0.9389802461474815,3415.7020783995163,0.937635743096494,3305.9760169142564,1931.1822509765625,0.9389802461474815,3358.942086764533,1962.6376953125,0.9356707001758195,3342.738233325819,1944.9464111328125,0.9399110559520116,3455.720143879097,2013.4266357421875,0.9427034853656014,3615.133911113875,2115.0947265625,73.54850050562509,39.0043410468998,0.1603179289091372,20.520694900369563,1929,9644,0.0400024884907303,168.37151196800187,/content/drive/MyDrive/SpikeLoRA_TS_R2_results/checkpoints/E2/E2_base_WP_seed0_1c553ec25a0e.pt,8.0,16.0,0.05,"[""in_proj"",""head""]",True,/content/drive/MyDrive/SpikeLoRA_TS_R2_results/predictions/E2/WP_spikelora_seed0_frac0.2_SpikeLoRA-TS-R2-corrected-v1.npz,38.71839024039456,66.45561847140345
SpikeLoRA-TS-R2-corrected-v1,2026-07-20,1c553ec25a0e,WP,0,LV ActivePower (kW),date,10,96,960,"[1,2,4,8,24]","[10,20,40,80,240]",6,"[""Wind Speed (m/s)"",""Wind Direction (\u00b0)"",""LV ActivePower (kW)"",""cal_hour"",""cal_dayofweek"",""cal_month""]",2,768521f386057b400c9eb5e5d45c124a0c4b5129e0f13d8ff4350099d14e5870,cuda,2.11.0+cu128,fullft,0.5,1,0.4124536222361442,8,19.836971977001667,430.12646484375,1785.41015625,74885,74885,0.2915525436401367,0.2856636047363281,1.0,1017.860531565736,731.381746011486,82.72410148002595,971.3498016930038,680.2872339766081,81.20627413546362,978.3805736949838,687.4846234772837,81.67318637322421,994.8473676013645,704.6064541815035,81.73243741267852,1019.5928432332196,731.7485323345812,82.57253899520055,1118.1057524080115,852.7818860874537,86.43607048356289,0.05,2393,0.9438618264556832,3491.794456663259,0.9417726755610716,3338.700851284196,1951.606689453125,0.9427034853656014,3369.420420817992,1971.225646972656,0.9405315958216982,3400.8908838297148,1984.4678955078125,0.9440479884165892,3516.3032956850766,2055.860107421875,0.9502533871134554,3833.656831699316,2262.4227294921875,73.54850050562509,,0.1043309206963272,13.354357849129885,4822,9644,0.0999958525154493,168.37151196800187,/content/drive/MyDrive/SpikeLoRA_TS_R2_results/checkpoints/E2/E2_base_WP_seed0_1c553ec25a0e.pt,,,,[],False,/content/drive/MyDrive/SpikeLoRA_TS_R2_results/predictions/E2/WP_fullft_seed0_frac0.5_SpikeLoRA-TS-R2-corrected-v1.npz,,
SpikeLoRA-TS-R2-corrected-v1,2026-07-20,1c553ec25a0e,WP,0,LV ActivePower (kW),date,10,96,960,"[1,2,4,8,24]","[10,20,40,80,240]",6,"[""Wind Speed (m/s)"",""Wind Direction (\u00b0)"",""LV ActivePower (kW)"",""cal_hour"",""cal_dayofweek"",""cal_month""]",2,768521f386057b400c9eb5e5d45c124a0c4b5129e0f13d8ff4350099d14e5870,cuda,2.11.0+cu128,lora,0.5,13,0.424870292960078,20,36.81842210499963,432.59228515625,1785.41015625,75997,1112,0.2972784042358398,0.004241943359375,0.0146321565324947,1030.504477965597,749.946425693128,84.0268069394723,987.9345350043392,705.0520263318377,82.76436051553763,995.4440485591596,712.3996230742963,82.76874183435837,1010.3610029074514,727.6096228902251,83.30322231237987,1022.153384653638,742.7171479676007,85.55299873122905,1130.109286004946,861.9537082016807,85.74471130385648,0.05,2393,0.9274382045713104,3253.603708880901,0.9264660254421346,3079.05336914315,1800.2669677734375,0.9269831420002068,3117.506565858985,1813.499267578125,0.922535939600786,3137.2930884215784,1818.51953125,0.9299824180370256,3271.0291806437112,1928.87939453125,0.9312234977763988,3663.136340337081,2109.763671875,73.54850050562509,,0.1162137375033012,14.875358400422556,4822,9644,0.0999958525154493,168.37151196800187,/content/drive/MyDrive/SpikeLoRA_TS_R2_results/checkpoints/E2/E2_base_WP_seed0_1c553ec25a0e.pt,8.0,16.0,,"[""in_proj"",""head""]",True,/content/drive/MyDrive/SpikeLoRA_TS_R2_results/predictions/E2/WP_lora_seed0_frac0.5_SpikeLoRA-TS-R2-corrected-v1.npz,,
SpikeLoRA-TS-R2-corrected-v1,2026-07-20,1c553ec25a0e,WP,0,LV ActivePower (kW),date,10,96,960,"[1,2,4,8,24]","[10,20,40,80,240]",6,"[""Wind Speed (m/s)"",""Wind Direction (\u00b0)"",""LV ActivePower (kW)"",""cal_hour"",""cal_dayofweek"",""cal_month""]",2,768521f386057b400c9eb5e5d45c124a0c4b5129e0f13d8ff4350099d14e5870,cuda,2.11.0+cu128,spikelora,0.5,18,0.4118913833037909,25,57.63330017100088,445.08056640625,1785.41015625,75997,1112,0.2973394393920898,0.004241943359375,0.0146321565324947,1020.7568994470842,727.8404693562485,83.12999726418764,972.8727870655562,671.3002320914052,81.46711951851596,986.7192822827174,687.5288301002944,82.09326526070386,1001.27191736692,702.4842324331364,82.59715679161233,1026.0669989631688,732.8241366312341,83.66393735231115,1110.976101513434,845.0649155251723,85.82850739779491,0.05,2393,0.9327127934636468,3318.6499715952014,0.9298789947254112,3119.3486567872155,1831.9232177734373,0.929361878167339,3160.22048562926,1844.4415283203125,0.930809804529941,3256.1399338805377,1906.724365234375,0.934843313682904,3384.0512567232727,1980.3563232421875,0.9386699762126384,3673.489524955722,2136.700439453125,73.54850050562509,45.96832341215896,0.1614747503921876,20.66876805020001,4822,9644,0.0999958525154493,168.37151196800187,/content/drive/MyDrive/SpikeLoRA_TS_R2_results/checkpoints/E2/E2_base_WP_seed0_1c553ec25a0e.pt,8.0,16.0,0.05,"[""in_proj"",""head""]",True,/content/drive/MyDrive/SpikeLoRA_TS_R2_results/predictions/E2/WP_spikelora_seed0_frac0.5_SpikeLoRA-TS-R2-corrected-v1.npz,45.620968780165136,79.31436808356604
SpikeLoRA-TS-R2-corrected-v1,2026-07-20,1c553ec25a0e,WP,1,LV ActivePower (kW),date,10,96,960,"[1,2,4,8,24]","[10,20,40,80,240]",6,"[""Wind Speed (m/s)"",""Wind Direction (\u00b0)"",""LV ActivePower (kW)"",""cal_hour"",""cal_dayofweek"",""cal_month""]",2,768521f386057b400c9eb5e5d45c124a0c4b5129e0f13d8ff4350099d14e5870,cuda,2.11.0+cu128,fullft,0.1,1,0.4498741596850001,8,6.166512701998727,430.12646484375,1785.41015625,74885,74885,0.2915525436401367,0.2856636047363281,1.0,966.4800179174774,695.3974398879776,84.02273315872155,915.1993827213588,650.4965911464393,81.08402785387224,923.9617219839464,656.8815126449643,81.99448886564883,940.3063911588252,668.6539524988547,83.21695603720165,966.2284230609762,695.3095016266446,84.54422304974163,1077.6592580953911,805.645641522985,89.27396998714343,0.05,2393,0.9554659220188232,3520.340181333941,0.9547005895128762,3438.041871695302,2107.754211425781,0.9545971662012618,3444.4592073373283,2115.901123046875,0.9544937428896472,3479.3982785333706,2153.8746337890625,0.9559416692522494,3535.3834537257944,2197.84912109375,0.9575964422380804,3704.4180953779073,2372.228759765625,73.54850050562509,,0.1039118281227047,13.300713999706204,965,9644,0.0200116129567417,138.91516377800144,/content/drive/MyDrive/SpikeLoRA_TS_R2_results/checkpoints/E2/E2_base_WP_seed1_1c553ec25a0e.pt,,,,[],False,/content/drive/MyDrive/SpikeLoRA_TS_R2_results/predictions/E2/WP_fullft_seed1_frac0.1_SpikeLoRA-TS-R2-corrected-v1.npz,,
SpikeLoRA-TS-R2-corrected-v1,2026-07-20,1c553ec25a0e,WP,1,LV ActivePower (kW),date,10,96,960,"[1,2,4,8,24]","[10,20,40,80,240]",6,"[""Wind Speed (m/s)"",""Wind Direction (\u00b0)"",""LV ActivePower (kW)"",""cal_hour"",""cal_dayofweek"",""cal_month""]",2,768521f386057b400c9eb5e5d45c124a0c4b5129e0f13d8ff4350099d14e5870,cuda,2.11.0+cu128,lora,0.1,2,0.4267961093684992,9,5.743472271999053,432.59228515625,1785.41015625,75997,1112,0.2972784042358398,0.004241943359375,0.0146321565324947,952.045174545676,703.1587899310942,84.0519037966018,902.2057326497628,663.1368617397983,81.61726611457797,907.6385562031088,664.421020514125,82.0209029971583,922.299037497121,673.8913978784183,82.98499075092364,945.9674725917558,697.105487302314,83.6498629355421,1071.7635771830574,817.2391822208157,89.98649618480701,0.05,2393,0.958609990691902,3496.2747295945,0.9559416692522494,3413.8572538121184,2076.552124023437,0.9537697797083464,3367.410035221243,2041.615173339844,0.9581135587961528,3458.006386219056,2125.1680908203125,0.9619402213258867,3535.6053692593496,2187.817749023437,0.9632847243768744,3706.494603460732,2368.127319335937,73.54850050562509,,0.1431014496120042,18.31698555033654,965,9644,0.0200116129567417,138.91516377800144,/content/drive/MyDrive/SpikeLoRA_TS_R2_results/checkpoints/E2/E2_base_WP_seed1_1c553ec25a0e.pt,8.0,16.0,,"[""in_proj"",""head""]",True,/content/drive/MyDrive/SpikeLoRA_TS_R2_results/predictions/E2/WP_lora_seed1_frac0.1_SpikeLoRA-TS-R2-corrected-v1.npz,,
SpikeLoRA-TS-R2-corrected-v1,2026-07-20,1c553ec25a0e,WP,1,LV ActivePower (kW),date,10,96,960,"[1,2,4,8,24]","[10,20,40,80,240]",6,"[""Wind Speed (m/s)"",""Wind Direction (\u00b0)"",""LV ActivePower (kW)"",""cal_hour"",""cal_dayofweek"",""cal_month""]",2,768521f386057b400c9eb5e5d45c124a0c4b5129e0f13d8ff4350099d14e5870,cuda,2.11.0+cu128,spikelora,0.1,3,0.4854372447372928,10,7.809390369999164,445.08056640625,1785.41015625,75997,1112,0.2973394393920898,0.004241943359375,0.0146321565324947,987.38517182276,719.4653319782253,85.25463715314037,938.5493173372982,677.2450915715455,83.08384026882763,943.7125566009604,681.4819972612013,83.53362885428082,958.7667737389614,688.7121261421509,84.47421385829408,985.8567723766332,716.6083156243637,85.14998953943332,1100.9231921664598,833.2791292918654,90.03151324486599,0.05,2393,0.9660357844658186,3754.7297999248767,0.9648360740510912,3655.041884496967,2331.968994140625,0.96597373047885,3686.3909145903226,2358.8543701171875,0.9656634605440066,3709.324865518133,2385.7713623046875,0.9634915710001034,3724.661757752153,2389.9862060546875,0.970214086255042,3998.229577266809,2619.4715576171875,73.54850050562509,57.27191827852431,0.1922402960929048,24.60675789989181,965,9644,0.0200116129567417,138.91516377800144,/content/drive/MyDrive/SpikeLoRA_TS_R2_results/checkpoints/E2/E2_base_WP_seed1_1c553ec25a0e.pt,8.0,16.0,0.05,"[""in_proj"",""head""]",True,/content/drive/MyDrive/SpikeLoRA_TS_R2_results/predictions/E2/WP_spikelora_seed1_frac0.1_SpikeLoRA-TS-R2-corrected-v1.npz,57.3206315905428,52.5954403247492
SpikeLoRA-TS-R2-corrected-v1,2026-07-20,1c553ec25a0e,WP,1,LV ActivePower (kW),date,10,96,960,"[1,2,4,8,24]","[10,20,40,80,240]",6,"[""Wind Speed (m/s)"",""Wind Direction (\u00b0)"",""LV ActivePower (kW)"",""cal_hour"",""cal_dayofweek"",""cal_month""]",2,768521f386057b400c9eb5e5d45c124a0c4b5129e0f13d8ff4350099d14e5870,cuda,2.11.0+cu128,fullft,0.2,1,0.4546787762711649,8,9.622641667003336,430.12646484375,1785.41015625,74885,74885,0.2915525436401367,0.2856636047363281,1.0,963.2153635508056,722.3119194445017,83.2009758329883,913.5259996841456,678.3642823995239,81.50582066262547,919.1296909772844,682.6638371641874,81.86683404491647,935.5239240277784,692.7045678574589,82.51115929543947,964.43288034173,722.0503493516247,83.27036311905218,1074.3622521543002,835.7765604497137,86.85070204290794,0.05,2393,0.9538938876822836,3456.821431665976,0.952528699968973,3360.6811023048954,2047.1585693359373,0.9526321232805874,3369.777111091736,2051.9189453125,0.9526321232805874,3368.1989535825774,2058.5546875,0.9557348226290204,3500.503187178974,2155.620056152344,0.9559416692522494,3684.946804171696,2295.59423828125,73.54850050562509,,0.1090432421904097,13.957535000372443,1929,9644,0.0400024884907303,138.91516377800144,/content/drive/MyDrive/SpikeLoRA_TS_R2_results/checkpoints/E2/E2_base_WP_seed1_1c553ec25a0e.pt,,,,[],False,/content/drive/MyDrive/SpikeLoRA_TS_R2_results/predictions/E2/WP_fullft_seed1_frac0.2_SpikeLoRA-TS-R2-corrected-v1.npz,,
SpikeLoRA-TS-R2-corrected-v1,2026-07-20,1c553ec25a0e,WP,1,LV ActivePower (kW),date,10,96,960,"[1,2,4,8,24]","[10,20,40,80,240]",6,"[""Wind Speed (m/s)"",""Wind Direction (\u00b0)"",""LV ActivePower (kW)"",""cal_hour"",""cal_dayofweek"",""cal_month""]",2,768521f386057b400c9eb5e5d45c124a0c4b5129e0f13d8ff4350099d14e5870,cuda,2.11.0+cu128,lora,0.2,3,0.4279027376720908,10,9.891902212999412,432.59228515625,1785.41015625,75997,1112,0.2972784042358398,0.004241943359375,0.0146321565324947,994.6785254736116,775.150833003318,84.03832579434997,954.1117852696696,741.0707224752088,83.00413334476305,959.5813834356924,744.0715035598223,83.20881291543508,968.9969699901376,751.2022284163427,83.51206393124995,985.791397571884,765.3908737424068,83.86758087176686,1097.7528444910358,874.0188368228096,86.59903790853494,0.05,2393,0.956748371082842,3646.504315586388,0.9557348226290204,3546.3989202452244,2094.69189453125,0.958423828730996,3596.388696821834,2128.48388671875,0.9534595097735028,3542.152482346328,2090.072021484375,0.9573895956148516,3644.586328411586,2164.5037231445312,0.9587340986658393,3902.9951501069686,2339.6090087890625,73.54850050562509,,0.1137702457000955,14.562591449612228,1929,9644,0.0400024884907303,138.91516377800144,/content/drive/MyDrive/SpikeLoRA_TS_R2_results/checkpoints/E2/E2_base_WP_seed1_1c553ec25a0e.pt,8.0,16.0,,"[""in_proj"",""head""]",True,/content/drive/MyDrive/SpikeLoRA_TS_R2_results/predictions/E2/WP_lora_seed1_frac0.2_SpikeLoRA-TS-R2-corrected-v1.npz,,
SpikeLoRA-TS-R2-corrected-v1,2026-07-20,1c553ec25a0e,WP,1,LV ActivePower (kW),date,10,96,960,"[1,2,4,8,24]","[10,20,40,80,240]",6,"[""Wind Speed (m/s)"",""Wind Direction (\u00b0)"",""LV ActivePower (kW)"",""cal_hour"",""cal_dayofweek"",""cal_month""]",2,768521f386057b400c9eb5e5d45c124a0c4b5129e0f13d8ff4350099d14e5870,cuda,2.11.0+cu128,spikelora,0.2,2,0.4355853043288005,9,11.849910828001155,445.08056640625,1785.41015625,75997,1112,0.2973394393920898,0.004241943359375,0.0146321565324947,962.0787170801392,700.7572219948054,84.79756677954158,913.5483885442492,650.3912653736127,83.08892993929,920.90437947798,659.104701110922,83.76657306152292,936.449963448724,671.5329545530295,84.45118733437191,959.3040870814935,697.4902534449355,84.83077190338811,1071.512430821473,825.2669354915274,87.85037165913498,0.05,2393,0.93875271486193,3202.247358539332,0.9394973627055538,3097.703296503171,1885.4841918945312,0.9398076326403972,3107.578431854895,1888.824951171875,0.9389802461474815,3154.230673008516,1921.2950439453125,0.935980970110663,3188.2810571796585,1928.1267700195312,0.9394973627055538,3463.4433341504177,2112.541015625,73.54850050562509,79.77322906237706,0.1611283886745695,20.624433750344902,1929,9644,0.0400024884907303,138.91516377800144,/content/drive/MyDrive/SpikeLoRA_TS_R2_results/checkpoints/E2/E2_base_WP_seed1_1c553ec25a0e.pt,8.0,16.0,0.05,"[""in_proj"",""head""]",True,/content/drive/MyDrive/SpikeLoRA_TS_R2_results/predictions/E2/WP_spikelora_seed1_frac0.2_SpikeLoRA-TS-R2-corrected-v1.npz,79.88476178702554,69.06608749612163
SpikeLoRA-TS-R2-corrected-v1,2026-07-20,1c553ec25a0e,WP,1,LV ActivePower (kW),date,10,96,960,"[1,2,4,8,24]","[10,20,40,80,240]",6,"[""Wind Speed (m/s)"",""Wind Direction (\u00b0)"",""LV ActivePower (kW)"",""cal_hour"",""cal_dayofweek"",""cal_month""]",2,768521f386057b400c9eb5e5d45c124a0c4b5129e0f13d8ff4350099d14e5870,cuda,2.11.0+cu128,fullft,0.5,3,0.4264288942932435,10,24.64809890199831,430.12646484375,1785.41015625,74885,74885,0.2915525436401367,0.2856636047363281,1.0,982.2856903176852,712.724020134822,84.59466052774299,930.6773020012116,659.2630818116775,82.55416788445311,938.5839613049424,671.5745705811582,83.274990139994,959.5588616744562,688.5145716338237,83.80375462890576,982.883370697168,713.9048662965849,84.92453335737076,1091.1062573023391,830.3630103508656,88.41585662799133,0.05,2393,0.9319474609577,3238.355275655698,0.9328782707622298,3106.187160187762,1858.62548828125,0.931740614334471,3099.422495186372,1848.2669677734373,0.928637914986038,3128.39386419994,1856.547790527344,0.929361878167339,3209.808538566492,1905.7880859375,0.9371186265384216,3647.964320137922,2169.123779296875,73.54850050562509,,0.1045029582016354,13.37637864980934,4822,9644,0.0999958525154493,138.91516377800144,/content/drive/MyDrive/SpikeLoRA_TS_R2_results/checkpoints/E2/E2_base_WP_seed1_1c553ec25a0e.pt,,,,[],False,/content/drive/MyDrive/SpikeLoRA_TS_R2_results/predictions/E2/WP_fullft_seed1_frac0.5_SpikeLoRA-TS-R2-corrected-v1.npz,,
SpikeLoRA-TS-R2-corrected-v1,2026-07-20,1c553ec25a0e,WP,1,LV ActivePower (kW),date,10,96,960,"[1,2,4,8,24]","[10,20,40,80,240]",6,"[""Wind Speed (m/s)"",""Wind Direction (\u00b0)"",""LV ActivePower (kW)"",""cal_hour"",""cal_dayofweek"",""cal_month""]",2,768521f386057b400c9eb5e5d45c124a0c4b5129e0f13d8ff4350099d14e5870,cuda,2.11.0+cu128,lora,0.5,9,0.4099627335202081,16,29.31063273700056,432.59228515625,1785.41015625,75997,1112,0.2972784042358398,0.004241943359375,0.0146321565324947,983.9235854720546,706.764114787352,82.81352887760211,942.7071444322146,664.5580952046934,80.96445059571924,949.0195699574538,669.0304836486633,81.21385142249619,966.994388755958,680.8561997136972,82.3877817837716,983.9853278486644,702.3031831087008,83.05198520743348,1071.3953204154827,817.0726122610052,86.44957537859005,0.05,2393,0.931533767711242,3246.8131762081744,0.9295687247905678,3112.551652003079,1844.5443115234373,0.930809804529941,3158.686351416708,1874.889404296875,0.92915503154411,3196.94072751558,1903.5753173828125,0.9296721481021822,3218.388842961549,1912.539306640625,0.9384631295894096,3547.498307143955,2102.354248046875,73.54850050562509,,0.1471702996070689,18.837798349704823,4822,9644,0.0999958525154493,138.91516377800144,/content/drive/MyDrive/SpikeLoRA_TS_R2_results/checkpoints/E2/E2_base_WP_seed1_1c553ec25a0e.pt,8.0,16.0,,"[""in_proj"",""head""]",True,/content/drive/MyDrive/SpikeLoRA_TS_R2_results/predictions/E2/WP_lora_seed1_frac0.5_SpikeLoRA-TS-R2-corrected-v1.npz,,
SpikeLoRA-TS-R2-corrected-v1,2026-07-20,1c553ec25a0e,WP,1,LV ActivePower (kW),date,10,96,960,"[1,2,4,8,24]","[10,20,40,80,240]",6,"[""Wind Speed (m/s)"",""Wind Direction (\u00b0)"",""LV ActivePower (kW)"",""cal_hour"",""cal_dayofweek"",""cal_month""]",2,768521f386057b400c9eb5e5d45c124a0c4b5129e0f13d8ff4350099d14e5870,cuda,2.11.0+cu128,spikelora,0.5,2,0.4328215688628927,9,20.856022249998205,445.08056640625,1785.41015625,75997,1112,0.2973394393920898,0.004241943359375,0.0146321565324947,1004.926458277094,744.9909928925763,84.04299714936617,950.3029451097028,695.5689281337768,82.10346419409201,963.2908349069812,704.6891079597974,82.67533513888615,982.1623783582884,716.6634439169923,83.30844795897421,1004.97787223813,741.5998090759208,84.41070596545971,1115.2387867519976,866.4336753763941,87.71703248941887,0.05,2393,0.9307270658806496,3162.7858400583737,0.9319474609577,3041.936123903097,1771.9283447265625,0.9297755714137966,3050.124381757865,1771.4356689453125,0.928431068362809,3099.0307269371065,1808.050048828125,0.935774123487434,3206.5622615027123,1875.773193359375,0.927707105181508,3416.275706191087,1999.289794921875,73.54850050562509,64.72207517275424,0.1573712546829142,20.143520599413023,4822,9644,0.0999958525154493,138.91516377800144,/content/drive/MyDrive/SpikeLoRA_TS_R2_results/checkpoints/E2/E2_base_WP_seed1_1c553ec25a0e.pt,8.0,16.0,0.05,"[""in_proj"",""head""]",True,/content/drive/MyDrive/SpikeLoRA_TS_R2_results/predictions/E2/WP_spikelora_seed1_frac0.5_SpikeLoRA-TS-R2-corrected-v1.npz,64.54272150364567,81.94002740717758
SpikeLoRA-TS-R2-corrected-v1,2026-07-20,1c553ec25a0e,WP,2,LV ActivePower (kW),date,10,96,960,"[1,2,4,8,24]","[10,20,40,80,240]",6,"[""Wind Speed (m/s)"",""Wind Direction (\u00b0)"",""LV ActivePower (kW)"",""cal_hour"",""cal_dayofweek"",""cal_month""]",2,768521f386057b400c9eb5e5d45c124a0c4b5129e0f13d8ff4350099d14e5870,cuda,2.11.0+cu128,fullft,0.1,1,0.4175921747288941,8,6.156875259999652,430.12646484375,1785.41015625,74885,74885,0.2915525436401367,0.2856636047363281,1.0,1083.956609669459,783.9799937968738,84.50091239715857,1042.0439159852683,743.1389284701046,82.39291254368432,1044.7994157606606,747.7081400016826,82.75711377440929,1072.8251933604863,770.0685580974898,83.65524747150295,1093.3048246383255,791.7792208666934,84.76900037579448,1162.359230672001,867.2051215483984,88.93028782040176,0.05,2393,0.9343882511118006,3358.312920846524,0.9307063812183266,3176.2990739384263,1868.1014404296875,0.9325680008273864,3223.0196220294583,1901.73583984375,0.9316371910228566,3276.447568869169,1948.64013671875,0.9389802461474815,3454.041100634872,2085.2769775390625,0.9380494363429516,3661.757238760694,2293.400451660156,73.54850050562509,,0.1042269613307667,13.341051050338136,965,9644,0.0200116129567417,138.8067261819997,/content/drive/MyDrive/SpikeLoRA_TS_R2_results/checkpoints/E2/E2_base_WP_seed2_1c553ec25a0e.pt,,,,[],False,/content/drive/MyDrive/SpikeLoRA_TS_R2_results/predictions/E2/WP_fullft_seed2_frac0.1_SpikeLoRA-TS-R2-corrected-v1.npz,,
SpikeLoRA-TS-R2-corrected-v1,2026-07-20,1c553ec25a0e,WP,2,LV ActivePower (kW),date,10,96,960,"[1,2,4,8,24]","[10,20,40,80,240]",6,"[""Wind Speed (m/s)"",""Wind Direction (\u00b0)"",""LV ActivePower (kW)"",""cal_hour"",""cal_dayofweek"",""cal_month""]",2,768521f386057b400c9eb5e5d45c124a0c4b5129e0f13d8ff4350099d14e5870,cuda,2.11.0+cu128,lora,0.1,1,0.4546726459346951,8,4.956262126001093,432.59228515625,1785.41015625,75997,1112,0.2972784042358398,0.004241943359375,0.0146321565324947,948.4874619486231,694.8191166401847,84.79362273638145,898.7539733576473,645.5930016644185,82.36456456111918,905.491571905742,655.4595978196669,82.90230895061713,922.5763527059668,669.9549135465954,83.8253697249833,948.669805170483,696.8099543813811,84.99486530516907,1057.9920179924654,806.2781157888613,89.88100514001857,0.05,2393,0.9642362188437272,3489.357146380396,0.958940945289068,3358.9601230856083,2114.614990234375,0.9601820250284414,3371.027885832329,2118.8746948242188,0.9609059882097424,3416.6716426384214,2168.45361328125,0.9687661598924396,3588.7147561772704,2312.2517700195312,0.972385975798945,3711.4113241683513,2443.4716796875,73.54850050562509,,0.129747285546955,16.607652550010243,965,9644,0.0200116129567417,138.8067261819997,/content/drive/MyDrive/SpikeLoRA_TS_R2_results/checkpoints/E2/E2_base_WP_seed2_1c553ec25a0e.pt,8.0,16.0,,"[""in_proj"",""head""]",True,/content/drive/MyDrive/SpikeLoRA_TS_R2_results/predictions/E2/WP_lora_seed2_frac0.1_SpikeLoRA-TS-R2-corrected-v1.npz,,
SpikeLoRA-TS-R2-corrected-v1,2026-07-20,1c553ec25a0e,WP,2,LV ActivePower (kW),date,10,96,960,"[1,2,4,8,24]","[10,20,40,80,240]",6,"[""Wind Speed (m/s)"",""Wind Direction (\u00b0)"",""LV ActivePower (kW)"",""cal_hour"",""cal_dayofweek"",""cal_month""]",2,768521f386057b400c9eb5e5d45c124a0c4b5129e0f13d8ff4350099d14e5870,cuda,2.11.0+cu128,spikelora,0.1,1,0.4277084428199006,8,6.491570543999842,445.08056640625,1785.41015625,75997,1112,0.2973394393920898,0.004241943359375,0.0146321565324947,923.9777483840488,683.5944825809489,83.555127552492,869.5064934340693,633.2362025260235,81.36390817218214,878.6464902461868,643.82940878983,82.13400487636551,895.683191165669,656.9481478036282,82.67614386973932,924.8389659098184,685.1640950659707,83.75138808264975,1040.690976609518,798.7945587192921,87.85019276152323,0.05,2393,0.9586306753542247,3351.81534757126,0.958423828730996,3258.463574062201,1984.8325805664065,0.9581135587961528,3269.8290233385205,1988.62353515625,0.9544937428896472,3255.332581456463,1979.75146484375,0.957493018926466,3359.308915502296,2051.3250732421875,0.9646292274278624,3616.142643496815,2272.5504150390625,73.54850050562509,52.20184531977528,0.1494005453082536,19.123269799456462,965,9644,0.0200116129567417,138.8067261819997,/content/drive/MyDrive/SpikeLoRA_TS_R2_results/checkpoints/E2/E2_base_WP_seed2_1c553ec25a0e.pt,8.0,16.0,0.05,"[""in_proj"",""head""]",True,/content/drive/MyDrive/SpikeLoRA_TS_R2_results/predictions/E2/WP_spikelora_seed2_frac0.1_SpikeLoRA-TS-R2-corrected-v1.npz,51.92208453993864,79.0588801840935
SpikeLoRA-TS-R2-corrected-v1,2026-07-20,1c553ec25a0e,WP,2,LV ActivePower (kW),date,10,96,960,"[1,2,4,8,24]","[10,20,40,80,240]",6,"[""Wind Speed (m/s)"",""Wind Direction (\u00b0)"",""LV ActivePower (kW)"",""cal_hour"",""cal_dayofweek"",""cal_month""]",2,768521f386057b400c9eb5e5d45c124a0c4b5129e0f13d8ff4350099d14e5870,cuda,2.11.0+cu128,fullft,0.2,1,0.4400102127759067,8,9.767314153999903,430.12646484375,1785.41015625,74885,74885,0.2915525436401367,0.2856636047363281,1.0,950.9003786185956,687.6387734752738,84.03643046107982,898.9402300573968,638.9330386703197,81.91036506836379,905.1787791259588,646.6857446948084,82.38304029071391,925.3841510018832,662.9816152628063,83.22185278085566,952.4365268777102,690.179688339557,84.50096581200671,1063.082464455596,799.4137804088776,88.16592835345904,0.05,2393,0.9582997207570586,3467.2285655868423,0.9588375219774538,3401.2274784502783,2123.499755859375,0.9580101354845382,3411.678268030198,2123.075927734375,0.9576998655496948,3429.0573740884306,2141.3748779296875,0.9572861723032372,3437.465760590335,2146.907958984375,0.9596649084703692,3656.71394677497,2330.793701171875,73.54850050562509,,0.1083034195303866,13.862837699889496,1929,9644,0.0400024884907303,138.8067261819997,/content/drive/MyDrive/SpikeLoRA_TS_R2_results/checkpoints/E2/E2_base_WP_seed2_1c553ec25a0e.pt,,,,[],False,/content/drive/MyDrive/SpikeLoRA_TS_R2_results/predictions/E2/WP_fullft_seed2_frac0.2_SpikeLoRA-TS-R2-corrected-v1.npz,,
SpikeLoRA-TS-R2-corrected-v1,2026-07-20,1c553ec25a0e,WP,2,LV ActivePower (kW),date,10,96,960,"[1,2,4,8,24]","[10,20,40,80,240]",6,"[""Wind Speed (m/s)"",""Wind Direction (\u00b0)"",""LV ActivePower (kW)"",""cal_hour"",""cal_dayofweek"",""cal_month""]",2,768521f386057b400c9eb5e5d45c124a0c4b5129e0f13d8ff4350099d14e5870,cuda,2.11.0+cu128,lora,0.2,2,0.4205143386431932,9,9.01548062400252,432.59228515625,1785.41015625,75997,1112,0.2972784042358398,0.004241943359375,0.0146321565324947,986.049644126153,755.6869171896917,84.44092104492925,951.1494647227069,725.3597670162658,83.62755081302542,953.8067262542324,728.847891597371,83.86123451954842,969.1284181913074,740.8627741513127,84.11937239025714,987.4087022230144,754.9082062370418,84.0365115212171,1064.3547772922027,828.4559469464672,86.55993598059814,0.05,2393,0.9623332299100216,3637.854268586351,0.9629744544420312,3575.0047959152034,2105.5078125,0.968352466645982,3654.474284718973,2161.1182861328125,0.9630778777536456,3604.245358847329,2120.2892456054688,0.963594994311718,3678.489578554803,2168.585327148437,0.9536663563967318,3677.0573248954456,2176.3048095703125,73.54850050562509,,0.1120448695303366,14.341743299883092,1929,9644,0.0400024884907303,138.8067261819997,/content/drive/MyDrive/SpikeLoRA_TS_R2_results/checkpoints/E2/E2_base_WP_seed2_1c553ec25a0e.pt,8.0,16.0,,"[""in_proj"",""head""]",True,/content/drive/MyDrive/SpikeLoRA_TS_R2_results/predictions/E2/WP_lora_seed2_frac0.2_SpikeLoRA-TS-R2-corrected-v1.npz,,
SpikeLoRA-TS-R2-corrected-v1,2026-07-20,1c553ec25a0e,WP,2,LV ActivePower (kW),date,10,96,960,"[1,2,4,8,24]","[10,20,40,80,240]",6,"[""Wind Speed (m/s)"",""Wind Direction (\u00b0)"",""LV ActivePower (kW)"",""cal_hour"",""cal_dayofweek"",""cal_month""]",2,768521f386057b400c9eb5e5d45c124a0c4b5129e0f13d8ff4350099d14e5870,cuda,2.11.0+cu128,spikelora,0.2,4,0.4296034416592474,11,14.14897977900182,445.08056640625,1785.41015625,75997,1112,0.2973394393920898,0.004241943359375,0.0146321565324947,943.068690304295,691.3896317498861,84.39030389917941,900.0495356216536,650.9397022587792,82.80827817888228,905.3619339896794,659.0748918473948,83.54041103484404,915.9565121569118,664.9767734307835,83.54476412032574,938.0543107126214,688.1537249473693,83.88586701444267,1047.9509306555433,793.8030662651034,88.17219914740238,0.05,2393,0.9535836177474404,3335.9198820029906,0.9494260006205398,3186.766734294554,1951.152282714844,0.9535629330851174,3247.7360603126576,1992.520446777344,0.9557348226290204,3329.6406046928228,2032.255859375,0.9557348226290204,3395.438114700846,2069.3787841796875,0.9534595097735028,3520.0178960140715,2169.988037109375,73.54850050562509,51.75732832796492,0.1637610941457978,20.961420050662127,1929,9644,0.0400024884907303,138.8067261819997,/content/drive/MyDrive/SpikeLoRA_TS_R2_results/checkpoints/E2/E2_base_WP_seed2_1c553ec25a0e.pt,8.0,16.0,0.05,"[""in_proj"",""head""]",True,/content/drive/MyDrive/SpikeLoRA_TS_R2_results/predictions/E2/WP_spikelora_seed2_frac0.2_SpikeLoRA-TS-R2-corrected-v1.npz,51.481306640423,78.25541033198883
SpikeLoRA-TS-R2-corrected-v1,2026-07-20,1c553ec25a0e,WP,2,LV ActivePower (kW),date,10,96,960,"[1,2,4,8,24]","[10,20,40,80,240]",6,"[""Wind Speed (m/s)"",""Wind Direction (\u00b0)"",""LV ActivePower (kW)"",""cal_hour"",""cal_dayofweek"",""cal_month""]",2,768521f386057b400c9eb5e5d45c124a0c4b5129e0f13d8ff4350099d14e5870,cuda,2.11.0+cu128,fullft,0.5,1,0.3975849437056054,8,19.821682289999444,430.12646484375,1785.41015625,74885,74885,0.2915525436401367,0.2856636047363281,1.0,947.9868479204356,716.9118069754378,84.13922552345866,893.3498960969372,667.4377154883782,81.95219338297778,902.6208442097864,679.4671633763106,82.77732419695764,922.3027084576088,692.3921125117866,83.24484077558996,946.5313913239924,716.6241081001865,84.54082795350064,1064.9098239298223,828.637935400527,88.1809413082673,0.05,2393,0.9469231564794705,3283.3811721067937,0.9502533871134554,3174.002799240556,1861.99609375,0.9476678043230944,3167.760511643909,1858.5087890625,0.9482883441927812,3242.2993014331,1899.4362182617188,0.9455993380908057,3292.3683403252644,1929.6544799804688,0.9428069086772158,3540.474907891138,2071.9765625,73.54850050562509,,0.1043050746105223,13.351049550146854,4822,9644,0.0999958525154493,138.8067261819997,/content/drive/MyDrive/SpikeLoRA_TS_R2_results/checkpoints/E2/E2_base_WP_seed2_1c553ec25a0e.pt,,,,[],False,/content/drive/MyDrive/SpikeLoRA_TS_R2_results/predictions/E2/WP_fullft_seed2_frac0.5_SpikeLoRA-TS-R2-corrected-v1.npz,,
SpikeLoRA-TS-R2-corrected-v1,2026-07-20,1c553ec25a0e,WP,2,LV ActivePower (kW),date,10,96,960,"[1,2,4,8,24]","[10,20,40,80,240]",6,"[""Wind Speed (m/s)"",""Wind Direction (\u00b0)"",""LV ActivePower (kW)"",""cal_hour"",""cal_dayofweek"",""cal_month""]",2,768521f386057b400c9eb5e5d45c124a0c4b5129e0f13d8ff4350099d14e5870,cuda,2.11.0+cu128,lora,0.5,8,0.4229164674996433,15,27.48049276399979,432.59228515625,1785.41015625,75997,1112,0.2972784042358398,0.004241943359375,0.0146321565324947,954.3869435196548,709.3518370717225,84.02885734949265,910.3276428851387,665.3306260589779,82.20176551205151,915.0634750650776,669.2784728846095,82.69744255030842,925.9419893305392,681.8048236344689,83.43730648908415,947.6273071601844,704.4271989901886,83.5011893897406,1064.362968222729,825.9180637903675,88.3065828062786,0.05,2393,0.9514737821905056,3370.7049560572123,0.9485986141276244,3231.858304230377,1936.97021484375,0.9511841969179852,3260.744677284928,1955.362548828125,0.9523218533457442,3300.4256922190925,1986.733642578125,0.953252663150274,3410.4913844543453,2040.616943359375,0.9520115834109008,3650.00472209732,2161.503295898437,73.54850050562509,,0.1187602820309052,15.201316099955877,4822,9644,0.0999958525154493,138.8067261819997,/content/drive/MyDrive/SpikeLoRA_TS_R2_results/checkpoints/E2/E2_base_WP_seed2_1c553ec25a0e.pt,8.0,16.0,,"[""in_proj"",""head""]",True,/content/drive/MyDrive/SpikeLoRA_TS_R2_results/predictions/E2/WP_lora_seed2_frac0.5_SpikeLoRA-TS-R2-corrected-v1.npz,,
SpikeLoRA-TS-R2-corrected-v1,2026-07-20,1c553ec25a0e,WP,2,LV ActivePower (kW),date,10,96,960,"[1,2,4,8,24]","[10,20,40,80,240]",6,"[""Wind Speed (m/s)"",""Wind Direction (\u00b0)"",""LV ActivePower (kW)"",""cal_hour"",""cal_dayofweek"",""cal_month""]",2,768521f386057b400c9eb5e5d45c124a0c4b5129e0f13d8ff4350099d14e5870,cuda,2.11.0+cu128,spikelora,0.5,1,0.4138546707338236,8,18.420079718001944,445.08056640625,1785.41015625,75997,1112,0.2973394393920898,0.004241943359375,0.0146321565324947,1020.542515215876,751.9132421632602,84.15962558506166,969.7715819129064,706.2250192744592,82.67942174481749,969.3397305020686,706.0718013752776,83.0320956647347,994.8778984437332,725.4987217146332,83.59537675573219,1018.1353211505004,750.4273181946451,84.70798125024957,1140.6476790025902,871.3433502572857,86.78325250977433,0.05,2393,0.9508946116454648,3440.787350526045,0.9467369945185644,3223.01807729524,1881.755859375,0.9487020374392388,3273.5701936553537,1916.835693359375,0.9502533871134554,3344.8965597331235,1961.7451171875,0.9562519391870928,3538.503885797636,2096.693359375,0.952528699968973,3823.9480361488713,2313.684936523437,73.54850050562509,56.80400775994704,0.1903845992174524,24.36922869983391,4822,9644,0.0999958525154493,138.8067261819997,/content/drive/MyDrive/SpikeLoRA_TS_R2_results/checkpoints/E2/E2_base_WP_seed2_1c553ec25a0e.pt,8.0,16.0,0.05,"[""in_proj"",""head""]",True,/content/drive/MyDrive/SpikeLoRA_TS_R2_results/predictions/E2/WP_spikelora_seed2_frac0.5_SpikeLoRA-TS-R2-corrected-v1.npz,56.51428494091943,84.61739838659634
SpikeLoRA-TS-R2-corrected-v1,2026-07-20,1c553ec25a0e,EC,0,PowerConsumption_Zone1,Datetime,10,96,960,"[1,2,4,8,24]","[10,20,40,80,240]",7,"[""Temperature"",""Humidity"",""WindSpeed"",""PowerConsumption_Zone1"",""cal_hour"",""cal_dayofweek"",""cal_month""]",3,9c44b9af0cb1923a3fcbcef08826e13f8a405ebf68a8a072597b0feb17e45769,cuda,2.11.0+cu128,fullft,0.1,8,0.306940105328547,15,12.41616371100099,430.2216796875,1785.73828125,74949,74949,0.2917966842651367,0.2859077453613281,1.0,6039.253550678422,5020.0792153889815,16.552185114283954,5798.885418311497,4918.691535275753,16.339550153504362,5828.837497773152,4927.625328072718,16.344880252387448,5976.090408070812,5037.389041773721,16.654662789504304,6160.995669142103,5083.554106417304,16.743241154233136,6410.068203703753,5133.136065405413,16.67859122179053,0.05,2591,0.8488910133843213,16291.8046875,0.8603250478011473,15887.2734375,7943.63671875,0.8707456978967495,16407.9453125,8203.97265625,0.8522944550669216,16003.0,8001.5,0.8777246653919694,17793.4140625,8896.70703125,0.7833652007648183,15367.390625,7683.6953125,83.94695210780297,,0.1191506882790349,15.251288099716476,1044,10435,0.0200088161450447,214.3230831849978,/content/drive/MyDrive/SpikeLoRA_TS_R2_results/checkpoints/E2/E2_base_EC_seed0_1c553ec25a0e.pt,,,,[],False,/content/drive/MyDrive/SpikeLoRA_TS_R2_results/predictions/E2/EC_fullft_seed0_frac0.1_SpikeLoRA-TS-R2-corrected-v1.npz,,
SpikeLoRA-TS-R2-corrected-v1,2026-07-20,1c553ec25a0e,EC,0,PowerConsumption_Zone1,Datetime,10,96,960,"[1,2,4,8,24]","[10,20,40,80,240]",7,"[""Temperature"",""Humidity"",""WindSpeed"",""PowerConsumption_Zone1"",""cal_hour"",""cal_dayofweek"",""cal_month""]",3,9c44b9af0cb1923a3fcbcef08826e13f8a405ebf68a8a072597b0feb17e45769,cuda,2.11.0+cu128,lora,0.1,1,0.3455905642163472,8,6.006910482999956,432.6865234375,1785.73828125,76069,1120,0.2975835800170898,0.0042724609375,0.0147234747400386,5765.0773063167735,4723.521641857374,15.79387744092272,5506.294355327461,4561.137731910253,15.363660852018327,5546.759517164579,4581.900544484943,15.417822317604664,5642.442846556524,4637.009562656847,15.588336666991612,5793.523309192668,4703.39852936783,15.751232936158072,6300.213445547758,5134.161840866993,16.848334431840897,0.05,2591,0.8878393881453155,17613.27109375,0.9082217973231358,17554.62109375,8777.310546875,0.905831739961759,17436.2265625,8718.11328125,0.9065965583173996,17888.78125,8944.390625,0.9219885277246654,19671.4921875,9835.74609375,0.7965583173996176,15515.234375,7757.6171875,83.94695210780297,,0.1157212566425869,14.812320850251126,1044,10435,0.0200088161450447,214.3230831849978,/content/drive/MyDrive/SpikeLoRA_TS_R2_results/checkpoints/E2/E2_base_EC_seed0_1c553ec25a0e.pt,8.0,16.0,,"[""in_proj"",""head""]",True,/content/drive/MyDrive/SpikeLoRA_TS_R2_results/predictions/E2/EC_lora_seed0_frac0.1_SpikeLoRA-TS-R2-corrected-v1.npz,,
SpikeLoRA-TS-R2-corrected-v1,2026-07-20,1c553ec25a0e,EC,0,PowerConsumption_Zone1,Datetime,10,96,960,"[1,2,4,8,24]","[10,20,40,80,240]",7,"[""Temperature"",""Humidity"",""WindSpeed"",""PowerConsumption_Zone1"",""cal_hour"",""cal_dayofweek"",""cal_month""]",3,9c44b9af0cb1923a3fcbcef08826e13f8a405ebf68a8a072597b0feb17e45769,cuda,2.11.0+cu128,spikelora,0.1,1,0.3212283687994591,8,8.183232299001247,445.1748046875,1785.73828125,76069,1120,0.2976446151733398,0.0042724609375,0.0147234747400386,5479.659677696677,4435.163334802222,14.808774493222415,5129.617960279299,4173.652872736914,14.038234168040178,5184.9458655815815,4212.2818572239485,14.139229918699629,5297.308847054843,4291.881626994204,14.382689259626265,5541.425090599179,4454.618368524439,14.863310443934674,6178.012124756242,5043.381948531609,16.620408675811348,0.05,2591,0.8922179732313575,17107.3671875,0.912715105162524,16914.5390625,8457.26953125,0.9120458891013384,17057.1875,8528.59375,0.9152007648183555,17513.0390625,8756.51953125,0.918546845124283,18593.21875,9296.609375,0.8025812619502868,15458.8515625,7729.42578125,83.94695210780297,72.14482854418402,0.1544004679715271,19.76325990035548,1044,10435,0.0200088161450447,214.3230831849978,/content/drive/MyDrive/SpikeLoRA_TS_R2_results/checkpoints/E2/E2_base_EC_seed0_1c553ec25a0e.pt,8.0,16.0,0.05,"[""in_proj"",""head""]",True,/content/drive/MyDrive/SpikeLoRA_TS_R2_results/predictions/E2/EC_spikelora_seed0_frac0.1_SpikeLoRA-TS-R2-corrected-v1.npz,72.3654503515376,50.96513503824092
SpikeLoRA-TS-R2-corrected-v1,2026-07-20,1c553ec25a0e,EC,0,PowerConsumption_Zone1,Datetime,10,96,960,"[1,2,4,8,24]","[10,20,40,80,240]",7,"[""Temperature"",""Humidity"",""WindSpeed"",""PowerConsumption_Zone1"",""cal_hour"",""cal_dayofweek"",""cal_month""]",3,9c44b9af0cb1923a3fcbcef08826e13f8a405ebf68a8a072597b0feb17e45769,cuda,2.11.0+cu128,fullft,0.2,1,0.3049052530897487,8,10.423155319000216,430.2216796875,1785.90234375,74949,74949,0.2917966842651367,0.2859077453613281,1.0,5878.64337524109,4823.912341509321,15.99179022659338,5562.167921590935,4599.62058698315,15.360485553416808,5610.278368853445,4624.937986787464,15.401999731400206,5802.920452374902,4787.707878786747,15.90212655738578,6042.242057097914,4937.102493875478,16.318754233881748,6340.089072653152,5170.192761113767,16.975585056882355,0.05,2591,0.857227533460803,16176.7125,0.8608030592734226,15344.35546875,7672.177734375,0.865678776290631,15573.66796875,7786.833984375,0.8716061185468451,16214.109375,8107.0546875,0.8879541108986616,17867.03125,8933.515625,0.8000956022944551,15884.3984375,7942.19921875,83.94695210780297,,0.1035657605470419,13.256417350021366,2087,10435,0.0399984667573835,214.3230831849978,/content/drive/MyDrive/SpikeLoRA_TS_R2_results/checkpoints/E2/E2_base_EC_seed0_1c553ec25a0e.pt,,,,[],False,/content/drive/MyDrive/SpikeLoRA_TS_R2_results/predictions/E2/EC_fullft_seed0_frac0.2_SpikeLoRA-TS-R2-corrected-v1.npz,,
SpikeLoRA-TS-R2-corrected-v1,2026-07-20,1c553ec25a0e,EC,0,PowerConsumption_Zone1,Datetime,10,96,960,"[1,2,4,8,24]","[10,20,40,80,240]",7,"[""Temperature"",""Humidity"",""WindSpeed"",""PowerConsumption_Zone1"",""cal_hour"",""cal_dayofweek"",""cal_month""]",3,9c44b9af0cb1923a3fcbcef08826e13f8a405ebf68a8a072597b0feb17e45769,cuda,2.11.0+cu128,lora,0.2,2,0.3465790772980955,9,9.015557970000373,432.6865234375,1785.90234375,76069,1120,0.2975835800170898,0.0042724609375,0.0147234747400386,5392.073411711524,4414.204818691743,14.771800488000888,5180.68135996276,4297.646222775753,14.452588824822715,5202.127610602432,4314.800118195805,14.499719878718112,5285.657893378946,4366.133453707576,14.65831167342568,5443.858015070105,4418.067953065249,14.75468561430019,5822.105967937365,4674.376345714329,15.493696448737742,0.05,2591,0.9073613766730402,17521.3796875,0.9038240917782028,16474.16015625,8237.080078125,0.913097514340344,16991.8203125,8495.91015625,0.9234225621414914,18015.6484375,9007.82421875,0.9279158699808796,19209.34375,9604.671875,0.8685468451242829,16915.92578125,8457.962890625,83.94695210780297,,0.1140025886726903,14.59233135010436,2087,10435,0.0399984667573835,214.3230831849978,/content/drive/MyDrive/SpikeLoRA_TS_R2_results/checkpoints/E2/E2_base_EC_seed0_1c553ec25a0e.pt,8.0,16.0,,"[""in_proj"",""head""]",True,/content/drive/MyDrive/SpikeLoRA_TS_R2_results/predictions/E2/EC_lora_seed0_frac0.2_SpikeLoRA-TS-R2-corrected-v1.npz,,
SpikeLoRA-TS-R2-corrected-v1,2026-07-20,1c553ec25a0e,EC,0,PowerConsumption_Zone1,Datetime,10,96,960,"[1,2,4,8,24]","[10,20,40,80,240]",7,"[""Temperature"",""Humidity"",""WindSpeed"",""PowerConsumption_Zone1"",""cal_hour"",""cal_dayofweek"",""cal_month""]",3,9c44b9af0cb1923a3fcbcef08826e13f8a405ebf68a8a072597b0feb17e45769,cuda,2.11.0+cu128,spikelora,0.2,5,0.3701820989135424,12,16.06122203799896,445.1748046875,1785.90234375,76069,1120,0.2976446151733398,0.0042724609375,0.0147234747400386,6033.190376801822,4815.985062272198,16.001817084628115,5737.094796339577,4630.503195674743,15.510827190781104,5828.628525583109,4704.171461781489,15.715638730272213,6020.2126667609255,4859.671144071911,16.17484363168453,6258.545392596862,4995.481036668708,16.535228195386736,6300.588261267247,4890.098473164137,16.072547675015986,0.05,2591,0.8887380497131931,18326.2453125,0.8923518164435946,17686.4375,8843.21875,0.8963671128107075,18147.421875,9073.7109375,0.8970363288718929,18619.140625,9309.5703125,0.9034416826003824,19709.296875,9854.6484375,0.8544933078393881,17468.9296875,8734.46484375,83.94695210780297,63.2223132182492,0.159035614065317,20.356558600360582,2087,10435,0.0399984667573835,214.3230831849978,/content/drive/MyDrive/SpikeLoRA_TS_R2_results/checkpoints/E2/E2_base_EC_seed0_1c553ec25a0e.pt,8.0,16.0,0.05,"[""in_proj"",""head""]",True,/content/drive/MyDrive/SpikeLoRA_TS_R2_results/predictions/E2/EC_spikelora_seed0_frac0.2_SpikeLoRA-TS-R2-corrected-v1.npz,63.17221919315647,68.03133962715106
SpikeLoRA-TS-R2-corrected-v1,2026-07-20,1c553ec25a0e,EC,0,PowerConsumption_Zone1,Datetime,10,96,960,"[1,2,4,8,24]","[10,20,40,80,240]",7,"[""Temperature"",""Humidity"",""WindSpeed"",""PowerConsumption_Zone1"",""cal_hour"",""cal_dayofweek"",""cal_month""]",3,9c44b9af0cb1923a3fcbcef08826e13f8a405ebf68a8a072597b0feb17e45769,cuda,2.11.0+cu128,fullft,0.5,1,0.3475992154863432,8,21.415158386000257,430.2216796875,1786.06640625,74949,74949,0.2917966842651367,0.2859077453613281,1.0,7334.991433335039,6197.277461721737,19.86491423304492,7169.071556195639,6186.5332585818,19.9713735125392,7212.3804109452285,6192.369654113886,19.945056065587817,7291.11315005084,6186.719250791706,19.8686674959808,7440.910378952375,6191.954394157803,19.79562556456795,7554.402705112217,6228.810750963492,19.743848526548827,0.05,2591,0.7713193116634799,17202.52265625,0.7570745697896749,16374.87109375,8187.435546875,0.7583173996175908,16498.6015625,8249.30078125,0.7890057361376673,17340.6796875,8670.33984375,0.8179732313575526,18772.859375,9386.4296875,0.734225621414914,17025.6015625,8512.80078125,83.94695210780297,,0.1053661027299313,13.486861149431206,5218,10435,0.1000057496598118,214.3230831849978,/content/drive/MyDrive/SpikeLoRA_TS_R2_results/checkpoints/E2/E2_base_EC_seed0_1c553ec25a0e.pt,,,,[],False,/content/drive/MyDrive/SpikeLoRA_TS_R2_results/predictions/E2/EC_fullft_seed0_frac0.5_SpikeLoRA-TS-R2-corrected-v1.npz,,
SpikeLoRA-TS-R2-corrected-v1,2026-07-20,1c553ec25a0e,EC,0,PowerConsumption_Zone1,Datetime,10,96,960,"[1,2,4,8,24]","[10,20,40,80,240]",7,"[""Temperature"",""Humidity"",""WindSpeed"",""PowerConsumption_Zone1"",""cal_hour"",""cal_dayofweek"",""cal_month""]",3,9c44b9af0cb1923a3fcbcef08826e13f8a405ebf68a8a072597b0feb17e45769,cuda,2.11.0+cu128,lora,0.5,3,0.3286028855880316,10,19.43642866099981,432.6865234375,1786.06640625,76069,1120,0.2975835800170898,0.0042724609375,0.0147234747400386,6837.1981289730975,5640.756348029697,18.34532343052603,6604.675983309761,5570.508786074928,18.290151085801792,6640.2490882017455,5571.765840665332,18.25918732363469,6712.920758021198,5570.423244428179,18.19991452339921,6840.07288790938,5540.12749574271,17.98256730247725,7360.151918330786,5950.956373237333,18.99479691731721,0.05,2591,0.8160611854684512,17307.93828125,0.8178776290630975,16698.23828125,8349.119140625,0.8104206500956023,16530.1171875,8265.05859375,0.8324091778202677,17393.6015625,8696.80078125,0.8639579349904398,19277.515625,9638.7578125,0.7556405353728489,16640.21875,8320.109375,83.94695210780297,,0.1116444921947845,14.290495000932424,5218,10435,0.1000057496598118,214.3230831849978,/content/drive/MyDrive/SpikeLoRA_TS_R2_results/checkpoints/E2/E2_base_EC_seed0_1c553ec25a0e.pt,8.0,16.0,,"[""in_proj"",""head""]",True,/content/drive/MyDrive/SpikeLoRA_TS_R2_results/predictions/E2/EC_lora_seed0_frac0.5_SpikeLoRA-TS-R2-corrected-v1.npz,,
SpikeLoRA-TS-R2-corrected-v1,2026-07-20,1c553ec25a0e,EC,0,PowerConsumption_Zone1,Datetime,10,96,960,"[1,2,4,8,24]","[10,20,40,80,240]",7,"[""Temperature"",""Humidity"",""WindSpeed"",""PowerConsumption_Zone1"",""cal_hour"",""cal_dayofweek"",""cal_month""]",3,9c44b9af0cb1923a3fcbcef08826e13f8a405ebf68a8a072597b0feb17e45769,cuda,2.11.0+cu128,spikelora,0.5,5,0.3709171892408697,12,30.54868522799734,445.1748046875,1786.06640625,76069,1120,0.2976446151733398,0.0042724609375,0.0147234747400386,6426.238677563475,5229.843425549713,17.025704306450926,6164.803064061898,5133.5880573688455,16.852490231870235,6198.151078080977,5119.254043491575,16.751345759125257,6323.672472708494,5180.082718764937,16.907504402844953,6530.59356319713,5258.259423361317,17.096681369732057,6886.461955889796,5458.03288476189,17.520499768682143,0.05,2591,0.8292925430210325,16740.5296875,0.8209369024856596,15703.24609375,7851.623046875,0.8252390057361376,15896.3203125,7948.16015625,0.8406309751434035,16625.40234375,8312.701171875,0.864244741873805,18503.90625,9251.953125,0.7954110898661568,16973.7734375,8486.88671875,83.94695210780297,65.28881194437326,0.1535062542956211,19.648800549839507,5218,10435,0.1000057496598118,214.3230831849978,/content/drive/MyDrive/SpikeLoRA_TS_R2_results/checkpoints/E2/E2_base_EC_seed0_1c553ec25a0e.pt,8.0,16.0,0.05,"[""in_proj"",""head""]",True,/content/drive/MyDrive/SpikeLoRA_TS_R2_results/predictions/E2/EC_spikelora_seed0_frac0.5_SpikeLoRA-TS-R2-corrected-v1.npz,65.22218197299235,71.68528919694073
SpikeLoRA-TS-R2-corrected-v1,2026-07-20,1c553ec25a0e,EC,1,PowerConsumption_Zone1,Datetime,10,96,960,"[1,2,4,8,24]","[10,20,40,80,240]",7,"[""Temperature"",""Humidity"",""WindSpeed"",""PowerConsumption_Zone1"",""cal_hour"",""cal_dayofweek"",""cal_month""]",3,9c44b9af0cb1923a3fcbcef08826e13f8a405ebf68a8a072597b0feb17e45769,cuda,2.11.0+cu128,fullft,0.1,16,0.2857152958810675,23,18.907767284999863,430.2216796875,1786.06640625,74949,74949,0.2917966842651367,0.2859077453613281,1.0,6163.65633086283,5047.282854475382,16.70671750651363,5757.814841183556,4799.477162068296,16.112400495769936,5810.139530108998,4824.717689972215,16.159259314067345,6049.389215947081,5000.694068176386,16.631221935055056,6356.235859886147,5177.526414428477,17.071582028110825,6785.742371157265,5433.998937731537,17.559123759564994,0.05,2591,0.8810516252390057,18259.1140625,0.8881453154875717,17259.4453125,8629.72265625,0.8990439770554494,17987.765625,8993.8828125,0.9036328871892926,18950.171875,9475.0859375,0.9091778202676865,20542.78125,10271.390625,0.8052581261950287,16555.40625,8277.703125,83.94695210780297,,0.1266089300798967,16.20594305022678,1044,10435,0.0200088161450447,246.3083224540024,/content/drive/MyDrive/SpikeLoRA_TS_R2_results/checkpoints/E2/E2_base_EC_seed1_1c553ec25a0e.pt,,,,[],False,/content/drive/MyDrive/SpikeLoRA_TS_R2_results/predictions/E2/EC_fullft_seed1_frac0.1_SpikeLoRA-TS-R2-corrected-v1.npz,,
SpikeLoRA-TS-R2-corrected-v1,2026-07-20,1c553ec25a0e,EC,1,PowerConsumption_Zone1,Datetime,10,96,960,"[1,2,4,8,24]","[10,20,40,80,240]",7,"[""Temperature"",""Humidity"",""WindSpeed"",""PowerConsumption_Zone1"",""cal_hour"",""cal_dayofweek"",""cal_month""]",3,9c44b9af0cb1923a3fcbcef08826e13f8a405ebf68a8a072597b0feb17e45769,cuda,2.11.0+cu128,lora,0.1,5,0.3175754839506263,12,8.222568461002083,432.6865234375,1786.06640625,76069,1120,0.2975835800170898,0.0042724609375,0.0147234747400386,6251.015275894798,5066.6472575959015,16.73713863998677,6133.359428822595,5110.875342917215,17.05018174264229,6097.054769757384,5058.838184527366,16.869828383548676,6187.551187453433,5112.408984188277,16.99928738681776,6237.425529245094,5038.011888574779,16.643350366921414,6587.299766867111,5013.101887771869,16.1230453200037,0.05,2591,0.8844359464627151,18802.05625,0.8890057361376673,18476.234375,9238.1171875,0.891491395793499,18642.6953125,9321.34765625,0.8933078393881453,18916.671875,9458.3359375,0.9031548757170172,19725.59375,9862.796875,0.8452198852772467,18249.0859375,9124.54296875,83.94695210780297,,0.1113903968771978,14.257970800281328,1044,10435,0.0200088161450447,246.3083224540024,/content/drive/MyDrive/SpikeLoRA_TS_R2_results/checkpoints/E2/E2_base_EC_seed1_1c553ec25a0e.pt,8.0,16.0,,"[""in_proj"",""head""]",True,/content/drive/MyDrive/SpikeLoRA_TS_R2_results/predictions/E2/EC_lora_seed1_frac0.1_SpikeLoRA-TS-R2-corrected-v1.npz,,
SpikeLoRA-TS-R2-corrected-v1,2026-07-20,1c553ec25a0e,EC,1,PowerConsumption_Zone1,Datetime,10,96,960,"[1,2,4,8,24]","[10,20,40,80,240]",7,"[""Temperature"",""Humidity"",""WindSpeed"",""PowerConsumption_Zone1"",""cal_hour"",""cal_dayofweek"",""cal_month""]",3,9c44b9af0cb1923a3fcbcef08826e13f8a405ebf68a8a072597b0feb17e45769,cuda,2.11.0+cu128,spikelora,0.1,6,0.3153864903046973,13,12.538591714997892,445.1748046875,1786.06640625,76069,1120,0.2976446151733398,0.0042724609375,0.0147234747400386,6594.046076017648,5377.077183765536,17.607163341221284,6171.312642902784,5091.66015970438,16.903685778668045,6217.101946503697,5116.930289775783,16.962895165681942,6387.092190884847,5250.934145517149,17.33359733688443,6622.853655500155,5379.743274042483,17.616354709292334,7484.158250365434,6046.118049787882,19.219283715579657,0.05,2591,0.8692543021032505,19137.59453125,0.894263862332696,19161.25,9580.625,0.891491395793499,19136.75,9568.375,0.8861376673040153,19270.37109375,9635.185546875,0.8890057361376673,20395.9609375,10197.98046875,0.7853728489483748,17723.640625,8861.8203125,83.94695210780297,71.14028989917408,0.1905856578105158,24.394964199746028,1044,10435,0.0200088161450447,246.3083224540024,/content/drive/MyDrive/SpikeLoRA_TS_R2_results/checkpoints/E2/E2_base_EC_seed1_1c553ec25a0e.pt,8.0,16.0,0.05,"[""in_proj"",""head""]",True,/content/drive/MyDrive/SpikeLoRA_TS_R2_results/predictions/E2/EC_spikelora_seed1_frac0.1_SpikeLoRA-TS-R2-corrected-v1.npz,71.14128662264977,71.04460444550669
SpikeLoRA-TS-R2-corrected-v1,2026-07-20,1c553ec25a0e,EC,1,PowerConsumption_Zone1,Datetime,10,96,960,"[1,2,4,8,24]","[10,20,40,80,240]",7,"[""Temperature"",""Humidity"",""WindSpeed"",""PowerConsumption_Zone1"",""cal_hour"",""cal_dayofweek"",""cal_month""]",3,9c44b9af0cb1923a3fcbcef08826e13f8a405ebf68a8a072597b0feb17e45769,cuda,2.11.0+cu128,fullft,0.2,1,0.3289332017158735,8,10.093446471000789,430.2216796875,1786.06640625,74949,74949,0.2917966842651367,0.2859077453613281,1.0,5668.988038092815,4560.00157247102,15.342296846642636,5216.3011796523815,4236.9269540586165,14.497912075338752,5238.024878797023,4233.824144247431,14.45452577170594,5412.479331991946,4369.332652851637,14.832445060522796,5728.343591260943,4594.728738012369,15.406194600924293,6628.089576467524,5365.19537318505,17.5204067247214,0.05,2591,0.9020458891013384,18657.9015625,0.9254302103250478,18230.984375,9115.4921875,0.9282982791586998,18569.84765625,9284.923828125,0.932982791586998,19568.2109375,9784.10546875,0.9304015296367112,20458.4296875,10229.21484375,0.7931166347992352,16462.03515625,8231.017578125,83.94695210780297,,0.1126487148439991,14.419035500031896,2087,10435,0.0399984667573835,246.3083224540024,/content/drive/MyDrive/SpikeLoRA_TS_R2_results/checkpoints/E2/E2_base_EC_seed1_1c553ec25a0e.pt,,,,[],False,/content/drive/MyDrive/SpikeLoRA_TS_R2_results/predictions/E2/EC_fullft_seed1_frac0.2_SpikeLoRA-TS-R2-corrected-v1.npz,,
SpikeLoRA-TS-R2-corrected-v1,2026-07-20,1c553ec25a0e,EC,1,PowerConsumption_Zone1,Datetime,10,96,960,"[1,2,4,8,24]","[10,20,40,80,240]",7,"[""Temperature"",""Humidity"",""WindSpeed"",""PowerConsumption_Zone1"",""cal_hour"",""cal_dayofweek"",""cal_month""]",3,9c44b9af0cb1923a3fcbcef08826e13f8a405ebf68a8a072597b0feb17e45769,cuda,2.11.0+cu128,lora,0.2,16,0.3545462687886944,23,23.887602160000824,432.6865234375,1786.06640625,76069,1120,0.2975835800170898,0.0042724609375,0.0147234747400386,6235.276696308252,5128.550447146122,17.0972542860798,6005.010454313874,4969.937222249193,16.67589704094333,6095.745616778739,5034.616387017507,16.855565922764075,6276.879031929745,5177.894072284297,17.25633713019018,6434.778599017963,5262.782351106896,17.440699985667468,6353.7017727360135,5197.522203072717,17.25777135083396,0.05,2591,0.8736137667304015,18257.07734375,0.8718929254302104,17321.03125,8660.515625,0.8692160611854685,17481.1171875,8740.55859375,0.8775334608030593,18311.82421875,9155.912109375,0.8925430210325048,19559.5390625,9779.76953125,0.8568833652007648,18611.875,9305.9375,83.94695210780297,,0.1520854132806448,19.46693289992254,2087,10435,0.0399984667573835,246.3083224540024,/content/drive/MyDrive/SpikeLoRA_TS_R2_results/checkpoints/E2/E2_base_EC_seed1_1c553ec25a0e.pt,8.0,16.0,,"[""in_proj"",""head""]",True,/content/drive/MyDrive/SpikeLoRA_TS_R2_results/predictions/E2/EC_lora_seed1_frac0.2_SpikeLoRA-TS-R2-corrected-v1.npz,,
SpikeLoRA-TS-R2-corrected-v1,2026-07-20,1c553ec25a0e,EC,1,PowerConsumption_Zone1,Datetime,10,96,960,"[1,2,4,8,24]","[10,20,40,80,240]",7,"[""Temperature"",""Humidity"",""WindSpeed"",""PowerConsumption_Zone1"",""cal_hour"",""cal_dayofweek"",""cal_month""]",3,9c44b9af0cb1923a3fcbcef08826e13f8a405ebf68a8a072597b0feb17e45769,cuda,2.11.0+cu128,spikelora,0.2,4,0.3618520109499802,11,14.98813568499827,445.1748046875,1786.06640625,76069,1120,0.2976446151733398,0.0042724609375,0.0147234747400386,5974.488648751859,4761.185822982642,15.849717108884246,5412.758734965343,4357.677237784566,14.756849881635354,5459.416342062901,4374.749317619951,14.781008719588405,5688.735696739633,4555.057570600054,15.302388801571007,6101.460166600844,4862.618107298637,16.15261072735334,7055.484332022886,5655.826881610003,18.25572741427311,0.05,2591,0.8783938814531549,18308.11328125,0.9037284894837476,17728.06640625,8864.033203125,0.9131931166347992,18495.265625,9247.6328125,0.902676864244742,18684.9453125,9342.47265625,0.8969407265774378,19736.0625,9868.03125,0.7754302103250478,16896.2265625,8448.11328125,83.94695210780297,64.3379464109716,0.1562334855478298,19.997886150122213,2087,10435,0.0399984667573835,246.3083224540024,/content/drive/MyDrive/SpikeLoRA_TS_R2_results/checkpoints/E2/E2_base_EC_seed1_1c553ec25a0e.pt,8.0,16.0,0.05,"[""in_proj"",""head""]",True,/content/drive/MyDrive/SpikeLoRA_TS_R2_results/predictions/E2/EC_spikelora_seed1_frac0.2_SpikeLoRA-TS-R2-corrected-v1.npz,64.35758027854126,62.45309512428298
SpikeLoRA-TS-R2-corrected-v1,2026-07-20,1c553ec25a0e,EC,1,PowerConsumption_Zone1,Datetime,10,96,960,"[1,2,4,8,24]","[10,20,40,80,240]",7,"[""Temperature"",""Humidity"",""WindSpeed"",""PowerConsumption_Zone1"",""cal_hour"",""cal_dayofweek"",""cal_month""]",3,9c44b9af0cb1923a3fcbcef08826e13f8a405ebf68a8a072597b0feb17e45769,cuda,2.11.0+cu128,fullft,0.5,2,0.3732758439769619,9,23.786684507002064,430.2216796875,1786.06640625,74949,74949,0.2917966842651367,0.2859077453613281,1.0,7458.163574563131,6218.363386487214,20.05469399212411,7175.579227072648,6056.00858161299,19.71465091790177,7210.752488200744,6054.595396712178,19.67859684210458,7363.948652828616,6150.12485902396,19.93735912633487,7585.607586450717,6219.530787860002,20.0239943141206,7928.931114437604,6611.557307226936,20.91886876015873,0.05,2591,0.8187954110898662,19061.665625,0.8197896749521989,18134.82421875,9067.412109375,0.8260994263862332,18438.265625,9219.1328125,0.832887189292543,19075.90625,9537.953125,0.8475143403441683,20606.6953125,10303.34765625,0.7676864244741873,19052.63671875,9526.318359375,83.94695210780297,,0.1041645667953616,13.333064549806297,5218,10435,0.1000057496598118,246.3083224540024,/content/drive/MyDrive/SpikeLoRA_TS_R2_results/checkpoints/E2/E2_base_EC_seed1_1c553ec25a0e.pt,,,,[],False,/content/drive/MyDrive/SpikeLoRA_TS_R2_results/predictions/E2/EC_fullft_seed1_frac0.5_SpikeLoRA-TS-R2-corrected-v1.npz,,
SpikeLoRA-TS-R2-corrected-v1,2026-07-20,1c553ec25a0e,EC,1,PowerConsumption_Zone1,Datetime,10,96,960,"[1,2,4,8,24]","[10,20,40,80,240]",7,"[""Temperature"",""Humidity"",""WindSpeed"",""PowerConsumption_Zone1"",""cal_hour"",""cal_dayofweek"",""cal_month""]",3,9c44b9af0cb1923a3fcbcef08826e13f8a405ebf68a8a072597b0feb17e45769,cuda,2.11.0+cu128,lora,0.5,7,0.3635479768976103,14,27.744145614000445,432.6865234375,1786.06640625,76069,1120,0.2975835800170898,0.0042724609375,0.0147234747400386,7179.167228772383,5918.80639435573,19.215651709856232,6608.268566858896,5527.5320415197775,18.254088042390883,6675.927629444896,5526.7236990058855,18.201049751242493,6995.417940026741,5751.41804213223,18.79645725154481,7437.67359397067,6040.005287815189,19.50176271804657,8075.278737107417,6748.352901305569,21.3249007860564,0.05,2591,0.7945506692160612,17452.742735794098,0.8074569789674952,16543.22622845214,8271.75390625,0.805831739961759,16529.57810539406,8264.90625,0.8065009560229446,17367.882001374284,8683.955078125,0.8180688336520077,18986.9609375,9493.48046875,0.7348948374760994,17836.06640625,8918.033203125,83.94695210780297,,0.1155854132804279,14.794932899894777,5218,10435,0.1000057496598118,246.3083224540024,/content/drive/MyDrive/SpikeLoRA_TS_R2_results/checkpoints/E2/E2_base_EC_seed1_1c553ec25a0e.pt,8.0,16.0,,"[""in_proj"",""head""]",True,/content/drive/MyDrive/SpikeLoRA_TS_R2_results/predictions/E2/EC_lora_seed1_frac0.5_SpikeLoRA-TS-R2-corrected-v1.npz,,
SpikeLoRA-TS-R2-corrected-v1,2026-07-20,1c553ec25a0e,EC,1,PowerConsumption_Zone1,Datetime,10,96,960,"[1,2,4,8,24]","[10,20,40,80,240]",7,"[""Temperature"",""Humidity"",""WindSpeed"",""PowerConsumption_Zone1"",""cal_hour"",""cal_dayofweek"",""cal_month""]",3,9c44b9af0cb1923a3fcbcef08826e13f8a405ebf68a8a072597b0feb17e45769,cuda,2.11.0+cu128,spikelora,0.5,7,0.3521599131447613,14,34.86743389399999,445.1748046875,1786.06640625,76069,1120,0.2976446151733398,0.0042724609375,0.0147234747400386,7128.197583020316,5820.375648527127,18.76051275674484,6528.133270498414,5386.696012805479,17.698967258963346,6557.842275767775,5363.155293603609,17.59403897299039,6874.496570149153,5597.992173869204,18.195156358768536,7370.967808337855,5923.449024837924,18.93089637793353,8175.837270708274,6830.585737519419,21.3835048150684,0.05,2591,0.840076481835564,18896.08325981417,0.8697896749521988,18487.519737205723,9243.87890625,0.8669216061185469,18416.837968115145,9208.5078125,0.8506692160611855,18562.2421875,9281.12109375,0.8580305927342257,20448.16796875,10224.083984375,0.7549713193116635,18565.6484375,9282.82421875,83.94695210780297,70.7334057331809,0.1562711917998172,20.0027125503766,5218,10435,0.1000057496598118,246.3083224540024,/content/drive/MyDrive/SpikeLoRA_TS_R2_results/checkpoints/E2/E2_base_EC_seed1_1c553ec25a0e.pt,8.0,16.0,0.05,"[""in_proj"",""head""]",True,/content/drive/MyDrive/SpikeLoRA_TS_R2_results/predictions/E2/EC_spikelora_seed1_frac0.5_SpikeLoRA-TS-R2-corrected-v1.npz,70.76894805110739,67.3213432122371
SpikeLoRA-TS-R2-corrected-v1,2026-07-20,1c553ec25a0e,EC,2,PowerConsumption_Zone1,Datetime,10,96,960,"[1,2,4,8,24]","[10,20,40,80,240]",7,"[""Temperature"",""Humidity"",""WindSpeed"",""PowerConsumption_Zone1"",""cal_hour"",""cal_dayofweek"",""cal_month""]",3,9c44b9af0cb1923a3fcbcef08826e13f8a405ebf68a8a072597b0feb17e45769,cuda,2.11.0+cu128,fullft,0.1,1,0.2831209578232524,8,6.922320232002676,430.2216796875,1786.06640625,74949,74949,0.2917966842651367,0.2859077453613281,1.0,5791.69531957435,4838.206023542065,16.06736699820827,5793.380824645967,4929.998492023184,16.330002901910447,5774.055686210684,4907.768663733868,16.2695955794462,5770.507161918094,4886.780985226458,16.23504876671302,5803.2193195744185,4842.618884254003,16.15051410360943,5817.180206098987,4623.863092472813,15.35167363936225,0.05,2591,0.8733078393881453,16754.30625,0.8302103250478011,15049.41015625,7524.705078125,0.8560229445506692,15721.92578125,7860.962890625,0.8935946462715105,17103.828125,8551.9140625,0.9333652007648184,20184.8046875,10092.40234375,0.8533460803059273,15711.5625,7855.78125,83.94695210780297,,0.1045125445301664,13.377605699861306,1044,10435,0.0200088161450447,386.3786220140028,/content/drive/MyDrive/SpikeLoRA_TS_R2_results/checkpoints/E2/E2_base_EC_seed2_1c553ec25a0e.pt,,,,[],False,/content/drive/MyDrive/SpikeLoRA_TS_R2_results/predictions/E2/EC_fullft_seed2_frac0.1_SpikeLoRA-TS-R2-corrected-v1.npz,,
SpikeLoRA-TS-R2-corrected-v1,2026-07-20,1c553ec25a0e,EC,2,PowerConsumption_Zone1,Datetime,10,96,960,"[1,2,4,8,24]","[10,20,40,80,240]",7,"[""Temperature"",""Humidity"",""WindSpeed"",""PowerConsumption_Zone1"",""cal_hour"",""cal_dayofweek"",""cal_month""]",3,9c44b9af0cb1923a3fcbcef08826e13f8a405ebf68a8a072597b0feb17e45769,cuda,2.11.0+cu128,lora,0.1,3,0.3422981997062598,10,6.910181700000976,432.6865234375,1786.06640625,76069,1120,0.2975835800170898,0.0042724609375,0.0147234747400386,5972.5154086023895,4796.0575467181525,15.816069472015853,5781.200160421852,4696.324857343451,15.54774429920026,5846.784906789298,4737.820473268702,15.654635064021225,5961.012576991999,4804.895009634919,15.833691689247928,6189.4322924484695,4945.199711886054,16.226063046209596,6074.931229485922,4796.047681457636,15.818213261400244,0.05,2591,0.8672275334608031,17326.9578125,0.8595602294455067,16330.328125,8165.1640625,0.8636711281070746,16669.2109375,8334.60546875,0.8759082217973231,17502.03125,8751.015625,0.9034416826003824,20056.58203125,10028.291015625,0.8335564053537284,16076.63671875,8038.318359375,83.94695210780297,,0.1339452074205382,17.1449865498289,1044,10435,0.0200088161450447,386.3786220140028,/content/drive/MyDrive/SpikeLoRA_TS_R2_results/checkpoints/E2/E2_base_EC_seed2_1c553ec25a0e.pt,8.0,16.0,,"[""in_proj"",""head""]",True,/content/drive/MyDrive/SpikeLoRA_TS_R2_results/predictions/E2/EC_lora_seed2_frac0.1_SpikeLoRA-TS-R2-corrected-v1.npz,,
SpikeLoRA-TS-R2-corrected-v1,2026-07-20,1c553ec25a0e,EC,2,PowerConsumption_Zone1,Datetime,10,96,960,"[1,2,4,8,24]","[10,20,40,80,240]",7,"[""Temperature"",""Humidity"",""WindSpeed"",""PowerConsumption_Zone1"",""cal_hour"",""cal_dayofweek"",""cal_month""]",3,9c44b9af0cb1923a3fcbcef08826e13f8a405ebf68a8a072597b0feb17e45769,cuda,2.11.0+cu128,spikelora,0.1,2,0.3490398257384195,9,8.72802509900066,445.1748046875,1786.06640625,76069,1120,0.2976446151733398,0.0042724609375,0.0147234747400386,5953.197855074176,4887.818465620519,16.47231073488485,5760.951104037855,4813.434750126972,16.357162002679424,5787.834097755907,4815.011870369264,16.344368733480636,5909.383468185662,4881.360001082995,16.50761368858554,6214.460026940548,5073.871779957875,17.011944939882785,6080.700283810246,4855.413926565488,16.140464309795885,0.05,2591,0.8794263862332696,17384.75546875,0.8749521988527724,16607.7734375,8303.88671875,0.8984703632887189,17448.0390625,8724.01953125,0.8973231357552581,17842.09765625,8921.048828125,0.9033460803059272,19277.40625,9638.703125,0.8230401529636712,15748.4609375,7874.23046875,83.94695210780297,54.93174168654274,0.1661236671836263,21.26382939950417,1044,10435,0.0200088161450447,386.3786220140028,/content/drive/MyDrive/SpikeLoRA_TS_R2_results/checkpoints/E2/E2_base_EC_seed2_1c553ec25a0e.pt,8.0,16.0,0.05,"[""in_proj"",""head""]",True,/content/drive/MyDrive/SpikeLoRA_TS_R2_results/predictions/E2/EC_spikelora_seed2_frac0.1_SpikeLoRA-TS-R2-corrected-v1.npz,54.82269384361058,65.40033460803059
SpikeLoRA-TS-R2-corrected-v1,2026-07-20,1c553ec25a0e,EC,2,PowerConsumption_Zone1,Datetime,10,96,960,"[1,2,4,8,24]","[10,20,40,80,240]",7,"[""Temperature"",""Humidity"",""WindSpeed"",""PowerConsumption_Zone1"",""cal_hour"",""cal_dayofweek"",""cal_month""]",3,9c44b9af0cb1923a3fcbcef08826e13f8a405ebf68a8a072597b0feb17e45769,cuda,2.11.0+cu128,fullft,0.2,4,0.3037586310617439,11,14.28395272099806,430.2216796875,1786.06640625,74949,74949,0.2917966842651367,0.2859077453613281,1.0,5572.385317038474,4553.889271816743,15.348495212348547,5514.771674875962,4607.749509478072,15.59449908787321,5483.806793518121,4564.373276544575,15.456679442315536,5484.633048302218,4521.024098686962,15.304550165126363,5570.312063014073,4486.80732421875,15.132676554908048,5801.979910271248,4589.492150155354,15.254070811519576,0.05,2591,0.8976481835564053,17542.23125,0.8751434034416826,15758.3046875,7879.15234375,0.8954110898661568,16526.828125,8263.4140625,0.9072657743785852,17380.03125,8690.015625,0.9373804971319312,20406.9140625,10203.45703125,0.8730401529636711,17639.078125,8819.5390625,83.94695210780297,,0.1258925621058892,16.114247949553828,2087,10435,0.0399984667573835,386.3786220140028,/content/drive/MyDrive/SpikeLoRA_TS_R2_results/checkpoints/E2/E2_base_EC_seed2_1c553ec25a0e.pt,,,,[],False,/content/drive/MyDrive/SpikeLoRA_TS_R2_results/predictions/E2/EC_fullft_seed2_frac0.2_SpikeLoRA-TS-R2-corrected-v1.npz,,
SpikeLoRA-TS-R2-corrected-v1,2026-07-20,1c553ec25a0e,EC,2,PowerConsumption_Zone1,Datetime,10,96,960,"[1,2,4,8,24]","[10,20,40,80,240]",7,"[""Temperature"",""Humidity"",""WindSpeed"",""PowerConsumption_Zone1"",""cal_hour"",""cal_dayofweek"",""cal_month""]",3,9c44b9af0cb1923a3fcbcef08826e13f8a405ebf68a8a072597b0feb17e45769,cuda,2.11.0+cu128,lora,0.2,9,0.3565439325831011,16,16.828424182000163,432.6865234375,1786.06640625,76069,1120,0.2975835800170898,0.0042724609375,0.0147234747400386,5855.654729409042,4677.675773108867,15.635322903636707,5795.478840306711,4715.403819423697,15.80786501316036,5852.687342422216,4742.6883703169815,15.874693123606612,5926.852497111064,4744.076887585145,15.84285864968616,6057.75579258776,4753.187733964209,15.822151978110208,5637.193598637376,4433.022054254302,14.82904575362021,0.05,2591,0.8698852772466539,16976.22734375,0.8536328871892925,15930.234375,7965.1171875,0.8576481835564054,16192.8671875,8096.43359375,0.8687380497131931,16755.70703125,8377.853515625,0.8956978967495219,18850.2265625,9425.11328125,0.8737093690248566,17152.1015625,8576.05078125,83.94695210780297,,0.1113225003948059,14.249280050535162,2087,10435,0.0399984667573835,386.3786220140028,/content/drive/MyDrive/SpikeLoRA_TS_R2_results/checkpoints/E2/E2_base_EC_seed2_1c553ec25a0e.pt,8.0,16.0,,"[""in_proj"",""head""]",True,/content/drive/MyDrive/SpikeLoRA_TS_R2_results/predictions/E2/EC_lora_seed2_frac0.2_SpikeLoRA-TS-R2-corrected-v1.npz,,
SpikeLoRA-TS-R2-corrected-v1,2026-07-20,1c553ec25a0e,EC,2,PowerConsumption_Zone1,Datetime,10,96,960,"[1,2,4,8,24]","[10,20,40,80,240]",7,"[""Temperature"",""Humidity"",""WindSpeed"",""PowerConsumption_Zone1"",""cal_hour"",""cal_dayofweek"",""cal_month""]",3,9c44b9af0cb1923a3fcbcef08826e13f8a405ebf68a8a072597b0feb17e45769,cuda,2.11.0+cu128,spikelora,0.2,9,0.3156637873763699,16,21.4755937230002,445.1748046875,1786.06640625,76069,1120,0.2976446151733398,0.0042724609375,0.0147234747400386,6210.023756950921,4989.103650663241,16.556222247480925,5973.784159927629,4887.639931696642,16.353602303537638,6043.358815205671,4923.553873573434,16.448045911717152,6194.22156095526,4994.676712252031,16.632721054269336,6444.480720523057,5113.756919029338,16.9155677614559,6380.7507275673615,5025.890816764759,16.431174206424586,0.05,2591,0.867189292543021,18069.484375,0.8607074569789674,16840.34375,8420.171875,0.8637667304015296,17244.82421875,8622.412109375,0.8764818355640536,18299.64453125,9149.822265625,0.8997131931166348,20753.9375,10376.96875,0.8352772466539197,17208.671875,8604.3359375,83.94695210780297,54.97520931481737,0.1618286457002682,20.714066649634333,2087,10435,0.0399984667573835,386.3786220140028,/content/drive/MyDrive/SpikeLoRA_TS_R2_results/checkpoints/E2/E2_base_EC_seed2_1c553ec25a0e.pt,8.0,16.0,0.05,"[""in_proj"",""head""]",True,/content/drive/MyDrive/SpikeLoRA_TS_R2_results/predictions/E2/EC_spikelora_seed2_frac0.2_SpikeLoRA-TS-R2-corrected-v1.npz,54.94520762378505,57.8553716539197
SpikeLoRA-TS-R2-corrected-v1,2026-07-20,1c553ec25a0e,EC,2,PowerConsumption_Zone1,Datetime,10,96,960,"[1,2,4,8,24]","[10,20,40,80,240]",7,"[""Temperature"",""Humidity"",""WindSpeed"",""PowerConsumption_Zone1"",""cal_hour"",""cal_dayofweek"",""cal_month""]",3,9c44b9af0cb1923a3fcbcef08826e13f8a405ebf68a8a072597b0feb17e45769,cuda,2.11.0+cu128,fullft,0.5,4,0.3378823806723312,11,29.218640164002863,430.2216796875,1786.06640625,74949,74949,0.2917966842651367,0.2859077453613281,1.0,6767.47657891362,5639.755149490619,18.44183599489885,6462.736012256803,5461.820340135038,18.06198032236245,6511.374722397904,5481.414857007349,18.092800050181616,6659.990686131422,5565.328274191862,18.27049117748317,6942.68338440489,5712.93754275962,18.57790040939913,7229.966125485622,5977.274733359226,19.2060080150679,0.05,2591,0.8459847036328871,18027.69921875,0.8576481835564054,17719.4375,8859.71875,0.8606118546845124,17933.9765625,8966.98828125,0.8611854684512428,18291.91015625,9145.955078125,0.8623326959847036,18877.8828125,9438.94140625,0.7881453154875717,17315.2890625,8657.64453125,83.94695210780297,,0.1080198472635629,13.826540449736058,5218,10435,0.1000057496598118,386.3786220140028,/content/drive/MyDrive/SpikeLoRA_TS_R2_results/checkpoints/E2/E2_base_EC_seed2_1c553ec25a0e.pt,,,,[],False,/content/drive/MyDrive/SpikeLoRA_TS_R2_results/predictions/E2/EC_fullft_seed2_frac0.5_SpikeLoRA-TS-R2-corrected-v1.npz,,
SpikeLoRA-TS-R2-corrected-v1,2026-07-20,1c553ec25a0e,EC,2,PowerConsumption_Zone1,Datetime,10,96,960,"[1,2,4,8,24]","[10,20,40,80,240]",7,"[""Temperature"",""Humidity"",""WindSpeed"",""PowerConsumption_Zone1"",""cal_hour"",""cal_dayofweek"",""cal_month""]",3,9c44b9af0cb1923a3fcbcef08826e13f8a405ebf68a8a072597b0feb17e45769,cuda,2.11.0+cu128,lora,0.5,14,0.3281156924736173,21,42.06226519700067,432.6865234375,1786.06640625,76069,1120,0.2975835800170898,0.0042724609375,0.0147234747400386,7321.763287016016,6110.714736757588,19.7425731161239,7176.073362655078,6070.882622042304,19.70856242293064,7285.779093324154,6158.449294372908,19.95990563151758,7347.257652499997,6142.294943908341,19.87652908583503,7544.024470115261,6226.868576534118,20.05343928094895,7250.378061496737,5955.07824693027,19.114429159387303,0.05,2591,0.7796940726577438,17329.30703125,0.7586998087954111,16624.3203125,8312.16015625,0.7841300191204589,17437.65625,8718.828125,0.8026768642447418,17945.5234375,8972.76171875,0.8191204588910134,18903.69140625,9451.845703125,0.7338432122370937,15735.34375,7867.671875,83.94695210780297,,0.1130178613280463,14.466286249989937,5218,10435,0.1000057496598118,386.3786220140028,/content/drive/MyDrive/SpikeLoRA_TS_R2_results/checkpoints/E2/E2_base_EC_seed2_1c553ec25a0e.pt,8.0,16.0,,"[""in_proj"",""head""]",True,/content/drive/MyDrive/SpikeLoRA_TS_R2_results/predictions/E2/EC_lora_seed2_frac0.5_SpikeLoRA-TS-R2-corrected-v1.npz,,
SpikeLoRA-TS-R2-corrected-v1,2026-07-20,1c553ec25a0e,EC,2,PowerConsumption_Zone1,Datetime,10,96,960,"[1,2,4,8,24]","[10,20,40,80,240]",7,"[""Temperature"",""Humidity"",""WindSpeed"",""PowerConsumption_Zone1"",""cal_hour"",""cal_dayofweek"",""cal_month""]",3,9c44b9af0cb1923a3fcbcef08826e13f8a405ebf68a8a072597b0feb17e45769,cuda,2.11.0+cu128,spikelora,0.5,1,0.34520484016513053,8,21.68240007699933,445.1748046875,1786.06640625,76069,1120,0.29764461517333984,0.0042724609375,0.014723474740038649,6925.892505721097,5775.506284095662,18.938275539337713,6589.871469146021,5574.74860275006,18.47151494859697,6657.843813097172,5604.518925333115,18.534397582958455,6852.292278221034,5714.876033699808,18.801155960102413,7241.686522067018,5949.100480625598,19.368783553663096,7258.836796243774,6034.28737806973,19.515525651367646,0.05,2591,0.7844359464627151,16469.50390625,0.7805927342256214,15957.1796875,7978.58984375,0.794263862332696,16327.109375,8163.5546875,0.8034416826003824,16806.66796875,8403.333984375,0.8311663479923518,18361.5625,9180.78125,0.7127151051625239,14895.0,7447.5,83.94695210780297,68.26455347814945,0.16605068320103555,21.25448744973255,5218,10435,0.1000057496598118,386.37862201400276,/content/drive/MyDrive/SpikeLoRA_TS_R2_results/checkpoints/E2/E2_base_EC_seed2_1c553ec25a0e.pt,8.0,16.0,0.05,"[""in_proj"",""head""]",True,/content/drive/MyDrive/SpikeLoRA_TS_R2_results/predictions/E2/EC_spikelora_seed2_frac0.5_SpikeLoRA-TS-R2-corrected-v1.npz,68.33644849924315,61.362631453154876
