protocol_id,task,mode,seed,fraction,regime,regime_n,ramp_q33,ramp_q67,test_rmse,test_mae,test_smape,rmse_h1,mae_h1,smape_h1,rmse_h2,mae_h2,smape_h2,rmse_h4,mae_h4,smape_h4,rmse_h8,mae_h8,smape_h8,rmse_h24,mae_h24,smape_h24,picp95,mpiw95
SpikeLoRA-TS-R2-corrected-v1,SR,fullft,0,0.1,low,7008,120.0,530.0,37.56844013452467,20.440311638296468,191.81951775289318,34.42126146958511,18.925478173173182,188.55202078578327,32.81223346414007,17.6977972309339,192.90047444665063,33.76565093422016,20.06539348924541,197.3327998528736,31.471144308118546,18.98681214410965,197.9831842295012,51.62286758375613,26.526077154020197,182.32910944965724,0.996546803652968,295.4710693359375
SpikeLoRA-TS-R2-corrected-v1,SR,fullft,0,0.1,medium,7005,120.0,530.0,95.94927576862307,62.64451335528508,81.5747291394172,79.16665940761364,52.44736868445147,73.84259362541118,81.0008395542741,53.489380750853535,74.14330904450455,87.60368248338519,59.08466385399589,79.61036679948991,100.05330139164165,65.7462188285049,98.65575995009847,124.57027465788774,82.4549346586196,81.62161627758191,0.9818986438258387,441.3622741699219
SpikeLoRA-TS-R2-corrected-v1,SR,fullft,0,0.1,high,6988,120.0,530.0,87.32012526587334,61.004563091302096,63.32134862192503,95.14866925025767,65.98755242228167,72.50617869504057,91.03651558920575,63.88978574804121,67.97031270620188,90.43337390224188,63.75349378667699,58.77058603126009,90.64041677001286,65.37635623078108,40.521986951585404,66.25122401839921,46.01562726872951,76.8376787255372,0.9921007441327991,461.8307189941406
SpikeLoRA-TS-R2-corrected-v1,SR,lora,0,0.1,low,7008,120.0,530.0,39.73269054905043,20.376435265475756,191.8535062526839,36.83755286900833,19.46928157545116,188.76530595625246,35.144697327640834,17.935794892376418,192.9192984563901,34.980461008086706,19.33340693391077,197.1709322117034,32.86226443676666,18.552046829162666,198.06388342797274,54.75141425985531,26.59164609647777,182.34811121110087,0.9943493150684931,273.44097900390625
SpikeLoRA-TS-R2-corrected-v1,SR,lora,0,0.1,medium,7005,120.0,530.0,89.99372149742078,57.83856339927744,81.03232035213018,80.98544668706786,53.64313453276782,74.14638563836219,82.67092605224495,54.09445194568403,74.71350554106452,85.67975785279306,56.32656604840362,79.39422873431067,91.88437763387971,59.00621529578482,98.25223435150204,106.38357578338083,66.12244917374692,78.6552474954115,0.9795860099928623,407.813232421875
SpikeLoRA-TS-R2-corrected-v1,SR,lora,0,0.1,high,6988,120.0,530.0,73.98771252131317,49.73634208412803,62.84287843798055,75.79460015310836,50.26057105236348,72.19656524633497,75.11225707620153,50.09939489708536,67.27122523466494,75.6703348613093,51.22263223400236,57.40533081209727,81.4292866393739,56.59025524600138,38.99195074159192,60.22878999790257,40.5088569911876,78.34932015521362,0.9904121350887235,425.0171203613281
SpikeLoRA-TS-R2-corrected-v1,SR,spikelora,0,0.1,low,7008,120.0,530.0,35.96414260703657,16.112001443453575,191.80788173627522,31.750188096801768,14.682767056983355,188.58688408692942,29.60070859802894,13.043028186989702,193.07395740504546,28.530771550785907,13.375694973828042,197.27996376619998,26.746800158184673,12.744927080798911,198.07681074568518,55.25780605148559,26.713589918667868,182.0217926775162,0.9946347031963471,256.5955505371094
SpikeLoRA-TS-R2-corrected-v1,SR,spikelora,0,0.1,medium,7005,120.0,530.0,88.3912368030835,55.88319077550982,80.79104177471999,80.98984781164096,52.77320293723303,74.48752777508302,80.82214786576553,52.314317037512964,74.41579295269844,83.4578383649665,54.11228930563862,78.99113189824163,87.5990518696901,54.14576818777952,97.54912633570122,106.46442603369424,66.07037640938496,78.51162991187563,0.9780728051391863,392.73309326171875
SpikeLoRA-TS-R2-corrected-v1,SR,spikelora,0,0.1,high,6988,120.0,530.0,67.38705601953758,44.52928959410328,63.09910366131998,68.46563934182713,45.21192525002229,76.32991892988059,66.38918426389716,43.28358831989745,67.73152447455661,69.11961758087892,45.09390269379378,56.408257253844454,73.46634454384201,49.64328446958702,37.79716015495354,58.61044038419432,39.41374723721588,77.22865749336472,0.9925014310246136,407.2187805175781
SpikeLoRA-TS-R2-corrected-v1,SR,fullft,0,0.2,low,7008,120.0,530.0,43.481200068789434,22.848003655917022,191.55959370892887,39.42382815354964,21.790646498606087,187.9243350871098,37.88216807379185,18.701423738645094,192.5911853118529,39.0833507631711,20.288005246419342,197.07598532813282,37.36759774110694,19.228067040987757,198.0667123784147,59.4973213265992,34.23187575492685,182.13975043913427,0.9956050228310502,319.8288269042969
SpikeLoRA-TS-R2-corrected-v1,SR,fullft,0,0.2,medium,7005,120.0,530.0,98.80912496902994,64.71362132691213,83.3957981217028,83.74405753698588,56.82644624240393,76.31195468335183,84.52904002483935,56.36877177508706,77.07016703430637,88.21744402093422,58.508542952717924,82.45959447830751,102.70962273134054,65.42097947789804,100.46342130255772,127.77482566705777,86.44336618645373,80.67385310999049,0.9842969307637401,466.02801513671875
SpikeLoRA-TS-R2-corrected-v1,SR,fullft,0,0.2,high,6988,120.0,530.0,109.5921685923872,77.08750738723658,67.70473517187519,121.69987909357967,82.30208943240903,76.33312441027074,117.75666444655894,80.28033520961122,71.59856799897251,113.86937806704627,80.09632432235604,63.12414899943257,112.49163792491852,85.14021235107352,49.58613474949713,75.85592018117521,57.61857562073313,77.88169970120296,0.9844876931883229,491.1706237792969
SpikeLoRA-TS-R2-corrected-v1,SR,lora,0,0.2,low,7008,120.0,530.0,45.963070420458564,24.507561912493074,191.8407679309911,41.09938000026136,22.19697827182404,188.91813778471013,39.207956934469195,19.58833736916111,193.05170162406014,40.30495945364215,20.75014959296135,197.1009582693271,38.505480987654096,20.72714695865161,198.0608322604957,65.03410233368922,39.275197369867264,182.07220971636232,0.9973744292237443,351.19720458984375
SpikeLoRA-TS-R2-corrected-v1,SR,lora,0,0.2,medium,7005,120.0,530.0,95.0833538888728,60.41367083400424,81.54791937981977,83.23288089576452,53.00671893711349,74.2364956501079,83.55453775062259,52.379530130804305,74.69247544781324,86.69764185422538,55.206759012945206,80.56084363459848,98.1409996329356,62.2318129937705,98.52011632604231,118.94120724466758,79.24353309538772,79.72966584053697,0.9868950749464668,515.3690185546875
SpikeLoRA-TS-R2-corrected-v1,SR,lora,0,0.2,high,6988,120.0,530.0,109.36356981163455,69.43647395779763,67.41570176304485,123.5699776099676,77.20652483529068,78.08569602693659,119.68461495916821,74.17955792038933,71.37069904852123,113.86613791109684,72.03452849865779,60.97233224841588,113.27390037924333,77.59953663590709,46.33809574492798,66.41936250336502,46.16222189874327,80.3116857464226,0.9816256439610761,535.7822875976562
SpikeLoRA-TS-R2-corrected-v1,SR,spikelora,0,0.2,low,7008,120.0,530.0,40.642562651188044,23.006229418488942,191.9978042587597,38.46681610974708,21.859320769026944,189.06177141704313,36.70630920380193,20.549799497813396,193.16102040358632,36.07380420231802,20.90787009343709,197.05578724559575,34.197611523136295,20.485119912178003,197.88373581704587,54.41731740703498,31.22903681998928,182.82670641052724,0.996175799086758,286.4330749511719
SpikeLoRA-TS-R2-corrected-v1,SR,spikelora,0,0.2,medium,7005,120.0,530.0,87.01594867438762,53.32227379765534,80.11193882482061,75.01145465810313,46.10631487871561,72.68429536610142,75.90930778941173,45.749215884484364,73.00526519687911,79.90844690126718,49.188129582428914,78.4086862556459,88.15642346876791,54.07657242093573,97.40550523032026,110.96405000967037,71.4911362217121,79.05594207515634,0.9810992148465382,423.5795593261719
SpikeLoRA-TS-R2-corrected-v1,SR,spikelora,0,0.2,high,6988,120.0,530.0,72.482940004727,45.59209421394754,62.50157747861144,72.64466520270311,43.719460733563274,71.20405929824054,71.80486334666223,43.361341540855754,65.48795112303485,74.04528925162404,45.05095968590372,55.97573014742232,77.91790842722305,51.494722123956706,38.230579430253556,65.43540220682401,44.33398698545826,81.60956739410594,0.9884373211219233,439.6854248046875
SpikeLoRA-TS-R2-corrected-v1,SR,fullft,0,0.5,low,7008,120.0,530.0,93.05490501764805,45.38056317573269,191.99399595872205,99.50387190237174,47.70710901256021,189.4290960422234,102.86911808353722,49.31364660938036,193.2609060200659,101.24494103271547,48.15347965449503,197.02732321634326,96.59870486646734,47.68154109994026,197.97069228313333,56.84323085269062,34.04703950228756,182.28196223184426,0.9758561643835616,372.5308532714844
SpikeLoRA-TS-R2-corrected-v1,SR,fullft,0,0.5,medium,7005,120.0,530.0,123.28530146625812,83.63749197895233,86.0483010628886,93.864213810092,65.93756920694028,77.47642013084982,95.71965846611934,67.09289384688078,77.88684367722436,106.54600867432657,74.12005322910393,83.73088651760789,127.62557797579304,87.58268558847998,101.2784053525258,174.30790004755562,123.45425802335664,89.86894963623514,0.977558886509636,514.0762939453125
SpikeLoRA-TS-R2-corrected-v1,SR,fullft,0,0.5,high,6988,120.0,530.0,120.35334014890847,87.21931584996364,68.97716145994839,130.76366210622078,90.17527032621807,78.35539347469847,119.53901509129061,83.53175387958424,71.99268345970255,118.14262943752935,85.6387194648223,64.40855133120327,112.65256373486547,85.49709481434202,47.08186109608219,119.9484887863008,91.25374076485156,83.04731793805544,0.9896680022896394,537.9965209960938
SpikeLoRA-TS-R2-corrected-v1,SR,lora,0,0.5,low,7008,120.0,530.0,52.58614553377962,29.356761836570147,191.8758614100549,52.514373479613994,28.198859517432783,188.55780792966573,51.2415148417472,24.82768787749826,192.93907732415678,51.00426044238709,27.655174678863457,197.1125122195644,46.75048958552253,28.226965834561003,197.95174572296685,60.46501786574586,37.875121274495235,182.81816385392088,0.9947773972602739,330.92333984375
SpikeLoRA-TS-R2-corrected-v1,SR,lora,0,0.5,medium,7005,120.0,530.0,117.49256892606374,79.24718800448758,84.38347225736028,90.25763846460674,62.1596616822596,75.89274163661392,90.40334660594476,61.01389762992777,76.0091178081281,108.32425886763788,75.0996173768789,83.19043174932118,141.7588650836286,95.77130438445893,103.202591046752,144.47695835822927,102.19145894891274,83.62247904598622,0.9780728051391863,479.0371398925781
SpikeLoRA-TS-R2-corrected-v1,SR,lora,0,0.5,high,6988,120.0,530.0,130.52996308266358,94.8540779766657,69.38055513506835,137.14857033473865,96.90811927371797,77.78258885306676,128.29376974715984,90.7498070106004,72.79565480548392,134.80626385486482,99.10110204616954,65.76863699860512,140.0663571061981,105.60664518123772,49.016166925229086,110.13637656786774,81.90471637160286,81.53972809295686,0.9681167716084716,503.97686767578125
SpikeLoRA-TS-R2-corrected-v1,SR,spikelora,0,0.5,low,7008,120.0,530.0,126.06556581980603,63.90819832919395,192.68902445112414,137.04787811379262,69.50013845043095,190.59311720892106,138.71395170442008,69.23888469177838,193.83597039776419,138.2067433207784,69.95339358125104,197.10103730762853,130.3465801950637,65.53473094826964,197.94111696189609,73.12741118422264,45.31384397423975,183.97388037941082,0.9578196347031963,413.1522216796875
SpikeLoRA-TS-R2-corrected-v1,SR,spikelora,0,0.5,medium,7005,120.0,530.0,140.21317150037459,91.6905385034685,87.39802134403094,92.84834319360994,61.484106821064266,76.37909259531143,108.24089288906964,73.2139052255591,78.97766379038126,126.66256048998218,86.38862641883867,86.18459442448626,154.64838846028337,104.4544235469102,104.99050177841272,194.9416151069462,132.9116305049703,90.45825413156308,0.9728765167737331,559.1597290039062
SpikeLoRA-TS-R2-corrected-v1,SR,spikelora,0,0.5,high,6988,120.0,530.0,141.3863583992091,101.2877322362366,74.1688173508993,138.90668942214776,95.07306178747481,78.13306076981677,143.25710252402843,97.74039241526559,77.32488273151195,141.32429920246074,102.08349957436101,72.35757325288846,142.98543524639297,109.56481119995466,56.725781700176114,140.4117291378464,101.97689620412686,86.30278830010326,0.9780194619347453,584.1211547851562
SpikeLoRA-TS-R2-corrected-v1,SR,fullft,1,0.1,low,7008,120.0,530.0,35.85725061501886,17.429013126843596,191.61093393998883,34.514337507274945,17.855281986602364,187.85932387629393,32.574602591385165,16.766971895139513,192.68172799865897,29.39444339706141,14.531694095428676,197.38684862500807,28.88569861337065,16.13194241806797,197.98070354536048,49.779021623401356,21.85917523897946,182.14606565462256,0.9971461187214612,304.6552734375
SpikeLoRA-TS-R2-corrected-v1,SR,fullft,1,0.1,medium,7005,120.0,530.0,102.89129963518077,64.09865832593593,82.01961308729202,83.42949639704578,52.62476983407325,73.74019190507737,86.20282209653799,55.05827924359449,74.04032413579942,89.87100974320776,56.88530067373054,79.488277456755,101.9589083041622,64.05391080694314,99.11245857071643,141.66606129122954,91.87103107133821,83.71681336811186,0.9777301927194861,457.48724365234375
SpikeLoRA-TS-R2-corrected-v1,SR,fullft,1,0.1,high,6988,120.0,530.0,86.41265287040268,57.539087130235956,65.18057316915646,88.25271629763581,56.089548930892555,72.78582402508069,88.95708412086807,58.60930466720153,68.6792807225326,88.73735580524885,58.90231132179789,58.791086431893945,90.72120330821222,63.524966713218056,41.13570279027143,74.35840965424198,50.56930401806976,84.51097187600364,0.9893817973669147,474.82275390625
SpikeLoRA-TS-R2-corrected-v1,SR,lora,1,0.1,low,7008,120.0,530.0,41.15737775687312,19.071799152844573,191.79902599530442,40.46182119838551,19.171907243118984,188.25772801605035,38.31868020640119,17.770900007796612,192.57945348947752,35.353340102827396,15.652740760480977,197.36291439693565,34.11782263859737,17.713006890527733,198.06258232301008,54.316516950502624,25.050440862298554,182.7324517510485,0.9956906392694064,313.6542053222656
SpikeLoRA-TS-R2-corrected-v1,SR,lora,1,0.1,medium,7005,120.0,530.0,91.58873154435324,56.922116766527324,82.06901788024456,78.0191356929972,48.96292840602311,73.61424761814426,81.02187071040257,51.682498745098016,74.40712023702399,84.1903996817505,52.939530455802355,80.38494872514393,93.16903585434525,57.83384492426239,101.11429626068178,116.28609986245723,73.19178130145076,80.82447656022886,0.9830121341898643,470.90777587890625
SpikeLoRA-TS-R2-corrected-v1,SR,lora,1,0.1,high,6988,120.0,530.0,91.42214332879652,62.17381027824345,66.17270385138777,90.63324256327775,58.217980568792456,73.13613402550699,93.26447405934783,62.449725526090205,68.74666234791609,94.9179486754869,64.14978103441175,59.67355132616704,101.79184833554703,73.75995868864098,44.230171803511666,74.20510296957337,52.29160557328188,85.07699975383703,0.9888666285060103,492.7037658691406
SpikeLoRA-TS-R2-corrected-v1,SR,spikelora,1,0.1,low,7008,120.0,530.0,32.70121674220246,14.759571936794613,192.18752019182062,29.538673692107494,12.506247653264433,188.11302095648367,27.89922844787559,11.966250410907344,192.7747060538077,25.624179128924922,11.555508347951115,197.39311841109026,24.240425186155573,12.42348561221606,198.1111926831936,49.515158501110776,25.346367659634108,184.5455628545278,0.9969463470319635,278.0860595703125
SpikeLoRA-TS-R2-corrected-v1,SR,spikelora,1,0.1,medium,7005,120.0,530.0,89.8500910591111,57.252231637653836,83.07725822215568,79.35514415927764,52.13400797547824,75.59282587753039,81.04495703014311,53.14215810640977,76.36564635562961,82.3369442044928,52.428316401414236,81.37670013559973,87.2409764832093,54.09013450344829,100.60947629184145,114.4958950941808,74.46654120151865,81.44164245017726,0.9822698072805139,425.94134521484375
SpikeLoRA-TS-R2-corrected-v1,SR,spikelora,1,0.1,high,6988,120.0,530.0,82.48692677857004,58.04174293601042,68.5148957971993,80.59690300361787,53.11405116377657,76.90889122653232,82.75585231466144,56.8677340803927,72.71147844791928,84.26313905348535,58.22242710941099,60.175108199140745,88.03133597596499,63.74123983596077,41.99218936021313,76.33007836957186,58.263262490511075,90.78681175219104,0.9897824842587293,444.2556457519531
SpikeLoRA-TS-R2-corrected-v1,SR,fullft,1,0.2,low,7008,120.0,530.0,39.72209434035561,19.536539162674995,191.16464385700453,37.72433156393599,18.369533709739443,187.22240188211228,37.90271816001343,19.46790794368204,191.9448239597026,35.397416074626065,16.9272058695963,196.9538770607807,33.01217557227032,16.2556088809009,197.94069418232067,51.83340483976304,26.662439409456297,181.76142220010658,0.9969748858447488,333.3385925292969
SpikeLoRA-TS-R2-corrected-v1,SR,fullft,1,0.2,medium,7005,120.0,530.0,98.97198707732846,64.14776909577004,82.43436094038685,81.80400103102525,54.688064588264936,75.03019625029175,84.89385839500646,56.7579784537621,75.15687979794924,88.74159587118208,58.038440123291885,80.27865178057671,103.78780654896732,66.04619728976024,99.59253366223928,128.18513847669277,85.20816502377103,82.1135432108772,0.9856959314775161,488.6400146484375
SpikeLoRA-TS-R2-corrected-v1,SR,fullft,1,0.2,high,6988,120.0,530.0,102.6538238280445,70.53512714257155,68.01045065904503,109.07395349284994,71.71183332062205,76.84944010858126,108.94543035157977,74.01610716397788,72.84324353176402,104.4593486205512,71.93631484430725,62.551334843637974,107.60683551031394,78.32934659838881,45.609213884412284,80.19860999276143,56.6820337855618,82.19902092682962,0.9894962793360046,510.6477355957031
SpikeLoRA-TS-R2-corrected-v1,SR,lora,1,0.2,low,7008,120.0,530.0,44.06695617997058,23.720483401050306,191.81895140874218,44.57784601201928,24.833366064176168,188.6598902208727,42.71682808699868,22.924073756013286,193.02777320940777,39.629953824537566,19.044180343140205,197.48743408155528,38.00677695663691,20.772639674138805,198.0442970061184,53.6891333808361,31.028157167783068,181.87536252575674,0.9966609589041096,324.4197998046875
SpikeLoRA-TS-R2-corrected-v1,SR,lora,1,0.2,medium,7005,120.0,530.0,87.49691003259944,55.76867503022569,81.02040858865624,76.15081669516127,50.20976774010124,73.37641991594232,78.57493907896082,51.2158108827644,74.07757545490237,80.86020599422218,51.231716362397044,79.6508186664618,88.64525550543395,55.533665505517476,98.30645051415804,109.12939179987141,70.65241466034828,79.69077839181668,0.9868094218415417,473.5796813964844
SpikeLoRA-TS-R2-corrected-v1,SR,lora,1,0.2,high,6988,120.0,530.0,88.85899284891622,59.533791482987645,64.67162220958242,91.66376064517395,61.1454799959983,72.14353216329276,92.67473973314674,62.61179695937316,68.27966638349704,92.31440659450664,61.273683868958464,59.2119164406705,95.24162202679584,65.72084698079311,41.305116140852526,69.97023952514063,46.917149609815205,82.41787991959932,0.9872925014310246,496.27716064453125
SpikeLoRA-TS-R2-corrected-v1,SR,spikelora,1,0.2,low,7008,120.0,530.0,34.24442364045975,17.80408534611741,191.8779796347936,32.46777748030143,17.880600297832054,188.62408359164988,30.175698736823584,16.699212867919712,193.01794697506196,26.361018009163896,13.359146007119794,197.34751141628584,25.153655170781768,14.186676693833581,198.0195698732936,50.705657915467675,26.894790863881916,182.3807863176769,0.9983447488584475,330.8111877441406
SpikeLoRA-TS-R2-corrected-v1,SR,spikelora,1,0.2,medium,7005,120.0,530.0,89.64607836330534,55.0968300735942,81.66338917964624,76.09200340971869,47.38326738726489,73.51265733228001,78.1328967924524,48.36442509065093,73.93487136418393,80.19112083458194,48.52558025003415,79.23603350576023,91.95109533443632,55.37413530696893,98.97230778944464,115.76586064814457,75.83674233305207,82.6610759065624,0.9881227694503926,486.1368103027344
SpikeLoRA-TS-R2-corrected-v1,SR,spikelora,1,0.2,high,6988,120.0,530.0,101.07822476672364,67.14692108075688,67.97497619759437,104.17307490407067,66.04779836854459,74.84933345224074,105.15909566780888,68.73120895848659,70.04224134392213,103.23431883179417,67.52664585364636,60.145684659191225,112.24986875499522,79.09231529170333,46.38677435549278,76.91693606185078,54.33663693140354,88.45084717712497,0.9858328563251287,510.9579162597656
SpikeLoRA-TS-R2-corrected-v1,SR,fullft,1,0.5,low,7008,120.0,530.0,114.75880641875271,50.12629626483133,192.40143170258085,125.48701618434221,51.9347101945311,191.08530929847163,128.03029354301157,54.12744589701091,194.03598890085917,126.45114095978838,54.34385070626594,196.9288099589711,120.58401467064664,54.533327630665745,197.88459380080872,56.38062888618509,35.692146895682974,182.07245655379356,0.9535958904109589,367.0869445800781
SpikeLoRA-TS-R2-corrected-v1,SR,fullft,1,0.5,medium,7005,120.0,530.0,119.61404947079026,78.71915393510774,85.80138215879526,93.13246401897149,62.047520038351514,78.22373082608482,98.71837607817362,65.18877357412116,79.05143587355377,112.85001227369123,74.02858025757098,84.71876001015539,132.79317173072482,88.56694135972212,101.6215793516778,150.82930350488434,103.7639544457729,85.3914047325045,0.977644539614561,512.4000854492188
SpikeLoRA-TS-R2-corrected-v1,SR,fullft,1,0.5,high,6988,120.0,530.0,112.3307904859742,79.90690105898966,70.01545725207956,111.1279190356469,75.63464212772433,78.40326240927207,108.96100013264162,75.3475603727047,73.08226714246669,107.373476377289,76.54027058536418,63.55855714216876,104.48445984351865,78.20658819594927,45.45277035715678,128.15245896503217,93.80544401320581,89.58042920933347,0.9894676588437321,527.9645385742188
SpikeLoRA-TS-R2-corrected-v1,SR,lora,1,0.5,low,7008,120.0,530.0,123.62468983691662,65.39660570741245,192.4864545131496,136.43682341947635,72.77873812962885,190.3488641125292,133.70190321819615,70.4536000071051,193.9079468652711,135.3477527283904,72.13923728085,197.10063043253356,129.23550592467967,67.00171458013526,198.0213899618036,70.02345190841764,44.60973853934301,183.05344119361038,0.9663812785388128,423.19451904296875
SpikeLoRA-TS-R2-corrected-v1,SR,lora,1,0.5,medium,7005,120.0,530.0,111.8697316653761,76.96412462777704,85.25611479614085,88.24593674332394,60.21478982036408,76.02829510530374,96.91187649801736,67.24417647280751,78.19889066615671,104.72467665899184,72.9695484463612,84.55617011163712,117.42781480924694,82.68047432092834,101.00064418549877,143.66063331385308,101.71163407842403,86.4965739121079,0.9878943611705925,560.7706909179688
SpikeLoRA-TS-R2-corrected-v1,SR,lora,1,0.5,high,6988,120.0,530.0,130.90161943496176,93.54516584967367,73.26989613872742,141.7789556538996,97.64750426280956,79.04024935085066,146.3715301187196,102.94172814865418,76.38954091179386,134.79976502667154,97.12796521855547,67.10804138742778,125.52710329300422,95.39488697106592,48.49806552976171,101.1051059318654,74.61374464728318,95.31358351380315,0.9910704064109903,579.575927734375
SpikeLoRA-TS-R2-corrected-v1,SR,spikelora,1,0.5,low,7008,120.0,530.0,82.22532233507489,39.391611096630356,192.3419548726355,87.57386809325408,41.09344377256419,189.2870896106478,88.74603929850653,40.52185291351249,193.34356159947708,86.9780550033214,38.606870701323906,197.39899606688508,83.28539095035181,39.8855832559333,198.09644536495458,61.30528446744492,36.8503048398179,183.58368172121277,0.9833618721461187,360.6692199707031
SpikeLoRA-TS-R2-corrected-v1,SR,spikelora,1,0.5,medium,7005,120.0,530.0,108.63980981336165,74.08340995902934,85.87431190600586,96.80087798058264,67.44151415283726,78.10598512971885,96.71566304550308,66.76400846253966,78.67230805051378,102.30961649471983,69.62183529665265,85.16985848908989,109.00719664091133,71.13715330310416,102.10816750306681,133.93612424759442,95.45253858001296,85.31524035763985,0.9889507494646681,508.9334411621094
SpikeLoRA-TS-R2-corrected-v1,SR,spikelora,1,0.5,high,6988,120.0,530.0,145.44227409369995,101.25132572281068,73.45466339487274,165.19946272630486,113.65740997039323,82.06974389227061,157.0335877581711,109.33340855223422,77.60120769257226,148.75609554063328,106.01479926543298,67.7675570607683,142.6662510221489,103.44954538700168,51.511700072766416,106.4651593586506,73.80146543899126,88.32310825598614,0.9670578133943903,533.9130859375
SpikeLoRA-TS-R2-corrected-v1,SR,fullft,2,0.1,low,7008,120.0,530.0,45.62781725700124,20.52110984401616,191.99066009565124,47.32136069857382,21.16193169219309,187.79163343631663,46.146073410993054,20.119782961666857,192.39400427238698,45.21871466513728,20.583184559051304,197.234883072915,40.71289555291577,18.185759176402332,197.97815038838255,48.35747355171157,22.55489083076721,184.55462930825504,0.9947773972602739,306.287109375
SpikeLoRA-TS-R2-corrected-v1,SR,fullft,2,0.1,medium,7005,120.0,530.0,100.11670028194658,61.27675387571064,82.52928824942661,78.24610218964851,47.88154322360772,74.25413536139004,79.94750377709408,48.55261758372751,73.9693595937736,83.16180129050191,52.088516184162195,79.07562958099149,94.2419202065151,57.86728021702028,99.14063547241628,147.66613623499507,99.9938121700355,86.20668123856177,0.9755032119914346,454.41534423828125
SpikeLoRA-TS-R2-corrected-v1,SR,fullft,2,0.1,high,6988,120.0,530.0,84.04461920644918,55.57986202534772,65.30803432153685,83.57475700878906,51.76569779804931,71.93145721134219,83.17083714881552,52.24087284985582,67.38302156798277,84.11390339151183,55.15199262971665,58.68747240207719,86.39276060448705,60.57096527287396,44.00139887293626,82.92468931537528,58.16978157624287,84.53682155334582,0.9911276473955352,474.40106201171875
SpikeLoRA-TS-R2-corrected-v1,SR,lora,2,0.1,low,7008,120.0,530.0,38.35216218668007,17.46655847383961,191.60096153536924,34.665718075436644,14.192744541385947,187.75152763006867,32.45652269388989,12.414752038102172,192.49563351577677,31.133812881006644,12.415329048078354,197.2599275070575,30.861917082990193,15.683574296568082,198.11155024476045,56.36959833416878,32.62639244506348,182.38616877918287,0.9954337899543378,268.0511779785156
SpikeLoRA-TS-R2-corrected-v1,SR,lora,2,0.1,medium,7005,120.0,530.0,86.87423791042995,51.73488613131385,80.21688336353907,75.04419663820589,43.68350564220137,73.15679915271195,78.98024149820417,47.61493661623185,74.2310471676402,81.7980258042217,49.76763823874757,78.47244276843777,86.14799843351446,50.2807467344231,97.05236093078062,108.41476563103681,67.32760342496536,78.17176679812479,0.9773019271948609,404.1683349609375
SpikeLoRA-TS-R2-corrected-v1,SR,lora,2,0.1,high,6988,120.0,530.0,69.1595946446847,42.95633061916131,62.49353675511043,65.7661625062317,37.89959879800396,71.3096071574075,69.22233212734167,42.60729759600617,68.0901583886736,72.72249566631,45.920025820587455,57.83834533935631,73.9879055687602,46.284037386408926,37.220197003868925,63.52603178818255,42.070693494800025,78.00937588624582,0.9903548941041785,420.5611572265625
SpikeLoRA-TS-R2-corrected-v1,SR,spikelora,2,0.1,low,7008,120.0,530.0,39.93713271726031,16.944606468993236,191.56380117207817,38.47855120475657,15.46955661904322,187.8352014049503,36.20822462039985,13.468057815342734,192.3350575030732,33.93877900388404,12.505929932746714,197.36361364320078,32.78232427289314,15.63989319431183,198.0681103309123,54.3757014703656,27.639594783521677,182.2170229782543,0.9950342465753425,269.73541259765625
SpikeLoRA-TS-R2-corrected-v1,SR,spikelora,2,0.1,medium,7005,120.0,530.0,84.95237116160529,48.885045193679666,79.4267466725295,73.22973946183095,41.3722974898388,72.26746212125421,75.1966522543333,42.19536424918655,72.078819723655,76.99092160007854,44.25329084811595,77.44416382325659,83.85163851044679,48.83229912942346,96.6569486901431,110.03952148329651,67.77197425183358,78.68633900433863,0.9774161313347609,405.6356506347656
SpikeLoRA-TS-R2-corrected-v1,SR,spikelora,2,0.1,high,6988,120.0,530.0,70.23862524530955,44.90569702545847,63.413948350930326,66.4598599375373,39.414056626195965,71.74694179806934,67.2937087212441,40.389325951465416,65.3828919882795,72.51335829784746,45.59728539788389,56.296634455133955,76.26287574052198,50.0591466616547,38.414388325257356,68.17442935244968,49.06867049009239,85.22888518791146,0.9904121350887235,421.477783203125
SpikeLoRA-TS-R2-corrected-v1,SR,fullft,2,0.2,low,7008,120.0,530.0,53.77347986467528,27.484601898933654,191.39353007411955,54.505499689415366,25.46608023883001,187.61251417957652,54.56501732085431,25.973184577950605,192.34367652156575,53.36124165311274,25.64216606039979,197.0676874585124,50.94384856943589,26.816472713261433,197.9504458603375,55.3809286157039,33.525105904226436,181.99332635060568,0.9930365296803653,313.6018371582031
SpikeLoRA-TS-R2-corrected-v1,SR,fullft,2,0.2,medium,7005,120.0,530.0,99.26442744739435,61.20041477026385,82.54167414694706,78.78713177982239,48.978149819220924,75.43283747805285,78.65835383051325,47.74721201665907,74.68522575809659,80.7913184287319,50.65491957082483,79.69266343248228,90.53820164538962,56.49079852434331,97.8423280212642,148.82264925152953,102.1309939202711,85.05531604483944,0.977558886509636,451.6811218261719
SpikeLoRA-TS-R2-corrected-v1,SR,fullft,2,0.2,high,6988,120.0,530.0,80.82997871212586,52.42332357047419,65.66601774264633,77.41183889143583,47.16922841675294,73.35875393719921,76.15649853587325,46.68193173312977,67.85771787342162,79.50486167915376,51.94746499260835,60.872715120970824,81.79751594991387,56.520450592041016,42.35573882636818,88.67449225689273,59.797542117838866,83.88516295527178,0.9915283342873498,471.01275634765625
SpikeLoRA-TS-R2-corrected-v1,SR,lora,2,0.2,low,7008,120.0,530.0,39.085031482048535,20.985113709158004,191.64480267473766,39.04842362204495,20.812166617885573,187.9592904579597,36.54845269742532,17.57700163697543,192.5696731890515,36.17418185664231,18.618526012385818,197.18610357736114,34.60694904574563,19.257271150475766,198.05501242524622,47.659388294109974,28.660603128067436,182.45393372406988,0.9967751141552511,324.8086242675781
SpikeLoRA-TS-R2-corrected-v1,SR,lora,2,0.2,medium,7005,120.0,530.0,90.66082412644761,55.766909774791166,80.99620381585315,75.85806679568941,45.01100069491205,72.71146353614658,77.61672398423298,45.81708598494274,73.11555907509243,81.6628025496664,50.06641002167641,78.76467019067081,93.48242481081341,59.3334002879413,98.44031272953967,117.94212965532827,78.60665188448333,81.94901354781628,0.9852676659528908,480.8031311035156
SpikeLoRA-TS-R2-corrected-v1,SR,lora,2,0.2,high,6988,120.0,530.0,84.68095146920433,51.89419788913039,63.37730425215962,87.2896526765689,50.96744182850882,71.80326262507765,85.73050308895887,49.35151023952089,66.6230798971845,86.1182119980373,51.299654218764324,57.39121722118623,86.12344676600911,54.95354441690254,39.260296012780934,77.79151987054998,52.89883874195538,81.8086655045688,0.9892100744132799,504.69415283203125
SpikeLoRA-TS-R2-corrected-v1,SR,spikelora,2,0.2,low,7008,120.0,530.0,40.245404786754186,18.928183469598153,191.81975577019637,41.02795741678555,20.52547046256392,187.8333219820292,37.97003222958324,16.82683505968416,192.3950902173379,35.608643051129874,15.431357020112477,197.30739074168386,33.02829821965419,15.410554290362144,198.32490108000195,51.133183469349255,26.446700515268056,183.23807482992908,0.9949486301369863,268.58587646484375
SpikeLoRA-TS-R2-corrected-v1,SR,spikelora,2,0.2,medium,7005,120.0,530.0,83.5685798603165,48.50380917556621,79.53688330474874,72.80365630198662,43.471429347515446,72.45891579025107,73.38411580841944,41.71277933168377,72.11821256933425,75.25221978780186,43.27419323808886,77.37167020955312,81.4331451217376,44.92174616397746,96.2523805285715,109.26428130006421,69.13889779656552,79.48323742603375,0.9778443968593862,404.5208435058594
SpikeLoRA-TS-R2-corrected-v1,SR,spikelora,2,0.2,high,6988,120.0,530.0,67.62434130702448,41.809469647945235,63.37250345671632,65.40298637770242,39.211349635787464,73.88792184869381,64.95558727376152,37.95947060806108,66.0063051931665,68.65648415332713,41.10627429527628,56.02308593959678,71.20013181047128,43.86850369174479,37.174816455380395,67.714896106536,46.90175000885656,83.77038784674413,0.989582140812822,419.9656982421875
SpikeLoRA-TS-R2-corrected-v1,SR,fullft,2,0.5,low,7008,120.0,530.0,69.54757058351049,31.462100604680032,191.76198864416457,73.8866112354358,33.2415217482336,188.6918741895306,75.47995364417882,33.44262692373093,193.0859163036844,75.98078544326583,32.43695987740608,197.16841453896748,70.18588911703817,28.970684480449382,198.05931421788569,48.256909978087926,29.21870999358016,181.80442397075458,0.9864440639269406,317.623291015625
SpikeLoRA-TS-R2-corrected-v1,SR,fullft,2,0.5,medium,7005,120.0,530.0,95.27520285005465,59.44524744223051,81.69153513964311,74.41067292199533,45.502566638323,72.86272371357077,77.01761930025815,45.905266460497664,73.013066185764,82.46073821980295,49.65270960696844,79.35181674186524,92.714708247377,57.10804879122509,97.90240124740592,136.09691028844315,99.05764571413835,85.32766780960955,0.9834689507494647,457.6776428222656
SpikeLoRA-TS-R2-corrected-v1,SR,fullft,2,0.5,high,6988,120.0,530.0,82.81397110921614,52.00322683669528,62.87332438324452,66.19515897105613,39.1231464545387,70.6548479696302,66.00363418125838,39.78718361748104,64.86956124564685,69.19426684180871,42.381421253486025,56.37775800086287,74.63881860685744,47.97096884257464,39.188764201004,123.26268880423977,90.75341401539602,83.27569049907866,0.9918717801946193,475.61444091796875
SpikeLoRA-TS-R2-corrected-v1,SR,lora,2,0.5,low,7008,120.0,530.0,154.6276996845847,72.64898986446259,192.80392550807906,169.06334390637417,80.87910361594805,191.50906592838942,171.72164554047185,82.15908891098684,194.4074666994392,174.5231132044265,82.6525318132688,197.23903833300517,166.5618275424536,81.94670745771225,197.99717025396956,57.24273152070133,35.60751752439699,182.866886325592,0.9468892694063927,481.57391357421875
SpikeLoRA-TS-R2-corrected-v1,SR,lora,2,0.5,medium,7005,120.0,530.0,157.3599263538796,98.52125811819856,88.82935273246817,122.79170847161862,72.3312151574646,78.97027785821768,133.633317866681,79.34691065503051,80.29331166914253,153.7239096418533,92.28033962753481,86.85817627443045,173.26076194275848,112.8556678123937,103.94325137749551,192.93712129212915,135.7921573385692,94.08174648305466,0.9604853675945753,653.7365112304688
SpikeLoRA-TS-R2-corrected-v1,SR,lora,2,0.5,high,6988,120.0,530.0,146.26389731122285,95.54316441842195,72.7665839735013,158.03382832120957,95.72085281966001,79.1247662686517,153.69885331546027,94.4926747899091,75.23175256859847,144.81108135203402,93.58662563797809,66.70487657535192,142.89190040094024,99.77649324392003,49.29916096856689,130.30451026905072,94.13917560064253,93.47236348633763,0.9771322266742988,674.9736328125
SpikeLoRA-TS-R2-corrected-v1,SR,spikelora,2,0.5,low,7008,120.0,530.0,39.870709659445225,17.832759669055676,192.01077793878733,40.38741267685396,19.583975947610863,188.14118021363115,38.139203343049836,16.154655524040464,192.98990221011235,37.56564341057783,14.849140519965184,197.2414036488715,34.522298012694435,14.193321111539728,198.1769377361105,47.53586945074121,24.382705242122146,183.504465885211,0.9968036529680365,325.3468017578125
SpikeLoRA-TS-R2-corrected-v1,SR,spikelora,2,0.5,medium,7005,120.0,530.0,118.17586732372057,77.01000460377597,86.15492480940314,95.2156182883802,65.61601772267507,78.14775444289809,97.04712304379782,65.74629686942363,78.60618454384546,100.70541451398785,66.23599699620772,81.86312312820921,117.04765822996723,75.25474795029047,102.36801722942775,165.8366220769651,112.19696348028299,89.7895447026352,0.9822127052105639,480.5687255859375
SpikeLoRA-TS-R2-corrected-v1,SR,spikelora,2,0.5,high,6988,120.0,530.0,111.67895511267045,78.05822895532617,67.86505123191984,123.43847996421681,86.05939695667251,77.03532611421511,119.57684672515762,84.01695398855837,72.07536286014442,107.16779397551981,75.795133769751,61.7951010925813,107.81613236349382,76.76066008198241,43.4123902266249,98.56982298492396,67.65899997966659,85.00707586603342,0.9872066399542072,512.6038818359375
SpikeLoRA-TS-R2-corrected-v1,WS,fullft,0,0.1,low,7295,0.3999999761581421,1.0,0.7481789237373455,0.5805967987343577,42.735928442703916,0.730251119289431,0.5642309229042205,41.29330795427488,0.7355085558471444,0.5677163614648266,41.725947276758724,0.7505341962966007,0.5797625740804927,42.78101597628733,0.7619654516491973,0.5888899034470054,43.69597476285582,0.7620538349476992,0.6023842317752433,44.18339624334277,0.8460315284441399,2.145514726638794
SpikeLoRA-TS-R2-corrected-v1,WS,fullft,0,0.1,medium,7232,0.3999999761581421,1.0,0.6996189789081666,0.5521737459239311,36.10941922152839,0.6553633427485404,0.5088290207384698,33.60520633926373,0.6677765030679507,0.5197682209823907,34.27187222020501,0.698702601309328,0.549367596106851,36.143249116714884,0.7488884884271743,0.5969267630438625,39.30355510042872,0.7231097537712837,0.5859771287480814,37.22321333102959,0.8847068584070796,2.145214796066284
SpikeLoRA-TS-R2-corrected-v1,WS,fullft,0,0.1,high,6474,0.3999999761581421,1.0,0.771532873831397,0.6032862355928565,34.9676075978802,0.63150851598211,0.4742924212801777,28.266230072716986,0.6335382158193396,0.47705248544199214,28.072905777384232,0.6486589927139145,0.49568212329696865,28.46937758273837,0.6976406758208027,0.5518972094334457,30.920182150346797,1.1263570477263667,1.0175069385116986,59.109342406214616,0.8451343836886006,2.14269757270813
SpikeLoRA-TS-R2-corrected-v1,WS,lora,0,0.1,low,7295,0.3999999761581421,1.0,0.9351057330587326,0.7228669071132144,49.54708298104889,0.9612317410087887,0.7360385841666386,49.278782169211325,0.9690871106125204,0.7443725657185273,49.99850369407067,0.9713649444290544,0.7472273182754569,50.634147241920616,0.9474724748862069,0.7357840066988882,50.893958700442944,0.8171679302235157,0.6509120607065615,46.93002309959893,0.717039067854695,2.0539376735687256
SpikeLoRA-TS-R2-corrected-v1,WS,lora,0,0.1,medium,7232,0.3999999761581421,1.0,0.7696780602905998,0.6088775421352645,39.352496004621486,0.752655235670759,0.5815047943404159,37.53888066036883,0.7666188977342597,0.5974409952677325,38.47140856711627,0.7859833440473821,0.6221687554966955,40.11453902452939,0.819078230122156,0.6626802420128236,42.90537233000027,0.7205332609516749,0.580592923558655,37.73227944109265,0.8350940265486726,2.053210735321045
SpikeLoRA-TS-R2-corrected-v1,WS,lora,0,0.1,high,6474,0.3999999761581421,1.0,0.7368716299236842,0.5716732648960557,34.96896343131994,0.6410743537626682,0.48661528170974233,30.134785459346798,0.6389881474406056,0.48432009500745715,29.7903771577002,0.6299062268816076,0.4770661255239446,29.074334568182934,0.6198791273532255,0.4766908773935464,28.702203874198588,1.055738996209629,0.9336739448455885,57.14311609717121,0.8446092060549892,2.0508859157562256
SpikeLoRA-TS-R2-corrected-v1,WS,spikelora,0,0.1,low,7295,0.3999999761581421,1.0,0.7458876661285528,0.5865418424142232,43.403067934299486,0.7626948252911661,0.5982794674395534,43.41321362861376,0.7635787260544216,0.5981547041409958,43.65769881927767,0.761917544547111,0.5963772227782105,43.99215649126236,0.7530301748377327,0.587993515077072,43.96622729373689,0.685137501600837,0.5519043026352843,41.98604343860677,0.8585606579849212,2.166576385498047
SpikeLoRA-TS-R2-corrected-v1,WS,spikelora,0,0.1,medium,7232,0.3999999761581421,1.0,0.6776084557081321,0.527771440743411,34.80231273013923,0.6699296334341358,0.518419622023285,34.10151690156481,0.676913794134487,0.5242639486554318,34.50013746662028,0.6895766212978862,0.5355750397507069,35.39458726374913,0.7104435620526762,0.5535658056295552,36.82920231044043,0.6391417106482356,0.5070327876580764,33.18611970832151,0.9016316371681415,2.1665847301483154
SpikeLoRA-TS-R2-corrected-v1,WS,spikelora,0,0.1,high,6474,0.3999999761581421,1.0,0.7002107827624156,0.5442743901157585,32.40085425966065,0.6334425476747266,0.4807056265459924,29.227726149887328,0.6293107050893709,0.4756423083119898,28.65658459858852,0.6235790067468627,0.4686577641139032,27.710226124166233,0.6167016378931286,0.46082086389286486,26.380843469464903,0.940756391901523,0.8355453877140424,50.02889095619625,0.8903923385851097,2.1662089824676514
SpikeLoRA-TS-R2-corrected-v1,WS,fullft,0,0.2,low,7295,0.3999999761581421,1.0,0.7069058827637492,0.5357588917037409,40.09112976456988,0.7149943864611822,0.5340001806157186,39.263851662592785,0.7166172297579213,0.5364037372789782,39.6590886112942,0.7197104567249466,0.5415380946326697,40.369425266134215,0.7102748650554054,0.5391663825454738,40.78348148080272,0.6718250392210403,0.5276860634458646,40.37980180202548,0.8548594928032899,2.0323121547698975
SpikeLoRA-TS-R2-corrected-v1,WS,fullft,0,0.2,medium,7232,0.3999999761581421,1.0,0.6687497089679536,0.5283633458617646,34.930578184402286,0.6197354711845245,0.47772534748753614,32.00635687546911,0.6355192234376797,0.49301289162903494,32.85200730713058,0.6698262410093718,0.5265367578764537,34.79641382655147,0.7286495723611466,0.5846060173816782,38.35167815261282,0.6845266511784989,0.5599357149341201,36.646434760247445,0.8814712389380531,2.0359418392181396
SpikeLoRA-TS-R2-corrected-v1,WS,fullft,0,0.2,high,6474,0.3999999761581421,1.0,0.7488288454628816,0.5790514307494218,33.978307896477844,0.6217930169651732,0.4564267353562982,26.907994418470306,0.6231724850085877,0.45938287182358045,26.92373014733876,0.6320236775893615,0.4738401125012852,27.521610820748815,0.6717254072083609,0.5304790426449604,30.49149454380789,1.0853956629935055,0.9751283914209848,58.046709552023444,0.8275254865616312,2.028371810913086
SpikeLoRA-TS-R2-corrected-v1,WS,lora,0,0.2,low,7295,0.3999999761581421,1.0,0.5524428591099471,0.43842105078157945,35.465822966439106,0.5520679394975753,0.4399542171960011,35.095565894193086,0.5554133189772097,0.4417149717060975,35.41892189941068,0.5592379120425877,0.44410982926141895,35.946411805229964,0.5552079861490719,0.437526343863986,35.88997714838792,0.5400922588225322,0.4287998918803936,34.97823808497386,0.9201919122686771,1.8206541538238525
SpikeLoRA-TS-R2-corrected-v1,WS,lora,0,0.2,medium,7232,0.3999999761581421,1.0,0.5673579298634582,0.44828719816178875,30.735294468912056,0.5294095140035898,0.4129913928382824,28.69666879067016,0.5409775407311056,0.4239467160232299,29.343629562963773,0.5660340372508983,0.44834559373722405,30.860945241962494,0.6126842842611665,0.49267566078795794,33.68280816030512,0.5837528640568566,0.46347662742224943,31.092420588658733,0.9067477876106195,1.8205595016479492
SpikeLoRA-TS-R2-corrected-v1,WS,lora,0,0.2,high,6474,0.3999999761581421,1.0,0.6028853141086501,0.4554552511333646,27.879912627743852,0.5555547656421908,0.409924276861321,25.581045491697985,0.5530432952022383,0.4068371266596178,25.175868639872977,0.5488011352553731,0.40336953771493667,24.60679465734694,0.5497277242533619,0.4108732897796342,24.496551479803877,0.774255945390904,0.6462720246513132,39.539302869997485,0.8817423540315107,1.8197922706604004
SpikeLoRA-TS-R2-corrected-v1,WS,spikelora,0,0.2,low,7295,0.3999999761581421,1.0,0.8382752711952421,0.6526926907355692,46.588734377915806,0.856649827056819,0.6597547841366225,46.142155793141306,0.8619880422449299,0.6638623684705979,46.590113807226665,0.8648531270458573,0.6690693661396924,47.34879584420106,0.8521372204974771,0.6654835068501374,47.862614024608746,0.7500307103041816,0.605293428080796,44.99999242040129,0.7972309801233721,2.1732122898101807
SpikeLoRA-TS-R2-corrected-v1,WS,spikelora,0,0.2,medium,7232,0.3999999761581421,1.0,0.7776141965933445,0.6372674595119547,41.29613201217855,0.715832240887337,0.5822803163736135,38.09480945462635,0.7421693072159785,0.6063124374939804,39.47557678175935,0.7889269180869611,0.650968193076551,42.10452400509691,0.8792548978163386,0.7318997128281446,46.906080653899394,0.7514607498959077,0.6148766377874839,39.89966916551077,0.8403761061946903,2.1762161254882812
SpikeLoRA-TS-R2-corrected-v1,WS,spikelora,0,0.2,high,6474,0.3999999761581421,1.0,0.7882828231533702,0.6198769215856911,36.841697801202606,0.6529795110336943,0.4971917227605702,29.746887658068193,0.655948110312567,0.5010323168817479,29.833116258139242,0.6634050778694629,0.5143257953482054,30.45924365596927,0.6947425478012308,0.5564229065966083,32.6938696946603,1.1521828744051323,1.0304118663413238,61.47537173917603,0.8289774482545567,2.171248197555542
SpikeLoRA-TS-R2-corrected-v1,WS,fullft,0,0.5,low,7295,0.3999999761581421,1.0,0.6149860835886227,0.47700479945554725,37.190110562512295,0.603539376881633,0.46674242366087443,36.05904505412373,0.6064643894397375,0.46970827540279336,36.49454724016171,0.6133554746567195,0.4750979035827213,37.19486460736564,0.6138151697758316,0.4754207324785595,37.6429915841001,0.6371864554389685,0.49805466215278776,38.55910432681033,0.8685400959561344,1.85832679271698
SpikeLoRA-TS-R2-corrected-v1,WS,fullft,0,0.5,medium,7232,0.3999999761581421,1.0,0.6380397409857447,0.5084208157342092,33.77084206508506,0.5761307446069308,0.4522680075245753,30.633827436052126,0.5927205991673425,0.4670465084171928,31.426112393846356,0.6303944894341242,0.503071211616352,33.47059912272257,0.7056752225510795,0.5761982768493812,37.82669385694255,0.6759101122159107,0.5435200742635448,35.4969775158617,0.8544247787610619,1.8590255975723267
SpikeLoRA-TS-R2-corrected-v1,WS,fullft,0,0.5,high,6474,0.3999999761581421,1.0,0.7163286041030799,0.566721781645434,33.876688796168196,0.6699510679729169,0.525329810668187,31.586256319264,0.6652343731367787,0.5173177032935461,30.92963196378735,0.6500654733215205,0.4984941297948158,29.497569073835088,0.6332674296899169,0.4892187699845885,28.613438501190657,0.9223065561351026,0.8032484944860324,48.756548122763895,0.8075996292863763,1.8582711219787598
SpikeLoRA-TS-R2-corrected-v1,WS,lora,0,0.5,low,7295,0.3999999761581421,1.0,0.6613553671869286,0.5261368362718939,40.51104781242108,0.6644171869160391,0.521551522994548,39.52798514617632,0.6685339172531537,0.5254207704555833,40.001700730561055,0.6735947395868573,0.5303120834848667,40.692346237449954,0.6646671483803155,0.5295806507855102,41.28632470565749,0.6348657499128535,0.5238191536389613,41.046882242260594,0.8668128855380397,1.972400426864624
SpikeLoRA-TS-R2-corrected-v1,WS,lora,0,0.5,medium,7232,0.3999999761581421,1.0,0.6589361948878185,0.5349847564374847,35.79804407331923,0.6049748555460597,0.48856239241704474,33.229997352005604,0.6257754405907399,0.5082742297543889,34.3170230919874,0.6611557616632208,0.540267166112904,36.15551696760389,0.7324899416719871,0.6061909185738954,40.0643285346566,0.6631188512970893,0.5316290753291903,35.22335442034266,0.8745851769911505,1.9727054834365845
SpikeLoRA-TS-R2-corrected-v1,WS,lora,0,0.5,high,6474,0.3999999761581421,1.0,0.7323990695369412,0.585627228776577,35.24534848681085,0.6815777886016418,0.5399375940348802,32.549772542805975,0.6775927615552145,0.5345028135413404,32.055492741548555,0.6590629528971127,0.5169373726933173,30.79435117354579,0.6411755925475633,0.5048909087791684,29.832939798437085,0.9554536286526831,0.8318674548341788,50.994186177716806,0.8257028112449799,1.972133994102478
SpikeLoRA-TS-R2-corrected-v1,WS,spikelora,0,0.5,low,7295,0.3999999761581421,1.0,0.6825574973932791,0.5432843603917881,41.4931629990845,0.6809332254779348,0.5378879693291464,40.59084310237153,0.6854840419171278,0.5414619977217655,41.04099775204623,0.6926251840515921,0.5484077392578779,41.84379461935545,0.6955618552945421,0.5543903467996714,42.67316634102233,0.6575175410837094,0.5342737488504793,41.31701318062695,0.8339136394790952,1.9461971521377563
SpikeLoRA-TS-R2-corrected-v1,WS,spikelora,0,0.5,medium,7232,0.3999999761581421,1.0,0.6498908072249111,0.5252611798819451,35.155231724139,0.6003780325710022,0.48078551884344983,32.495868044594204,0.6151375293670662,0.49470036009540863,33.31546006001195,0.6463367608867138,0.5252694229438769,35.19197956375578,0.708766119313005,0.5816956927208642,38.72914296897931,0.6729351560054219,0.543854904806126,36.04370798335378,0.8787610619469026,1.9480479955673218
SpikeLoRA-TS-R2-corrected-v1,WS,spikelora,0,0.5,high,6474,0.3999999761581421,1.0,0.7027321391818975,0.5556834040930656,33.59906236844642,0.6437058158794353,0.5042897591831731,30.7207044362122,0.6404335460867363,0.4997689824046122,30.22428514548792,0.6258074923664951,0.48631034329749934,29.11330766490106,0.601472014186192,0.470034452446972,27.704772243672735,0.9440584682604947,0.8180134831330715,50.23224235195818,0.839481000926784,1.9479607343673706
SpikeLoRA-TS-R2-corrected-v1,WS,fullft,1,0.1,low,7295,0.3999999761581421,1.0,0.7632393965272842,0.5873844382123967,42.918293221526625,0.7756273729135473,0.5934460360518541,42.56104197220874,0.7870708725137328,0.6019814592179082,43.23054453402868,0.7927656673822192,0.6065918685313035,43.884534105165514,0.7970843951623936,0.610615444493833,44.533261584079234,0.6540432445129226,0.5242873827670844,40.38208391215101,0.8353392734749828,2.064302921295166
SpikeLoRA-TS-R2-corrected-v1,WS,fullft,1,0.1,medium,7232,0.3999999761581421,1.0,0.6469459568120766,0.5050751656442222,33.59451386788542,0.6123176969757158,0.47277965184828613,31.790994213489054,0.6261127387751412,0.4847780009896486,32.465598739417004,0.6525430655501253,0.5082257697605981,33.8992448682513,0.7031218696353616,0.5530325703372339,36.734575404686396,0.6368299738032368,0.506559835285344,33.082156113583345,0.9016316371681415,2.0644471645355225
SpikeLoRA-TS-R2-corrected-v1,WS,fullft,1,0.1,high,6474,0.3999999761581421,1.0,0.6544177567346393,0.5090835463367276,30.697907131789815,0.5696316072430665,0.42765899922768935,26.637566742494673,0.5689737450451711,0.4276117769645105,26.269915521074605,0.567384166597988,0.42777398362143526,25.65872155965845,0.5967340130843074,0.4627053822434755,26.658288843025453,0.9028208217853341,0.7996675896265273,48.26504299269591,0.8922767995057151,2.0638277530670166
SpikeLoRA-TS-R2-corrected-v1,WS,lora,1,0.1,low,7295,0.3999999761581421,1.0,0.6031698546673939,0.4639022123347904,36.31001335774164,0.6171198470304468,0.4790019220240399,36.88871252054001,0.6196139889856502,0.4795297192742842,37.12424425778637,0.6197869886200897,0.4775063017364068,37.322111114811946,0.6149005699580589,0.4690961580394146,36.999218954233356,0.5404371792857418,0.4143769605998065,33.215779941336514,0.9042357779300891,1.9912264347076416
SpikeLoRA-TS-R2-corrected-v1,WS,lora,1,0.1,medium,7232,0.3999999761581421,1.0,0.5793145183813228,0.4432219027319049,30.201833105765765,0.5623201700079673,0.4335140987439493,29.708920418757174,0.5652330502923241,0.4330855364111804,29.718074370502862,0.5792995319728385,0.4423788127250376,30.355713018191267,0.6074789865507433,0.4600939636192886,31.60970294564354,0.5811329576368023,0.44703710216006876,29.616754775733988,0.9178650442477876,1.9919111728668213
SpikeLoRA-TS-R2-corrected-v1,WS,lora,1,0.1,high,6474,0.3999999761581421,1.0,0.5773404906370248,0.42231800960176036,26.278815598634313,0.5617240880585613,0.4040150014953478,25.63109611213159,0.5559907845955785,0.39823605232044323,25.160832477954227,0.5469904881887953,0.3914253345362964,24.451952775531534,0.5381957844123174,0.38765406634360505,23.53880848527213,0.6731249590205126,0.5302595933131093,32.611388142282074,0.9172690763052209,1.9892189502716064
SpikeLoRA-TS-R2-corrected-v1,WS,spikelora,1,0.1,low,7295,0.3999999761581421,1.0,0.6322704528758499,0.4842557952124587,37.21923536340808,0.6527251772447668,0.5000457924796425,37.593918505665336,0.6579842214059879,0.5038559704549187,38.03083976227001,0.6558635684669403,0.5029758444953406,38.38699804198772,0.6438449694974482,0.49697858905694187,38.5281192873888,0.5432705312101387,0.4174227795754499,33.556301219728525,0.895407813570939,2.0418052673339844
SpikeLoRA-TS-R2-corrected-v1,WS,spikelora,1,0.1,medium,7232,0.3999999761581421,1.0,0.57172530147601,0.43414567231934154,29.22802872576985,0.5472384529302635,0.4132530628167818,28.012517932986942,0.5552945164149938,0.41978467546766046,28.375638083690273,0.5721776191830281,0.4345179296518981,29.29552812138833,0.6064940456768337,0.46355123226984146,31.30067939571791,0.5755909329356144,0.4396214613905259,29.155780095065804,0.9280973451327433,2.0409598350524902
SpikeLoRA-TS-R2-corrected-v1,WS,spikelora,1,0.1,high,6474,0.3999999761581421,1.0,0.546847140739703,0.39696127526878683,24.202796334146186,0.5351363240060573,0.3855480185290122,23.890352977609975,0.5326821970147568,0.3834311249155228,23.63613361159033,0.5280412108350977,0.379947911764981,23.11760042490201,0.5263410523067217,0.3838128711306684,22.667727135734612,0.6076391566589622,0.4520664500037498,27.702167520893994,0.9316651220265678,2.0293667316436768
SpikeLoRA-TS-R2-corrected-v1,WS,fullft,1,0.2,low,7295,0.3999999761581421,1.0,0.7944075375244959,0.5890067531949776,42.28184137934466,0.8347573981556915,0.6032892607760152,41.996656708562845,0.8343556887279302,0.6054195967661836,42.40465079028807,0.8186237496241074,0.6012041906529375,42.82172911183839,0.7808660007030233,0.5861605601412045,42.883431401955924,0.6946587613985592,0.5489601576385472,41.30273888407813,0.8628923920493489,2.290010452270508
SpikeLoRA-TS-R2-corrected-v1,WS,fullft,1,0.2,medium,7232,0.3999999761581421,1.0,0.7469971548182156,0.5827765183243077,37.637507311596366,0.7079169410445102,0.5415465654145959,35.24530278189192,0.7227216114936769,0.5559366458153303,36.08541943355444,0.7528526663746872,0.5854426652802962,37.90293137916155,0.7980874724552742,0.6279593393602202,40.597397709582204,0.750213351278946,0.6029973757510956,38.35648525379173,0.8851493362831858,2.3026747703552246
SpikeLoRA-TS-R2-corrected-v1,WS,fullft,1,0.2,high,6474,0.3999999761581421,1.0,0.8060624528540027,0.6231447375314192,36.654073337095916,0.6305393636121975,0.47723123372282406,28.732799923409868,0.6351079146069909,0.4816555972356357,28.743095395579417,0.6484058132605228,0.4967851349517155,29.347312370609547,0.7091540945483058,0.5610977493026281,32.73792969019928,1.2346707288825929,1.0989539724442927,63.70922930568147,0.8555143651529193,2.294187545776367
SpikeLoRA-TS-R2-corrected-v1,WS,lora,1,0.2,low,7295,0.3999999761581421,1.0,0.6771481356017786,0.520820869521951,39.44681071758586,0.6838823039283662,0.5247786272217592,39.15887308955977,0.6873813901506867,0.5284925303449363,39.642806575106135,0.6958654735625731,0.5356530670926863,40.423515841189115,0.70476669881034,0.5417642922741326,41.08186161552886,0.6095366679244767,0.47341583067624027,36.926996466545404,0.869362577107608,1.996452808380127
SpikeLoRA-TS-R2-corrected-v1,WS,lora,1,0.2,medium,7232,0.3999999761581421,1.0,0.6203221160448276,0.4714646293641587,31.452398543393755,0.5850396893973621,0.4404169028641376,29.6884532008097,0.5955623958714009,0.4485271517269775,30.161828512871892,0.6219225010895947,0.47105209212090854,31.442515044080654,0.6691909907204769,0.5088652934450492,33.7722246914527,0.6264403030636096,0.4884617066637209,32.19697126775383,0.9015210176991151,1.9969402551651
SpikeLoRA-TS-R2-corrected-v1,WS,lora,1,0.2,high,6474,0.3999999761581421,1.0,0.6318733483915532,0.47901746079551244,29.005620150056483,0.5552589276836113,0.4172712048981195,26.09195887556856,0.5526632765889818,0.4133119001353932,25.613125230414287,0.5421906670800823,0.4010459105284228,24.36097699983084,0.5384701666997579,0.395226900808451,23.047232698987713,0.8936719913261983,0.7682313876071756,45.91480694548103,0.8898980537534754,1.9966963529586792
SpikeLoRA-TS-R2-corrected-v1,WS,spikelora,1,0.2,low,7295,0.3999999761581421,1.0,0.6155841221710061,0.4855205428396046,37.95364603667451,0.6225846815035518,0.4897194000855956,37.68138633167827,0.6248142260597295,0.4906952600433371,37.95782295313368,0.62831316193848,0.49236370028495136,38.399075024522055,0.6258733172960863,0.49001496485278084,38.59781632172471,0.574647470931009,0.4648093889313581,37.13212955231383,0.8947224126113776,1.904842734336853
SpikeLoRA-TS-R2-corrected-v1,WS,spikelora,1,0.2,medium,7232,0.3999999761581421,1.0,0.571044244343572,0.44482102247400096,30.395727750560937,0.5424399373593931,0.42098434398824397,29.124455722246438,0.5496107532712868,0.4270592685211944,29.45059443194783,0.5713236356137318,0.44561222015954227,30.515908139670845,0.610251294796945,0.4771255133014205,32.529164447778946,0.5790744682883818,0.4533237663996035,30.358516011160642,0.9112555309734514,1.9036123752593994
SpikeLoRA-TS-R2-corrected-v1,WS,spikelora,1,0.2,high,6474,0.3999999761581421,1.0,0.5868717135366788,0.44455384666219255,27.378530607863024,0.5338283122272927,0.39266315447831174,24.64850909721679,0.5304189049164078,0.3891081117556203,24.251163122228267,0.5244980928753147,0.3857086368519692,23.69090331582057,0.5329441960213066,0.40020402106820413,24.07218210006667,0.7724295395805287,0.6550853091568574,40.22989540398283,0.9026258881680569,1.9003863334655762
SpikeLoRA-TS-R2-corrected-v1,WS,fullft,1,0.5,low,7295,0.3999999761581421,1.0,0.507654691846647,0.39371347301540677,32.25497182770902,0.47939329979709605,0.369177864633904,30.24960152241698,0.4842649798881813,0.3721715669913027,30.614081287889704,0.4939176216804485,0.3791141582728249,31.350660190054946,0.5094072326162161,0.39025799246827897,32.347621685824755,0.5663793591621602,0.4578457827107231,36.71289445235873,0.9279506511309116,1.8226760625839233
SpikeLoRA-TS-R2-corrected-v1,WS,fullft,1,0.5,medium,7232,0.3999999761581421,1.0,0.6456143417871997,0.5084039904391475,33.9507099023809,0.5918632511336276,0.465905173656951,31.760165250086818,0.6136953686196308,0.4820667641748369,32.6241803320967,0.6553230743509462,0.5155062247562198,34.38495292011214,0.7313484076087563,0.5789685867957574,37.997587554133844,0.6267746429222422,0.49957320281197276,32.98666345547502,0.8417035398230088,1.82346510887146
SpikeLoRA-TS-R2-corrected-v1,WS,fullft,1,0.5,high,6474,0.3999999761581421,1.0,0.7486633251577279,0.5956113945730755,35.49737041090004,0.7254022488447847,0.5715689333475111,33.82380571663306,0.7246543884861842,0.5673366698505777,33.54274693344504,0.7069553006862916,0.5473886352650428,32.30266054810149,0.6728651536548577,0.525481918434836,31.101609734993517,0.8936543820898285,0.7662808159674102,46.71602912132711,0.7715786221810318,1.8207998275756836
SpikeLoRA-TS-R2-corrected-v1,WS,lora,1,0.5,low,7295,0.3999999761581421,1.0,0.6052310182210543,0.47487832951006453,37.42647493022529,0.5898290534241468,0.4565758873617265,35.66429139046257,0.5994328166406757,0.4655002515801344,36.475519389236155,0.6100244757318621,0.4766349189897528,37.57215494730033,0.6203110987089905,0.4894160229265894,38.89189583062901,0.6061263836709171,0.4862645666921196,38.52851309349841,0.8785195339273475,1.863335371017456
SpikeLoRA-TS-R2-corrected-v1,WS,lora,1,0.5,medium,7232,0.3999999761581421,1.0,0.6050822968797326,0.4786557770935835,32.29246912681677,0.5553423278756648,0.43197426254308857,29.598925340413196,0.570013782785019,0.44685312480855305,30.453288360829532,0.6032212910962752,0.48068045354159794,32.4761334088274,0.6579846026795392,0.5333141998709303,35.808968488594566,0.6328368295981257,0.5004568447037476,33.12503003541914,0.8895464601769911,1.8639065027236938
SpikeLoRA-TS-R2-corrected-v1,WS,lora,1,0.5,high,6474,0.3999999761581421,1.0,0.6691658322006484,0.5199686674100218,31.546959777661442,0.5994382118955797,0.45719321350606457,27.668300112441678,0.594760183917278,0.45336837832265553,27.386717202636056,0.5819495861130721,0.44437286125166314,26.909331083630345,0.5768540006936123,0.4466634061846941,27.08385256432776,0.9243499606624354,0.7982454777850315,48.686597925271386,0.8524250849552054,1.8588908910751343
SpikeLoRA-TS-R2-corrected-v1,WS,spikelora,1,0.5,low,7295,0.3999999761581421,1.0,0.5323165475735391,0.41910216869598715,34.132430638232776,0.5084781636792606,0.39850480473964817,32.25369526352912,0.5134677664428889,0.40213507032296364,32.72655648477469,0.519227031406051,0.40617001319764984,33.350477563909195,0.5285843533161094,0.4143228668885496,34.30383864194443,0.587883674952135,0.4743780883311245,38.02758523700644,0.9224400274160384,1.7902638912200928
SpikeLoRA-TS-R2-corrected-v1,WS,spikelora,1,0.5,medium,7232,0.3999999761581421,1.0,0.585110972447318,0.4627588612249995,31.320017804290423,0.5386160156316793,0.4238329959489339,29.074952636319175,0.5539544123935207,0.43738634647818003,29.826395643050535,0.5852371753265446,0.46545417315071136,31.4525818581516,0.6378997832539832,0.5108565215548847,34.33792976869811,0.6044690746650014,0.4762642689922874,31.90822911523269,0.8902101769911505,1.7905155420303345
SpikeLoRA-TS-R2-corrected-v1,WS,spikelora,1,0.5,high,6474,0.3999999761581421,1.0,0.6735145852020957,0.5250052568184803,31.3423047614931,0.6608645358311809,0.5136468598954576,30.61818504102453,0.6551207056318795,0.5052154576351218,29.98092744781511,0.6353843386600441,0.4836099423999804,28.49938843621808,0.5973856328413993,0.45455661338716885,26.774514134939132,0.8010003474362547,0.6679974107746729,40.83850874746866,0.824590670373803,1.790268063545227
SpikeLoRA-TS-R2-corrected-v1,WS,fullft,2,0.1,low,7295,0.3999999761581421,1.0,0.7565699557186294,0.596806267330792,43.978803821292686,0.745219486652479,0.5822629932919293,42.52186042573713,0.7614023905345236,0.5970585230771118,43.59999589315703,0.7794417876359021,0.6132639150492045,44.899418002250165,0.7860544168891276,0.620846959480772,45.8274869651559,0.7081622407741155,0.5705989457549421,43.045257820163165,0.8153255654557916,2.0898804664611816
SpikeLoRA-TS-R2-corrected-v1,WS,fullft,2,0.1,medium,7232,0.3999999761581421,1.0,0.6485323418444461,0.5196402906316572,34.73685052980464,0.6113723207259574,0.4812200612149539,32.38977198574852,0.6264074007397351,0.4965850699824833,33.348527808233705,0.6574605822181492,0.5261067678261779,35.213314267256386,0.6995383525920512,0.5697852971889408,38.24498039901411,0.6443603975431957,0.5245042569457298,34.4876581887705,0.9024889380530974,2.0898683071136475
SpikeLoRA-TS-R2-corrected-v1,WS,fullft,2,0.1,high,6474,0.3999999761581421,1.0,0.670924725142167,0.53135511690833,32.047329680727486,0.5740640798137817,0.4427599925519067,27.363987754716952,0.5693632350935456,0.4386647371624147,26.851970782166422,0.5685328907728144,0.4375540508526433,26.231616306071604,0.5994479001237332,0.47163030091796276,27.519585045131695,0.9562470601123876,0.8661665030567227,52.269488515550776,0.8895273401297498,2.088270902633667
SpikeLoRA-TS-R2-corrected-v1,WS,lora,2,0.1,low,7295,0.3999999761581421,1.0,0.6288362542712975,0.49158992193266493,38.4109345640281,0.6387401629312627,0.4921931092260307,37.697331934231734,0.643846057656522,0.49789929749460726,38.32448637843799,0.644713755903187,0.4998635945539102,38.86594899349057,0.6364402562513761,0.49637401800926945,39.19271555575271,0.5778723084733918,0.4716195903795071,37.97418995822752,0.8875394105551748,1.9186383485794067
SpikeLoRA-TS-R2-corrected-v1,WS,lora,2,0.1,medium,7232,0.3999999761581421,1.0,0.5976227401086208,0.47007989056771043,31.833451814906255,0.5778008637889707,0.4501007644591474,30.595711945582792,0.587579371931164,0.45990625941153385,31.217998709986755,0.6067233778142834,0.47903443978423565,32.46426738791284,0.6414083792189785,0.513039013313179,34.8037232141712,0.5719644873955796,0.4483189758704563,30.085557816877667,0.9009679203539823,1.9183905124664307
SpikeLoRA-TS-R2-corrected-v1,WS,lora,2,0.1,high,6474,0.3999999761581421,1.0,0.5693758090784385,0.4274664546941068,26.1965537840321,0.5431931557850513,0.40371480155108996,25.21913031415759,0.5385523531000718,0.3996569372398234,24.853430290431866,0.5355862999138002,0.39889719509621774,24.500021110865372,0.5417001418712444,0.4097168945422834,24.53347122033808,0.6749480646232003,0.5253464450411197,31.87671598436762,0.9101019462465245,1.9154131412506104
SpikeLoRA-TS-R2-corrected-v1,WS,spikelora,2,0.1,low,7295,0.3999999761581421,1.0,0.5160196749115917,0.402543272110924,32.94769304452726,0.5108388312059543,0.40043766688123966,32.31052177626182,0.5137322834798645,0.4030823541226822,32.72692291176965,0.5153081585348609,0.40266797933944537,33.05735517345569,0.5143898309743331,0.3980317873690045,33.10656886054917,0.5257042490408749,0.4084965728422483,33.53709650059997,0.9377107607950651,1.8364031314849854
SpikeLoRA-TS-R2-corrected-v1,WS,spikelora,2,0.1,medium,7232,0.3999999761581421,1.0,0.5472299849022646,0.4259698051695539,29.069882779803308,0.5108765568715538,0.39401600202463105,27.152472239274587,0.5211739466851774,0.40437374491475325,27.81672887993432,0.5465966606524713,0.42854096688560944,29.30911256701852,0.5923703310645662,0.47158790013827057,32.07432934258858,0.561262527035566,0.43133041188450516,28.99677087020054,0.9170907079646018,1.8361361026763916
SpikeLoRA-TS-R2-corrected-v1,WS,spikelora,2,0.1,high,6474,0.3999999761581421,1.0,0.5431114103596589,0.40474101178322747,24.75671967464794,0.5149560329087651,0.38317557008390923,23.932706668020685,0.5112033881360611,0.3784691999641362,23.455765032621002,0.5095043621227281,0.3768676296590028,22.983472586545183,0.5131614036882164,0.3835545654167244,22.845945312952175,0.6522362142552489,0.5016380937923647,30.565708773100646,0.9100401606425703,1.834735631942749
SpikeLoRA-TS-R2-corrected-v1,WS,fullft,2,0.2,low,7295,0.3999999761581421,1.0,0.559500927867271,0.4484092826088297,35.848360440523095,0.5455524568482362,0.4321916687725504,34.20920166065488,0.5539324264344242,0.4403623669828921,34.9706062222964,0.5653430543816896,0.45159993059754455,36.11418023779193,0.5718834389215898,0.4597516070415583,37.13678085042444,0.5604234009591398,0.45814083964960306,36.811033231447816,0.9352707333790268,1.9868413209915161
SpikeLoRA-TS-R2-corrected-v1,WS,fullft,2,0.2,medium,7232,0.3999999761581421,1.0,0.5869065240873299,0.47160497660361295,31.739515848721783,0.5390715654036835,0.4244878701865673,28.833719539861573,0.553067881586119,0.439116458787657,29.728210716288157,0.5898782996917161,0.4763851844812785,32.001988733264284,0.6579386682860253,0.5447774953991834,36.337766700451795,0.5873452188783392,0.47325787416337867,31.79589355374309,0.9254148230088496,1.9892354011535645
SpikeLoRA-TS-R2-corrected-v1,WS,fullft,2,0.2,high,6474,0.3999999761581421,1.0,0.6326591081114098,0.491024820039329,29.611858445992382,0.5534039737392087,0.4176580448061513,25.526986910306277,0.5465483907665275,0.41093381941042306,24.93660433328393,0.5436847529568203,0.4101242858077554,24.471559818954578,0.5657388664659971,0.4437871302374727,26.04420274249441,0.8835513896507914,0.7726208199348427,47.07993842492275,0.8914735866543095,1.9881300926208496
SpikeLoRA-TS-R2-corrected-v1,WS,lora,2,0.2,low,7295,0.3999999761581421,1.0,0.9723483572260426,0.7410818213269349,49.77966143674018,1.003937171220679,0.7549537603948278,49.387967470760266,1.0133571119877491,0.7612223826507087,49.88277314154829,1.0166801437854518,0.7691245760306501,50.836531622976764,1.006468748037914,0.7706811253218883,51.743877074846736,0.8036829619206669,0.6494272622365997,47.047157873568786,0.7657299520219328,2.3521668910980225
SpikeLoRA-TS-R2-corrected-v1,WS,lora,2,0.2,medium,7232,0.3999999761581421,1.0,0.7875439945900388,0.6312060897081958,40.23860341246947,0.7591119533781404,0.5959248434653325,37.9079383902281,0.774312181445571,0.6108821874352551,38.769978825614714,0.8140210366737707,0.6527301895193163,41.249430336687986,0.8626686735654541,0.7074532470278507,44.931779680678716,0.7200624392918852,0.5890399810932248,38.33388982913786,0.8737831858407079,2.36313796043396
SpikeLoRA-TS-R2-corrected-v1,WS,lora,2,0.2,high,6474,0.3999999761581421,1.0,0.7506851354220871,0.5984019117643334,36.03780670711699,0.6459759135058435,0.5151607622914672,31.889211882117003,0.6375988022276325,0.5025788334957567,30.84354007439538,0.6209185432275282,0.48161975589658806,29.028513078663842,0.6115266985969616,0.4768436226739462,27.991689195653052,1.1109991038996707,1.015806584463909,60.43607930475569,0.8722582638245289,2.366685628890991
SpikeLoRA-TS-R2-corrected-v1,WS,spikelora,2,0.2,low,7295,0.3999999761581421,1.0,0.5908405101622042,0.4748691787141247,37.65902380751286,0.6044404831572252,0.48969816882942047,38.04590101847546,0.6066046076982617,0.49131251276969257,38.40716730942166,0.6004739906585023,0.4828127362043421,38.24239724525584,0.5884457167301099,0.47075943635537904,37.914018960191356,0.5525465767591065,0.4397630394117893,35.68563450422001,0.9378478409869774,2.0657601356506348
SpikeLoRA-TS-R2-corrected-v1,WS,spikelora,2,0.2,medium,7232,0.3999999761581421,1.0,0.6033538022233677,0.48912050842052013,33.007766167729535,0.5738776761031781,0.4591078046396111,31.116475968982655,0.5849887567051653,0.4709541471922292,31.865724944176904,0.6083863160909982,0.4957508553907407,33.388337689615035,0.6526581130002812,0.5422997067608268,36.41095503333991,0.5937466619814131,0.4774900281191927,32.25733720253315,0.9341814159292036,2.066249132156372
SpikeLoRA-TS-R2-corrected-v1,WS,spikelora,2,0.2,high,6474,0.3999999761581421,1.0,0.589068400364999,0.4580341851376147,27.97940156639056,0.5632181516451316,0.43353172008881496,27.02425571985912,0.5581686095760771,0.4281783560506716,26.38979042490349,0.5542521708705466,0.4249751878292943,25.657895090028077,0.5504466703521513,0.4276387882814534,25.19489966629804,0.7043110198397866,0.575846873437839,35.630166930864085,0.9248069199876429,2.0650460720062256
SpikeLoRA-TS-R2-corrected-v1,WS,fullft,2,0.5,low,7295,0.3999999761581421,1.0,0.5138272292205274,0.40841093014167384,33.48268899367676,0.49070821086135014,0.38524645309565897,31.449989045467763,0.4973183847248648,0.3921116973129832,32.13987970169226,0.5086151859995818,0.4023287328650806,33.16368221836594,0.5201629813134769,0.4139786111401564,34.35164686368341,0.5501936467206907,0.44838915629449,36.308247139174426,0.9380397532556546,1.8584545850753784
SpikeLoRA-TS-R2-corrected-v1,WS,fullft,2,0.5,medium,7232,0.3999999761581421,1.0,0.5892538427773232,0.4700518960298031,31.603006956872065,0.5375038353890257,0.419276014291805,28.588802866365437,0.552644540823672,0.4349483125801899,29.512140070000974,0.5911372280437862,0.4732000320424548,31.77463334795544,0.6661947062588792,0.5478433710646576,36.408283283669924,0.5903520013961547,0.4749917501699081,31.73117521636854,0.8946073008849558,1.859862208366394
SpikeLoRA-TS-R2-corrected-v1,WS,fullft,2,0.5,high,6474,0.3999999761581421,1.0,0.6687017926157036,0.5277071947940235,31.533005018941758,0.6279767067079666,0.4895782087977595,29.239535345010626,0.6156766098202691,0.47539577362233193,28.30559478801079,0.598695633667481,0.45573956747463096,26.879172271792118,0.5879770034875984,0.4578445873346673,26.86069900551506,0.8707724081451781,0.7599778367407277,46.38002368438021,0.8402533209762125,1.8577009439468384
SpikeLoRA-TS-R2-corrected-v1,WS,lora,2,0.5,low,7295,0.3999999761581421,1.0,0.6927431126029572,0.5431104743014957,41.10367403793694,0.6948113239214582,0.5370247747899736,39.99070899587536,0.6965678002786673,0.5398566893962575,40.451928771259226,0.7033288952199064,0.5474745661612649,41.351405918296216,0.706973448727743,0.5580239142270182,42.63198546512339,0.6610693095299187,0.5331724269329644,41.09234103913052,0.8595476353666895,2.0687673091888428
SpikeLoRA-TS-R2-corrected-v1,WS,lora,2,0.5,medium,7232,0.3999999761581421,1.0,0.6963503813733728,0.5688012248333708,37.470917787959245,0.6556196592625713,0.525277506090305,34.80714140533163,0.6716601400972669,0.5435301111763822,35.921433829999216,0.70693067907381,0.5805326959662205,38.152012625467925,0.7605008203428087,0.6349447808698215,41.67137971005147,0.6822333208143059,0.559721030064125,36.80262136894599,0.8709347345132743,2.0724728107452393
SpikeLoRA-TS-R2-corrected-v1,WS,lora,2,0.5,high,6474,0.3999999761581421,1.0,0.7367578030188653,0.5863018600024447,35.281178570780085,0.6580085655981924,0.5166016016103693,31.464003246974787,0.6480396920067486,0.5047103755537433,30.53239797231863,0.6310158420147457,0.4891103455635144,29.24270824262568,0.6176174484086818,0.4871298620683896,28.81584235929669,1.0399506148258697,0.9339571152162066,56.350941032684666,0.8402533209762125,2.071491003036499
SpikeLoRA-TS-R2-corrected-v1,WS,spikelora,2,0.5,low,7295,0.3999999761581421,1.0,0.6741024488730568,0.5295175932971805,40.665368154230165,0.6833016798088156,0.5319966122089305,40.034508984902004,0.6850073215197212,0.5343013785896928,40.44011510358745,0.6921894116516336,0.5419502439116517,41.274740290733185,0.6850329366335066,0.5405843116879218,41.78340732275493,0.6225255302738419,0.49875542008770585,39.794069069173254,0.8299108978752571,1.9182430505752563
SpikeLoRA-TS-R2-corrected-v1,WS,spikelora,2,0.5,medium,7232,0.3999999761581421,1.0,0.7048194903716193,0.5739496239617599,37.985661190225564,0.6622145648177836,0.533355123973328,35.36413663591375,0.6727696340339374,0.5441341952758685,36.009427228318266,0.7072822386625912,0.5795441077675967,38.0719074071621,0.7700268943211107,0.6359152688059659,41.73349703028678,0.7067643713418211,0.5767994239860403,38.74933764944694,0.8241980088495575,1.9236778020858765
SpikeLoRA-TS-R2-corrected-v1,WS,spikelora,2,0.5,high,6474,0.3999999761581421,1.0,0.7466801734619481,0.5930174490534158,35.8519382878019,0.6749381390771216,0.5296507869692618,31.83087496380376,0.6672206345877458,0.521716780801743,31.233312511403888,0.649130513251982,0.5058895384948637,30.062187896345073,0.6440889963289439,0.5121814289283045,30.810545148399065,1.0250416976779306,0.895648710072906,55.32277091905774,0.8047574915044795,1.920495629310608
SpikeLoRA-TS-R2-corrected-v1,WP,fullft,0,0.1,high,9669,,,1017.3255511444212,719.2888623382697,84.11771803746718,968.5560228016791,674.2669804551656,81.57895290152084,980.6618300892446,684.9047839063833,82.3487540021395,996.1702991210296,695.5540469812008,82.88845108583881,1018.7460447328708,722.0461165960479,83.79684429313278,1115.6877799130714,819.6723837525512,89.97558790470396,0.9432412865859965,3416.505126953125
SpikeLoRA-TS-R2-corrected-v1,WP,lora,0,0.1,high,9669,,,1000.14196315123,725.2859271059067,84.00382837184952,960.3610544423303,678.7594625386423,82.04142382771403,966.4703996867089,685.7007705731086,82.48801984651158,985.2851800764859,702.4870632422945,83.227510199202,998.8460135656569,725.0765851263744,83.91306468626921,1084.7032308541593,834.4057540491135,88.3491232995508,0.9347605750336125,3245.032958984375
SpikeLoRA-TS-R2-corrected-v1,WP,spikelora,0,0.1,high,9669,,,1001.3226118903978,724.7263713587722,84.20565177542105,955.7297619639118,676.2302671869041,82.32271208748455,964.6431627877848,687.0239881357099,82.73536903423482,980.0172102340266,698.9182300036986,83.36423692999155,1002.2716052530399,723.5309596079953,84.20574179273756,1097.4046441248709,837.9284118595532,88.4001990326567,0.9354224842279449,3178.873779296875
SpikeLoRA-TS-R2-corrected-v1,WP,fullft,0,0.2,high,9669,,,1015.9716100688429,733.9048995278887,84.06351147546529,975.7000418527338,688.5179212260289,82.53267661153322,983.6647265245041,697.2589845656362,82.81876539210818,996.7026500006599,708.1071227023663,83.17484260603861,1019.7606754520838,733.2903812545349,83.93127432418281,1099.1254199283185,842.3500878908775,87.85999844346367,0.9598717550935981,3800.5439453125
SpikeLoRA-TS-R2-corrected-v1,WP,lora,0,0.2,high,9669,,,1014.1962039248041,796.4646189570587,84.08342036357733,980.2265137020785,756.8182429669623,83.18193074167819,987.613147676436,765.3709502930799,83.29699413252533,997.1494784388516,767.0433623885674,83.32292537432426,1012.6480420857291,792.0903797471199,83.84962169640431,1089.4874084442602,901.0001593895641,86.76562987295455,0.9389802461474817,3374.283935546875
SpikeLoRA-TS-R2-corrected-v1,WP,spikelora,0,0.2,high,9669,,,1020.6003810285081,784.4770209864483,84.15214959509285,980.0170253736997,743.1421199415497,83.25524557522412,988.7064474378676,753.4667666446387,83.54575382851645,1002.2453833348945,759.4769077788268,83.64366633504383,1020.6821107594279,783.1126742440402,83.91167536417579,1106.2839146935676,883.1866363231861,86.404406872504,0.9389802461474817,3415.70166015625
SpikeLoRA-TS-R2-corrected-v1,WP,fullft,0,0.5,high,9669,,,1017.8605315657361,731.381746011486,82.72410148002595,971.3498016930038,680.2872339766081,81.20627413546362,978.3805736949838,687.4846234772837,81.67318637322421,994.8473676013645,704.6064541815035,81.73243741267852,1019.5928432332195,731.7485323345812,82.57253899520055,1118.1057524080115,852.7818860874537,86.43607048356289,0.9438618264556831,3491.79443359375
SpikeLoRA-TS-R2-corrected-v1,WP,lora,0,0.5,high,9669,,,1030.504477965597,749.946425693128,84.0268069394723,987.9345350043393,705.0520263318377,82.76436051553763,995.4440485591596,712.3996230742963,82.76874183435837,1010.3610029074514,727.6096228902251,83.30322231237987,1022.153384653638,742.7171479676007,85.55299873122905,1130.109286004946,861.9537082016807,85.74471130385648,0.9274382045713103,3253.603271484375
SpikeLoRA-TS-R2-corrected-v1,WP,spikelora,0,0.5,high,9669,,,1020.7568994470842,727.8404693562485,83.12999726418764,972.8727870655562,671.3002320914052,81.46711951851596,986.7192822827174,687.5288301002944,82.09326526070386,1001.27191736692,702.4842324331364,82.59715679161233,1026.0669989631688,732.8241366312341,83.66393735231115,1110.976101513434,845.0649155251723,85.82850739779491,0.9327127934636467,3318.64990234375
SpikeLoRA-TS-R2-corrected-v1,WP,fullft,1,0.1,high,9669,,,966.4800179174774,695.3974398879776,84.02273315872155,915.1993827213587,650.4965911464393,81.08402785387224,923.9617219839463,656.8815126449643,81.99448886564883,940.3063911588252,668.6539524988547,83.21695603720165,966.2284230609762,695.3095016266446,84.54422304974163,1077.6592580953911,805.645641522985,89.27396998714343,0.9554659220188231,3520.34033203125
SpikeLoRA-TS-R2-corrected-v1,WP,lora,1,0.1,high,9669,,,952.0451745456759,703.1587899310942,84.0519037966018,902.2057326497629,663.1368617397983,81.61726611457797,907.6385562031089,664.421020514125,82.0209029971583,922.299037497121,673.8913978784183,82.98499075092364,945.9674725917558,697.105487302314,83.6498629355421,1071.7635771830574,817.2391822208157,89.98649618480701,0.958609990691902,3496.27490234375
SpikeLoRA-TS-R2-corrected-v1,WP,spikelora,1,0.1,high,9669,,,987.38517182276,719.4653319782253,85.25463715314037,938.5493173372982,677.2450915715455,83.08384026882763,943.7125566009605,681.4819972612013,83.53362885428082,958.7667737389614,688.7121261421509,84.47421385829408,985.8567723766331,716.6083156243637,85.14998953943332,1100.9231921664598,833.2791292918654,90.03151324486599,0.9660357844658186,3754.7294921875
SpikeLoRA-TS-R2-corrected-v1,WP,fullft,1,0.2,high,9669,,,963.2153635508057,722.3119194445017,83.2009758329883,913.5259996841455,678.3642823995239,81.50582066262547,919.1296909772844,682.6638371641874,81.86683404491647,935.5239240277783,692.7045678574589,82.51115929543947,964.4328803417299,722.0503493516247,83.27036311905218,1074.3622521543002,835.7765604497137,86.85070204290794,0.9538938876822836,3456.821533203125
SpikeLoRA-TS-R2-corrected-v1,WP,lora,1,0.2,high,9669,,,994.6785254736116,775.150833003318,84.03832579434997,954.1117852696697,741.0707224752088,83.00413334476305,959.5813834356925,744.0715035598223,83.20881291543508,968.9969699901375,751.2022284163427,83.51206393124995,985.7913975718841,765.3908737424068,83.86758087176686,1097.7528444910358,874.0188368228096,86.59903790853494,0.956748371082842,3646.50439453125
SpikeLoRA-TS-R2-corrected-v1,WP,spikelora,1,0.2,high,9669,,,962.0787170801393,700.7572219948054,84.79756677954158,913.5483885442492,650.3912653736127,83.08892993929,920.9043794779799,659.104701110922,83.76657306152292,936.4499634487239,671.5329545530295,84.45118733437191,959.3040870814937,697.4902534449355,84.83077190338811,1071.5124308214727,825.2669354915274,87.85037165913498,0.9387527148619299,3202.2470703125
SpikeLoRA-TS-R2-corrected-v1,WP,fullft,1,0.5,high,9669,,,982.2856903176851,712.724020134822,84.59466052774299,930.6773020012115,659.2630818116775,82.55416788445311,938.5839613049424,671.5745705811582,83.274990139994,959.5588616744562,688.5145716338237,83.80375462890576,982.883370697168,713.9048662965849,84.92453335737076,1091.1062573023391,830.3630103508656,88.41585662799133,0.9319474609576999,3238.355224609375
SpikeLoRA-TS-R2-corrected-v1,WP,lora,1,0.5,high,9669,,,983.9235854720546,706.764114787352,82.81352887760211,942.7071444322146,664.5580952046934,80.96445059571924,949.0195699574538,669.0304836486633,81.21385142249619,966.994388755958,680.8561997136972,82.3877817837716,983.9853278486644,702.3031831087008,83.05198520743348,1071.3953204154827,817.0726122610052,86.44957537859005,0.9315337677112421,3246.813232421875
SpikeLoRA-TS-R2-corrected-v1,WP,spikelora,1,0.5,high,9669,,,1004.926458277094,744.9909928925763,84.04299714936617,950.3029451097028,695.5689281337768,82.10346419409201,963.2908349069812,704.6891079597974,82.67533513888615,982.1623783582884,716.6634439169923,83.30844795897421,1004.97787223813,741.5998090759208,84.41070596545971,1115.2387867519976,866.4336753763941,87.71703248941887,0.9307270658806495,3162.785888671875
SpikeLoRA-TS-R2-corrected-v1,WP,fullft,2,0.1,high,9669,,,1083.9566096694593,783.9799937968738,84.50091239715857,1042.0439159852685,743.1389284701046,82.39291254368432,1044.7994157606606,747.7081400016826,82.75711377440929,1072.8251933604863,770.0685580974898,83.65524747150295,1093.3048246383257,791.7792208666934,84.76900037579448,1162.359230672001,867.2051215483984,88.93028782040176,0.9343882511118006,3358.312744140625
SpikeLoRA-TS-R2-corrected-v1,WP,lora,2,0.1,high,9669,,,948.4874619486233,694.8191166401847,84.79362273638145,898.7539733576473,645.5930016644185,82.36456456111918,905.491571905742,655.4595978196669,82.90230895061713,922.5763527059667,669.9549135465954,83.8253697249833,948.669805170483,696.8099543813811,84.99486530516907,1057.9920179924654,806.2781157888613,89.88100514001857,0.9642362188437273,3489.35693359375
SpikeLoRA-TS-R2-corrected-v1,WP,spikelora,2,0.1,high,9669,,,923.9777483840489,683.5944825809489,83.555127552492,869.5064934340693,633.2362025260235,81.36390817218214,878.6464902461868,643.82940878983,82.13400487636551,895.683191165669,656.9481478036282,82.67614386973932,924.8389659098185,685.1640950659707,83.75138808264975,1040.690976609518,798.7945587192921,87.85019276152323,0.9586306753542249,3351.8154296875
SpikeLoRA-TS-R2-corrected-v1,WP,fullft,2,0.2,high,9669,,,950.9003786185956,687.6387734752738,84.03643046107982,898.9402300573968,638.9330386703197,81.91036506836379,905.1787791259588,646.6857446948084,82.38304029071391,925.3841510018831,662.9816152628063,83.22185278085566,952.4365268777102,690.179688339557,84.50096581200671,1063.082464455596,799.4137804088776,88.16592835345904,0.9582997207570586,3467.228515625
SpikeLoRA-TS-R2-corrected-v1,WP,lora,2,0.2,high,9669,,,986.049644126153,755.6869171896917,84.44092104492925,951.1494647227069,725.3597670162658,83.62755081302542,953.8067262542324,728.847891597371,83.86123451954842,969.1284181913074,740.8627741513127,84.11937239025714,987.4087022230143,754.9082062370418,84.0365115212171,1064.3547772922027,828.4559469464672,86.55993598059814,0.9623332299100217,3637.854248046875
SpikeLoRA-TS-R2-corrected-v1,WP,spikelora,2,0.2,high,9669,,,943.068690304295,691.3896317498861,84.39030389917941,900.0495356216536,650.9397022587792,82.80827817888228,905.3619339896794,659.0748918473948,83.54041103484404,915.9565121569118,664.9767734307835,83.54476412032574,938.0543107126214,688.1537249473693,83.88586701444267,1047.9509306555433,793.8030662651034,88.17219914740238,0.9535836177474403,3335.919677734375
SpikeLoRA-TS-R2-corrected-v1,WP,fullft,2,0.5,high,9669,,,947.9868479204355,716.9118069754378,84.13922552345866,893.3498960969372,667.4377154883782,81.95219338297778,902.6208442097865,679.4671633763106,82.77732419695764,922.3027084576088,692.3921125117866,83.24484077558996,946.5313913239925,716.6241081001865,84.54082795350064,1064.9098239298223,828.637935400527,88.1809413082673,0.9469231564794705,3283.38134765625
SpikeLoRA-TS-R2-corrected-v1,WP,lora,2,0.5,high,9669,,,954.3869435196549,709.3518370717225,84.02885734949265,910.3276428851387,665.3306260589779,82.20176551205151,915.0634750650776,669.2784728846095,82.69744255030842,925.9419893305391,681.8048236344689,83.43730648908415,947.6273071601845,704.4271989901886,83.5011893897406,1064.362968222729,825.9180637903675,88.3065828062786,0.9514737821905057,3370.705078125
SpikeLoRA-TS-R2-corrected-v1,WP,spikelora,2,0.5,high,9669,,,1020.5425152158759,751.9132421632602,84.15962558506166,969.7715819129065,706.2250192744592,82.67942174481749,969.3397305020686,706.0718013752776,83.0320956647347,994.8778984437332,725.4987217146332,83.59537675573219,1018.1353211505003,750.4273181946451,84.70798125024957,1140.6476790025902,871.3433502572857,86.78325250977433,0.9508946116454648,3440.787353515625
SpikeLoRA-TS-R2-corrected-v1,EC,fullft,0,0.1,low,3487,3421.6822916666665,8343.806640625,5572.608541107929,4908.028944449921,17.07212592224344,5775.720856318024,5217.401925343239,18.126161878575626,5682.0220076215255,5120.299334469995,17.806790038074066,5675.085936884562,5118.818794025129,17.802582328493042,5514.862032731495,4881.957819893533,17.040179512968745,5196.652829067436,4201.666848517709,14.584915853105734,0.9051907083452825,16291.802734375
SpikeLoRA-TS-R2-corrected-v1,EC,fullft,0,0.1,medium,3487,3421.6822916666665,8343.806640625,6516.363596679286,5440.354428390271,17.83114930798633,6189.765109303505,5261.661569983152,17.493396643163557,6293.855996565341,5349.886394442751,17.743290704670056,6541.828716316594,5536.663849655864,18.321895486070428,6943.204689273337,5758.500788083417,19.002938530390047,6586.7702932477305,5295.05953978617,16.59422517563755,0.8020648121594494,16291.802734375
SpikeLoRA-TS-R2-corrected-v1,EC,fullft,0,0.1,high,3486,3421.6822916666665,8343.806640625,5991.71309776205,4711.765855385829,14.752764075616454,5404.424614213502,4276.827036942413,13.398248433835647,5479.681559653436,4312.513853964967,13.48373949799884,5669.022920698658,4456.517899723895,13.838702994501482,5937.257956623202,4610.067925160463,14.185872018383952,7271.8333936258205,5902.902561137406,18.85725743336234,0.8394148020654044,16291.8017578125
SpikeLoRA-TS-R2-corrected-v1,EC,lora,0,0.1,low,3487,3421.6822916666665,8343.806640625,5637.739682831784,4941.11065822609,17.436466235239262,5728.153881513148,5058.424254933503,17.81258335737257,5688.738411768128,5024.3358932508245,17.7133447606471,5654.743021711634,4991.612555899591,17.655795172141122,5447.25160318182,4771.610224136077,16.988394037328714,5665.543520183871,4859.570362910453,17.012213848706804,0.9182104961284772,17613.26953125
SpikeLoRA-TS-R2-corrected-v1,EC,lora,0,0.1,medium,3487,3421.6822916666665,8343.806640625,6070.331435810073,4935.992468678305,16.30261824457714,5774.448450535397,4740.66689780793,15.870198173108937,5888.864898415337,4823.022168276814,16.119214137129536,6103.490184998218,4973.186092428125,16.616349368238733,6452.284798286382,5193.583684712862,17.33616805598479,6110.406078704908,4949.503500165794,15.571161488423693,0.8607972469171208,17613.26953125
SpikeLoRA-TS-R2-corrected-v1,EC,lora,0,0.1,high,3486,3421.6822916666665,8343.806640625,5574.468290402057,4293.338430955967,13.641930708815785,4979.98474295011,3884.1278904681226,12.407353217246898,5025.690903186996,3898.14748558968,12.42004835501942,5126.517278668639,3946.031881431978,12.49197748836137,5421.163186342201,4144.841496566623,12.92832716374908,7045.954641328437,5593.54340072343,17.961947319702162,0.8845094664371773,17613.26953125
SpikeLoRA-TS-R2-corrected-v1,EC,spikelora,0,0.1,low,3487,3421.6822916666665,8343.806640625,5096.998867578138,4372.288578111557,15.38289068792373,5000.470692306453,4298.553627760252,15.105148141062353,4969.405944077037,4273.331345107722,15.012623517265206,4958.590573598118,4275.700936626219,15.051502697891369,4921.959382168599,4218.961155945297,14.932174195027423,5602.140667863181,4794.895825118297,16.81300488837231,0.9281330656724979,17107.3671875
SpikeLoRA-TS-R2-corrected-v1,EC,spikelora,0,0.1,medium,3487,3421.6822916666665,8343.806640625,5904.523574694064,4766.3951287819045,15.7961189915846,5551.126811834886,4509.827352039719,15.172305150661924,5683.936864082931,4613.9209429667335,15.47676055737427,5909.302869130312,4775.705737941819,16.001883484001205,6324.529223774827,5073.465778023731,16.95174284466442,6022.89928216829,4859.055832937518,15.377902921221184,0.8602810438772583,17107.36328125
SpikeLoRA-TS-R2-corrected-v1,EC,spikelora,0,0.1,high,3486,3421.6822916666665,8343.806640625,5407.123818193385,4166.729316148522,13.24686587683905,4808.150274630032,3712.4453735701736,11.836617834038352,4862.913656743391,3749.4605559514844,11.92767145190196,4967.493462364285,3824.1040574126864,12.09402525514381,5281.6678991668205,4071.318249000466,12.705395446400235,6844.464517716755,5476.3183448078025,17.670619396710894,0.8882386689615606,17107.365234375
SpikeLoRA-TS-R2-corrected-v1,EC,fullft,0,0.2,low,3487,3421.6822916666665,8343.806640625,5569.343129496057,4885.464707193683,17.069996788309076,5744.9157303835,5107.808351219709,17.846947228828903,5626.916928254076,4991.089211378871,17.43404999721269,5708.9517125412785,5079.540419101305,17.738123485062772,5508.555794877045,4832.469574490967,16.90704983218542,5242.646946175485,4416.4159797775665,15.42381339825559,0.8979638657872097,16176.712890625
SpikeLoRA-TS-R2-corrected-v1,EC,fullft,0,0.2,medium,3487,3421.6822916666665,8343.806640625,6324.1609314586,5190.0802827914395,17.089679514615856,5834.276240639482,4795.877303197591,16.011377795210795,6001.845971458884,4931.543930469422,16.406522517974107,6328.132740899985,5204.972401397154,17.275265469257427,6866.752865901767,5620.957361718526,18.621059778694658,6535.791016388797,5397.050417174505,17.134172011942304,0.8107255520504731,16176.712890625
SpikeLoRA-TS-R2-corrected-v1,EC,fullft,0,0.2,high,3486,3421.6822916666665,8343.806640625,5715.085792478111,4396.069337954496,13.815070138229347,5076.299600088696,3894.974028367936,12.222231649430121,5171.069809046449,3951.9878302271586,12.364555602406705,5327.545992015169,4078.4074030496986,12.69207013956991,5659.355129305188,4357.714388805221,13.42732388791285,7098.675982209896,5697.263039322468,18.369169411827137,0.8629948364888124,16176.7119140625
SpikeLoRA-TS-R2-corrected-v1,EC,lora,0,0.2,low,3487,3421.6822916666665,8343.806640625,5178.821502884392,4457.506715344493,15.644201982215176,5459.507383558824,4797.286387385288,16.78863771547359,5389.366227752129,4730.306916202144,16.578203080374657,5298.9140043280295,4638.128235230857,16.303045244167766,5018.490597495813,4298.290897440494,15.148391829470498,4688.894761380625,3823.5211404636866,13.402732041589365,0.9326068253513048,17521.376953125
SpikeLoRA-TS-R2-corrected-v1,EC,lora,0,0.2,medium,3487,3421.6822916666665,8343.806640625,5672.11702940302,4665.930186787532,15.597484821546024,5399.226502852668,4449.942490634858,15.025303738846981,5511.405250587561,4556.453947810618,15.354524834718658,5731.084849439306,4731.423150384464,15.940407391151764,6072.514302173903,4955.352662007994,16.70522434123749,5622.860465041666,4636.478683099727,14.96196380177523,0.8817895038715228,17521.376953125
SpikeLoRA-TS-R2-corrected-v1,EC,lora,0,0.2,high,3486,3421.6822916666665,8343.806640625,5313.193118208976,4119.0929219108575,13.073227544398735,4643.166595299167,3645.52277469252,11.542990607122723,4665.192329169718,3657.4509763383894,11.565590272937778,4784.272880635554,3728.666162977804,11.730642789636669,5181.244275011484,4000.440532778435,12.409768198026743,6934.877852085496,5563.38416276714,18.11714585426978,0.9076878944348824,17521.376953125
SpikeLoRA-TS-R2-corrected-v1,EC,spikelora,0,0.2,low,3487,3421.6822916666665,8343.806640625,5656.002293673521,4770.821717271293,16.829281664965418,5844.816272604603,5029.55870409288,17.665004391936947,5828.0871899630665,5017.034902517386,17.637133313202305,5884.386396428894,5078.889121648265,17.861373905899576,5715.25873016816,4850.910560093741,17.15189749401902,4953.094644830113,3877.715298004194,13.830999219769227,0.922397476340694,18326.244140625
SpikeLoRA-TS-R2-corrected-v1,EC,spikelora,0,0.2,medium,3487,3421.6822916666665,8343.806640625,6407.560343114927,5178.327665480714,17.06624755457599,6022.16764654244,4867.28145052158,16.29107071399666,6210.434208885806,5034.267508670598,16.77216224956262,6524.557506649384,5309.531814036959,17.627434269956314,6951.3423346977615,5622.250417286528,18.61016306093996,6289.446765463372,5058.3071368879055,16.030407478424404,0.8578720963579007,18326.244140625
SpikeLoRA-TS-R2-corrected-v1,EC,spikelora,0,0.2,high,3486,3421.6822916666665,8343.806640625,6012.561484885311,4498.714817473017,14.109379322050824,5321.002739819897,3994.487036034764,12.575564693396402,5420.4539789140335,4061.0275336838426,12.736766348619058,5615.307350408006,4190.4005634704,13.034822225533771,6043.3491947242255,4513.1438082127615,13.842851912967088,7416.625946076514,5734.515145963318,18.356891429737804,0.8859437751004016,18326.244140625
SpikeLoRA-TS-R2-corrected-v1,EC,fullft,0,0.5,low,3487,3421.6822916666665,8343.806640625,6674.597595074293,5930.363279457629,20.03419043505625,7050.192735407805,6431.981507205334,21.741435021802285,6951.245654845218,6320.765656366504,21.364382298522944,6794.332718711809,6126.8340745537,20.710663579112364,6516.707460824417,5766.6413957198165,19.516772575755287,6007.977887603597,5005.593763442787,16.837698700088385,0.8424433610553484,17202.5234375
SpikeLoRA-TS-R2-corrected-v1,EC,fullft,0,0.5,medium,3487,3421.6822916666665,8343.806640625,7941.609077612972,6711.068098584922,21.39039744680848,7669.251633467131,6604.950224158481,21.278217818839323,7780.849144392038,6653.532019599585,21.40280756499022,8012.957780021981,6767.248865764805,21.740791380353,8440.95760419145,7023.0165004615355,22.518383165934843,7780.0695384248975,6506.592882940206,20.011787303925008,0.7101806710639518,17202.525390625
SpikeLoRA-TS-R2-corrected-v1,EC,fullft,0,0.5,high,3486,3421.6822916666665,8343.806640625,7333.95430995978,5950.330187715146,18.1696686556476,6757.4017619166525,5522.477606855995,16.893585050442557,6869.678306228667,5602.642164640705,17.067153009747035,7007.808622849851,5665.925459090828,17.153768951320554,7237.633916120228,5786.088892399957,17.351019889302144,8636.361739853339,7174.516815588246,22.382816377425705,0.7613310384394721,17202.5234375
SpikeLoRA-TS-R2-corrected-v1,EC,lora,0,0.5,low,3487,3421.6822916666665,8343.806640625,6191.075759257854,5433.908772875144,18.60266816124863,6499.225199077453,5822.046299760718,19.985206439894732,6392.78550397124,5722.706509781869,19.64384633446664,6227.052951305689,5555.250466016633,19.06697512483105,5848.498211509119,5101.658175679308,17.527901730147672,5963.081485930965,4967.882413137188,16.789411176903045,0.8782334384858044,17307.939453125
SpikeLoRA-TS-R2-corrected-v1,EC,lora,0,0.5,medium,3487,3421.6822916666665,8343.806640625,7439.605445906404,6191.718380659414,20.013935391290026,7173.568441101126,6088.67583502115,19.924884159548792,7289.20750152028,6160.916482201749,20.130252114688833,7502.195467680554,6269.56028530076,20.467725247783257,7862.5590192961,6453.6715641355395,21.013484657632105,7351.411062321198,5985.767736637869,18.533330776797126,0.762661313449957,17307.9375
SpikeLoRA-TS-R2-corrected-v1,EC,lora,0,0.5,high,3486,3421.6822916666665,8343.806640625,6823.828407740548,5296.543177285033,16.418814255765923,6096.176673683145,4800.583424658455,14.959407469084104,6186.824987077984,4831.462226136689,15.00252957917779,6334.7750604847915,4886.262778793746,15.06414392296318,6658.402391848111,5064.916466647841,15.405576491601819,8539.279814787355,6899.490990188432,21.662413816002722,0.8072862880091796,17307.939453125
SpikeLoRA-TS-R2-corrected-v1,EC,spikelora,0,0.5,low,3487,3421.6822916666665,8343.806640625,5350.629704743485,4568.393188651598,15.676631679376143,5465.933667429242,4796.370941398408,16.562016806571446,5355.366245348632,4664.964171050509,16.062405389445196,5333.670282985429,4635.2114018362845,15.950595099121328,5263.970326575701,4482.766206960675,15.422774586040045,5332.20314890472,4262.653222012116,14.385366515702714,0.905936334958417,16740.529296875
SpikeLoRA-TS-R2-corrected-v1,EC,spikelora,0,0.5,medium,3487,3421.6822916666665,8343.806640625,7118.618862789669,5903.767469350444,19.19594548270687,6825.660468124742,5787.619771875896,18.99847354602891,6924.188078798669,5826.2218289584525,19.099586037870882,7159.416453338585,5966.040831906904,19.563705748069456,7554.743136451522,6197.47166372419,20.32682319521866,7106.916587489211,5741.483250286779,17.99113888634645,0.7696587324347577,16740.529296875
SpikeLoRA-TS-R2-corrected-v1,EC,spikelora,0,0.5,high,3486,3421.6822916666665,8343.806640625,6677.319925922819,5217.366040389235,16.204300195436957,6127.657613400123,4816.682576847569,14.996448068228693,6215.059322213271,4866.503646841832,15.091569860412807,6345.178966980362,4938.926763975545,15.207724899484779,6569.823193144461,5094.493434676205,15.539999903656962,7958.2651280131495,6370.223779605028,20.18575824540154,0.8122776821572002,16740.529296875
SpikeLoRA-TS-R2-corrected-v1,EC,fullft,1,0.1,low,3487,3421.6822916666665,8343.806640625,5504.641255402231,4814.606830952466,16.914930063057028,5468.996256359017,4893.495092822448,17.28059813520025,5449.681557860946,4876.471803753227,17.21599234562592,5520.5437559550155,4949.178224476627,17.42912762734784,5591.830876825374,4929.882336401276,17.3045950548045,5491.033755386235,4424.006697308754,15.344337152306627,0.9475193576139949,18259.11328125
SpikeLoRA-TS-R2-corrected-v1,EC,fullft,1,0.1,medium,3487,3421.6822916666665,8343.806640625,6630.355660326298,5413.172547811514,17.74004337056746,6216.990263144519,5178.707283862382,17.297384123567916,6296.48584055341,5217.705989994085,17.397521117271964,6624.520627773027,5453.1657831768,18.077121585606953,7097.128803823611,5724.102062683718,18.882625921519036,6874.435848411741,5492.181619340587,17.04556410487144,0.8396902781760825,18259.11328125
SpikeLoRA-TS-R2-corrected-v1,EC,fullft,1,0.1,high,3486,3421.6822916666665,8343.806640625,6301.569611631263,4914.030970758032,15.46482293605392,5558.395459560525,4326.0933527637335,13.758544190886093,5650.475758167135,4379.847696589931,13.863606133109432,5951.833078093157,4599.623177979776,14.386772930322007,6290.242743000074,4878.50909217226,15.026938746299207,7793.188738720911,6386.081534284459,20.28825267965287,0.8559380378657487,18259.115234375
SpikeLoRA-TS-R2-corrected-v1,EC,lora,1,0.1,low,3487,3421.6822916666665,8343.806640625,5829.665183906551,4890.625520795992,17.241523573617727,6287.289553911958,5485.227113654288,19.26223326465442,6160.387139317197,5351.3076858017275,18.82551594994523,6063.466386283134,5249.560218086823,18.516689531118985,5524.04875651417,4673.074256837898,16.57586009046045,5016.359422861824,3693.9583295992256,13.027319031909542,0.9212503584743332,18802.056640625
SpikeLoRA-TS-R2-corrected-v1,EC,lora,1,0.1,medium,3487,3421.6822916666665,8343.806640625,6615.703171795618,5375.1613787595,17.633743757025776,6402.723322112287,5334.804674337271,17.809013866623662,6396.990434164286,5301.337204202663,17.695989835354283,6618.600300800122,5446.086587794845,18.120703718506697,6982.9823389433295,5613.725976058396,18.59056878174873,6659.833139386985,5179.852451404323,15.952442582895534,0.8567823343848581,18802.056640625
SpikeLoRA-TS-R2-corrected-v1,EC,lora,1,0.1,high,3486,3421.6822916666665,8343.806640625,6282.767340533365,4934.11686623727,15.335746698883446,5685.762979160395,4512.4226168065115,14.078445863818617,5713.937048834779,4523.716201580877,14.0871813593172,5855.316140921657,4641.445083907057,14.359711934787436,6118.729777567628,4827.174969128747,14.763083006484393,7788.791229844039,6165.825459763159,19.39031133000958,0.8752725186460126,18802.056640625
SpikeLoRA-TS-R2-corrected-v1,EC,spikelora,1,0.1,low,3487,3421.6822916666665,8343.806640625,5928.52920561129,5068.913980835066,17.706470700342518,6047.132770306072,5223.083340801549,18.272039765197587,6042.5548387786885,5219.913527028964,18.257456630188994,6059.974350225046,5248.615666784664,18.354481579896962,5817.894827732902,4997.697647064095,17.4883539975844,5664.434626299975,4655.259722496056,16.16002152884465,0.9211930025810152,19137.595703125
SpikeLoRA-TS-R2-corrected-v1,EC,spikelora,1,0.1,medium,3487,3421.6822916666665,8343.806640625,7038.8443267222565,5790.7733363990355,18.82205655159475,6623.4993051529045,5497.928210753782,18.207842742672874,6685.9128711981575,5539.786795149842,18.33244829256256,6952.4897812795925,5759.68784727201,18.996113930153975,7402.552901805511,6033.4717807884645,19.813209374384048,7484.622214227643,6122.992048031079,18.760668418200293,0.8321193002581015,19137.595703125
SpikeLoRA-TS-R2-corrected-v1,EC,spikelora,1,0.1,high,3486,3421.6822916666665,8343.806640625,6764.036824628899,5271.513960697702,16.29258577787417,5815.1110903939825,4553.814684519327,14.230408187011893,5894.23858888462,4590.939703848878,14.298016341766628,6109.291376575481,4744.353645609222,14.649426735589063,6552.909098083213,5107.98245885327,15.5469072808789,8940.880634295372,7360.47931065781,22.73817034412436,0.8544463568559955,19137.595703125
SpikeLoRA-TS-R2-corrected-v1,EC,fullft,1,0.2,low,3487,3421.6822916666665,8343.806640625,4971.483706740666,4288.299876102308,15.298013964174432,5002.924700399944,4375.714155927373,15.750960299613956,4922.530683538315,4297.481451753835,15.461100135402797,4931.655786020288,4313.737080360984,15.49105319722309,4881.823228234262,4229.852605436263,15.112739647998188,5115.1012228671,4224.714087033087,14.674216540634113,0.9628907370232291,18657.90234375
SpikeLoRA-TS-R2-corrected-v1,EC,fullft,1,0.2,medium,3487,3421.6822916666665,8343.806640625,6212.713706003921,5030.474849888873,16.793993564599777,5689.439365081909,4638.240540758532,15.794967953711788,5801.025805206087,4718.30248288285,16.034832608817386,6134.042357007368,4984.6627546288,16.870661951423436,6674.985907264081,5362.316162599476,18.041834631653924,6692.198800282293,5448.852308574706,17.227670677392364,0.8599942644106682,18657.90234375
SpikeLoRA-TS-R2-corrected-v1,EC,fullft,1,0.2,high,3486,3421.6822916666665,8343.806640625,5753.180865803777,4361.1729714617395,13.934479277982303,4922.353448671284,3696.671231241932,11.94707644540921,4942.331624658842,3685.531258964429,11.866902493674226,5092.752683249645,3809.437557148236,12.134846417021812,5482.0921485639155,4191.901923542384,13.063337639851172,7800.626948740204,6422.322886411718,20.660233393955103,0.8832472748135399,18657.90234375
SpikeLoRA-TS-R2-corrected-v1,EC,lora,1,0.2,low,3487,3421.6822916666665,8343.806640625,6084.188796444977,5339.6385464089835,18.602896617698043,6251.052413170159,5560.910204980105,19.326746148981037,6337.256621007593,5644.406541260396,19.586613295128714,6363.875066775314,5668.173518380771,19.64741953294283,6231.327513696784,5495.863150742938,19.0462634551564,5149.9456650287875,4328.839316680707,15.407440656281246,0.905993690851735,18257.078125
SpikeLoRA-TS-R2-corrected-v1,EC,lora,1,0.2,medium,3487,3421.6822916666665,8343.806640625,6607.266057505795,5434.027529484514,17.97023845947634,6255.239207288751,5182.838010489855,17.339467740773262,6398.015172444544,5292.995200364748,17.65512893445795,6722.744350672806,5567.875313104925,18.5007355023635,7092.834656116358,5792.137267663823,19.252370793447472,6535.565241247272,5334.291855799219,17.103489326339535,0.83888729566963,18257.076171875
SpikeLoRA-TS-R2-corrected-v1,EC,lora,1,0.2,high,3486,3421.6822916666665,8343.806640625,5996.8218160741635,4611.837082761851,14.717945444144473,5474.945914785,4165.832850654851,13.360526452866885,5511.5315072853,4166.198374973107,13.3239427416935,5701.004783365484,4297.380872261367,13.61981347495011,5922.800554991713,4500.127921283348,14.022485434652904,7202.5221408149355,5929.645394636582,19.26295911655896,0.8759609868043603,18257.080078125
SpikeLoRA-TS-R2-corrected-v1,EC,spikelora,1,0.2,low,3487,3421.6822916666665,8343.806640625,5409.113123764178,4471.601824522333,15.729846487884869,5262.461432309663,4384.499927745017,15.508065744159111,5272.2928728289935,4380.90780208184,15.47877913033799,5376.7836253442365,4482.464260669092,15.82270305931483,5464.57113852511,4541.9791412747345,16.001084050176456,5659.559309980571,4568.15799084098,15.838600455435959,0.9210209349010611,18308.11328125
SpikeLoRA-TS-R2-corrected-v1,EC,spikelora,1,0.2,medium,3487,3421.6822916666665,8343.806640625,6274.0820432216715,5054.510111104639,16.747829635099354,5651.4441472805465,4584.9113389352415,15.560315759616284,5750.8466019333255,4645.782844930724,15.722169715205755,6116.414944890936,4946.850800742041,16.64159796176747,6773.271800458246,5449.336416399305,18.198315874423326,6965.7538842264175,5645.66915451588,17.616748864483935,0.8556352165184973,18308.11328125
SpikeLoRA-TS-R2-corrected-v1,EC,spikelora,1,0.2,high,3486,3421.6822916666665,8343.806640625,6201.751942086629,4757.444460374982,15.071251955847156,5316.131374123118,4103.547567502152,13.201722162432874,5342.846665843944,4097.477790066516,13.141607166518549,5546.561949435221,4235.766084146855,13.44233195752115,5995.359189073343,4596.4624362404975,14.257888890142425,8294.135953147364,6753.96842391889,21.312709602620785,0.8585197934595525,18308.11328125
SpikeLoRA-TS-R2-corrected-v1,EC,fullft,1,0.5,low,3487,3421.6822916666665,8343.806640625,6531.17743198686,5785.21642114909,19.86314029387966,6672.580959231043,5971.640458085389,20.567091055375695,6597.436334052095,5904.233255327825,20.34209566587307,6610.485842968319,5934.579104083023,20.455725064854807,6516.376712555987,5753.753863681173,19.77729805584633,6250.6161185184355,5361.875424568038,18.173491627448403,0.9080011471178664,19061.6640625
SpikeLoRA-TS-R2-corrected-v1,EC,fullft,1,0.5,medium,3487,3421.6822916666665,8343.806640625,8257.640087580994,6969.427837324348,22.19631674165984,7893.231989461066,6743.955184547068,21.77376307944645,7991.309933470672,6786.839731726771,21.880402831544743,8282.982704605105,6986.5790895200025,22.484418080921753,8741.96540098497,7264.720373776707,23.27600879280475,8351.598160297168,7065.04480705119,21.566990923581496,0.7456266131344995,19061.6640625
SpikeLoRA-TS-R2-corrected-v1,EC,fullft,1,0.5,high,3486,3421.6822916666665,8343.806640625,7485.173946014338,5900.354702627475,18.104065540645994,6902.119951624213,5452.256958638124,16.80226340594599,6971.131841308492,5472.546283347677,16.812470082592643,7097.590369924822,5529.038268587744,16.871054880131915,7330.62835764099,5639.951914802065,17.017813982918852,8932.485928219832,7407.980087761762,23.016725351640577,0.8027538726333907,19061.6640625
SpikeLoRA-TS-R2-corrected-v1,EC,lora,1,0.5,low,3487,3421.6822916666665,8343.806640625,6229.711570501685,5500.441135601878,18.952948942251556,6068.615183652325,5431.072798855571,18.892454828069656,6054.349033257254,5386.796494121021,18.725384017785927,6221.716340803899,5533.810806208776,19.153921573018092,6407.982892147077,5644.031793312662,19.377522774405538,6386.806699985397,5506.493785511364,18.615461517978567,0.8778893031258962,17452.8515625
SpikeLoRA-TS-R2-corrected-v1,EC,lora,1,0.5,medium,3487,3421.6822916666665,8343.806640625,7814.324101892289,6524.62878448075,20.902910382312132,7289.203740547614,6154.0342807884645,20.061717680706213,7344.933852920943,6137.45806746487,19.979502887500246,7790.717418568752,6473.404997580298,20.955224229956467,8381.197627586871,6903.467153668985,22.228633794510664,8203.536420557775,6954.779422901132,21.289473318887055,0.7308287926584457,17452.8515625
SpikeLoRA-TS-R2-corrected-v1,EC,lora,1,0.5,high,3486,3421.6822916666665,8343.806640625,7399.275579645983,5731.29548870706,17.79068715442989,6406.73916598371,4997.3369958629155,15.80738995562456,6565.0904596809605,5055.781478873082,15.897601766857013,6884.921532154834,5246.893635367363,16.27950414118945,7392.567565893514,5572.382811939723,16.898384989947317,9356.680838457269,7784.082521492219,24.07055491853112,0.7749282845668388,17452.525390625
SpikeLoRA-TS-R2-corrected-v1,EC,spikelora,1,0.5,low,3487,3421.6822916666665,8343.806640625,6020.583227418235,5189.082978294379,17.77746768301659,5729.0686574662805,5003.522396244085,17.34216284840096,5670.108885900701,4925.7433615034415,17.096631802812436,5847.239847353131,5071.79838339278,17.490721726627264,6035.046855285993,5142.148324356539,17.52860029137497,6756.681519314391,5802.202425975051,19.42922174586732,0.916432463435618,18896.16796875
SpikeLoRA-TS-R2-corrected-v1,EC,spikelora,1,0.5,medium,3487,3421.6822916666665,8343.806640625,7845.7815165069915,6524.734536929578,20.816803384767457,7309.136719570494,6136.8475957574565,20.00517338146369,7364.60643311719,6129.745944759105,19.953002031409685,7775.185443165351,6452.729194205711,20.85766813626073,8442.471243448223,6938.14253443594,22.176289245807222,8269.927517921085,6966.207415489676,21.091884128895952,0.7875537711499857,18896.16796875
SpikeLoRA-TS-R2-corrected-v1,EC,spikelora,1,0.5,high,3486,3421.6822916666665,8343.806640625,7391.277817886122,5747.288470455483,17.68695932937122,6450.083273232623,5019.612774479615,15.749006338272679,6529.028649806972,5033.882145770583,15.731949075601529,6865.300469431308,5269.3546975289555,16.23651751601505,7436.172734536093,5689.989264255683,17.08727088268228,9300.222260290875,7723.603470242578,23.630052834284555,0.8162363740676993,18895.91796875
SpikeLoRA-TS-R2-corrected-v1,EC,fullft,2,0.1,low,3487,3421.6822916666665,8343.806640625,5663.443284051161,5015.8317676593415,17.621959023631163,6023.4199040185,5423.928273766848,18.904215389925454,5949.580109816223,5362.11409509876,18.72941616631324,5809.882492515972,5239.77455941264,18.380146036189977,5512.01071641077,4918.5309794639015,17.420262488797054,4955.488030497414,4134.8109305545595,14.675755036930086,0.9024376254660166,16754.30859375
SpikeLoRA-TS-R2-corrected-v1,EC,fullft,2,0.1,medium,3487,3421.6822916666665,8343.806640625,6097.333603898821,5039.629924877223,16.699579168407798,5957.255495429285,5001.598583802337,16.693609011360444,6007.780327862137,5037.887518595856,16.808744976365116,6149.549539768427,5130.186403292587,17.136580356395942,6431.305859862992,5272.92586414719,17.682429972433628,5926.754025208495,4755.551254548143,15.176531525483878,0.838829939776312,16754.30859375
SpikeLoRA-TS-R2-corrected-v1,EC,fullft,2,0.1,high,3486,3421.6822916666665,8343.806640625,5601.652985970655,4459.047643251578,13.879935492145334,5377.543266813304,4364.306389620984,13.391341556712366,5341.053175087518,4323.136717069169,13.269765305934541,5321.948674504294,4290.210908925882,13.187545946319881,5411.732357106139,4336.254594269937,13.348046159335425,6468.21269529695,4981.329606371916,16.20297849242446,0.878657487091222,16754.30859375
SpikeLoRA-TS-R2-corrected-v1,EC,lora,2,0.1,low,3487,3421.6822916666665,8343.806640625,5199.321570241946,4419.623851089762,15.515039598777285,5294.563113142549,4543.851965223509,15.876959689113221,5288.686814580423,4544.181783454617,15.88921847502659,5238.571661392646,4496.562981139769,15.734704652434056,5199.19192204168,4414.939754467487,15.509852715469972,4968.690720741207,4098.582771163428,14.56446246184259,0.9301405219386292,17326.958984375
SpikeLoRA-TS-R2-corrected-v1,EC,lora,2,0.1,medium,3487,3421.6822916666665,8343.806640625,6501.119324785631,5231.173017412891,17.097120054253576,6317.710924590426,5182.970084756776,17.11358028854597,6429.08517693448,5252.752994941031,17.30879138697137,6643.49272738333,5380.8968350077075,17.70787868706066,7011.863656978377,5578.779721443038,18.332249273564994,6064.150993641947,4760.465450915902,15.023100635124887,0.8203613421279037,17326.958984375
SpikeLoRA-TS-R2-corrected-v1,EC,lora,2,0.1,high,3486,3421.6822916666665,8343.806640625,6141.328041022023,4737.358938096135,14.835767632578076,5685.124455320619,4362.056660794966,13.652149302219485,5766.373990821259,4416.434474505164,13.765353522913104,5917.958895617327,4537.148428535571,14.05798249131246,6223.303647951057,4841.850021178464,14.83568841869979,7018.268709439341,5529.305105466509,17.867664427745535,0.851176133103844,17326.958984375
SpikeLoRA-TS-R2-corrected-v1,EC,spikelora,2,0.1,low,3487,3421.6822916666665,8343.806640625,5713.828051696213,4956.16303423878,17.71807046587501,5986.83671155576,5295.973411286564,18.847131635891397,5928.829748797717,5234.352860289109,18.671876400878407,5843.969185498814,5145.863727662568,18.405268173204902,5739.942607410305,5000.654127159808,17.95914426153375,5014.678658026678,4103.971044795849,14.706931857866582,0.9260682535130484,17384.75390625
SpikeLoRA-TS-R2-corrected-v1,EC,spikelora,2,0.1,medium,3487,3421.6822916666665,8343.806640625,6357.224012372355,5226.053005135145,17.385238077987182,6148.757611656178,5162.398364124785,17.359262009913724,6245.197610820208,5221.342254489891,17.53244141482157,6508.78528313057,5389.45770114891,18.061944486719597,7029.797001532968,5720.910623386865,19.117186711873536,5786.142117824718,4636.156082525273,14.855355766607477,0.846343561800975,17384.75390625
SpikeLoRA-TS-R2-corrected-v1,EC,spikelora,2,0.1,high,3486,3421.6822916666665,8343.806640625,5767.056468603922,4481.122725500215,14.313004416078057,5090.5945371500275,3981.6939487862164,12.86409062108557,5132.397355133326,3989.1036428078387,12.82777989927183,5314.533142399609,4108.536944653614,13.054638163352845,5787.234470659096,4499.88598198598,13.95862821770015,7232.060623891491,5826.393109267427,18.8598851789799,0.8658634538152611,17384.755859375
SpikeLoRA-TS-R2-corrected-v1,EC,fullft,2,0.2,low,3487,3421.6822916666665,8343.806640625,5062.760837234199,4381.144475014339,15.657078259286342,5432.723022618404,4835.217031563665,17.17911508289896,5318.9975771759555,4734.55707807571,16.874923646259983,5114.40653906173,4539.193927892888,16.25750257396112,4843.151052310283,4170.212506385324,15.013357123389135,4553.927474870273,3626.541831154108,12.960492869922508,0.9509033553197591,17542.232421875
SpikeLoRA-TS-R2-corrected-v1,EC,fullft,2,0.2,medium,3487,3421.6822916666665,8343.806640625,6181.269953491664,5069.916286945261,16.918581158118464,6044.054254496187,5067.0561768488315,17.059077970322484,6087.863463953153,5087.780712288501,17.126727370099385,6232.125830907829,5156.72815378997,17.36588529059958,6530.006493851252,5278.674649815386,17.809358086850086,5997.286104619064,4759.341741983618,15.23185707272079,0.8459994264410668,17542.232421875
SpikeLoRA-TS-R2-corrected-v1,EC,fullft,2,0.2,high,3486,3421.6822916666665,8343.806640625,5414.267322728718,4210.508578958692,13.469287301398525,5019.118576614605,3920.778310787794,12.544429513072455,4986.090617474677,3870.5830744854416,12.367501397755426,5024.506510360886,3866.962642982645,12.28939794707362,5194.889170403526,4011.3984789604847,12.574580845161801,6654.792492078049,5382.820387577094,17.57052680392932,0.8960413080895009,17542.232421875
SpikeLoRA-TS-R2-corrected-v1,EC,lora,2,0.2,low,3487,3421.6822916666665,8343.806640625,5000.124660498887,4227.754162111055,15.121602286408692,5325.753222285944,4621.876535278356,16.408343284902344,5293.30516812778,4592.598782643569,16.33359256522573,5127.255787447551,4420.402733590838,15.780785965408784,4901.99637086626,4113.859512788572,14.776490305475237,4278.456004813865,3390.033246253943,12.308799311031361,0.9387439059363349,16976.228515625
SpikeLoRA-TS-R2-corrected-v1,EC,lora,2,0.2,medium,3487,3421.6822916666665,8343.806640625,6583.093966819281,5314.341061890594,17.55518050008507,6450.220372012722,5285.572741723724,17.57648612560904,6572.912302081279,5362.512348320548,17.79964229089139,6786.687179157696,5477.493866728205,18.163988513467896,7093.522071836405,5637.70340841877,18.72600137600224,5958.18207594473,4808.4229442617225,15.509784194454774,0.8117006022368798,16976.2265625
SpikeLoRA-TS-R2-corrected-v1,EC,lora,2,0.2,high,3486,3421.6822916666665,8343.806640625,5876.03375560384,4490.878525709983,14.228782557526177,5549.138067056451,4238.625451022841,13.438086025015538,5615.9427530361245,4272.819231165734,13.490160679760407,5747.544386117418,4334.216522899635,13.583153433125153,5978.404304233078,4507.929945787615,13.9634312099027,6444.496310580251,5100.801477674089,16.669081439827092,0.8592082616179002,16976.228515625
SpikeLoRA-TS-R2-corrected-v1,EC,spikelora,2,0.2,low,3487,3421.6822916666665,8343.806640625,5316.338626061317,4545.84558202789,16.0932501571448,5451.732318750182,4755.1848568119085,16.795148421927657,5420.059777878518,4728.373300047498,16.72697135873814,5340.163338372854,4644.669362879086,16.477517102164217,5233.149251271178,4450.18139361378,15.870675095050032,5129.878468062795,4150.818996787174,14.595938807843936,0.9362776025236593,18069.484375
SpikeLoRA-TS-R2-corrected-v1,EC,spikelora,2,0.2,medium,3487,3421.6822916666665,8343.806640625,6932.965876070356,5622.085026303054,18.47929882895606,6669.351778102601,5537.908346514733,18.458709154428725,6806.801783413136,5636.192359007564,18.753794762229024,7090.613019161562,5807.650098804488,19.288589605995806,7562.760604255357,6069.418102617758,20.074769774667637,6484.2219726227095,5059.256224570727,15.82063084745913,0.8063665041583022,18069.484375
SpikeLoRA-TS-R2-corrected-v1,EC,spikelora,2,0.2,high,3486,3421.6822916666665,8343.806640625,6274.069034820555,4799.325919302209,15.09569890823773,5732.001525959535,4369.678050931404,13.806218796973313,5818.607586174834,4405.947522792061,13.862630170036978,6025.812359190006,4531.577867832939,14.13133910966817,6325.53243754945,4821.587472658491,14.800651900207457,7333.818945564416,5867.838682296149,18.877654564302752,0.8589213998852553,18069.484375
SpikeLoRA-TS-R2-corrected-v1,EC,fullft,2,0.5,low,3487,3421.6822916666665,8343.806640625,5941.505699674691,5296.547053340981,18.36812280992104,5993.809364644949,5427.036583425939,18.929609991181163,5958.98506064916,5402.606828151886,18.84689623099294,5908.9504979888,5341.339174411206,18.604236602876384,5974.270283745301,5278.303390271007,18.281475794604116,5870.655400606015,5033.449290444867,17.17839542995059,0.9337539432176656,18027.69921875
SpikeLoRA-TS-R2-corrected-v1,EC,fullft,2,0.5,medium,3487,3421.6822916666665,8343.806640625,7465.726780191848,6255.578102483331,20.224164242442033,7157.332717330337,6070.825130619085,19.8941709018436,7266.110831374795,6137.783109585604,20.07879039536437,7544.227786234186,6337.82979918716,20.651448121741748,7994.327334216882,6632.414945243046,21.52451578401954,7337.367451939703,6099.037527781761,18.971896009240904,0.7826211643246344,18027.69921875
SpikeLoRA-TS-R2-corrected-v1,EC,fullft,2,0.5,high,3486,3421.6822916666665,8343.806640625,6808.657116730305,5367.062089877367,16.732730796056217,6176.299032762994,4887.4345843194205,15.361385598948326,6235.954290464673,4903.688953358075,15.351927498219103,6421.406691499399,5016.658501752546,15.555010063605987,6708.238589449255,5227.955209790053,15.926949411260532,8277.70101782662,6799.573200166738,21.468381408247136,0.8215720022948939,18027.69921875
SpikeLoRA-TS-R2-corrected-v1,EC,lora,2,0.5,low,3487,3421.6822916666665,8343.806640625,6684.564216521965,5895.602069741181,20.139499718859952,6892.087682547895,6153.845867239031,20.999552843856918,6954.828219851316,6243.754063082521,21.294991377136807,6790.033475531566,6076.266586159306,20.794930064935397,6730.220009006712,5924.836884656403,20.306729112381745,6012.1601495624955,5079.306947568648,17.301295195988896,0.8427874964152566,17329.30859375
SpikeLoRA-TS-R2-corrected-v1,EC,lora,2,0.5,medium,3487,3421.6822916666665,8343.806640625,8069.693161640159,6772.930380811765,21.65438459812491,7946.576402425236,6792.756940399161,21.88197909613757,8093.6875709591795,6902.298160466555,22.20817348149246,8281.491407956692,6978.855265987955,22.44095459104676,8632.152067575074,7143.9726842558075,22.943175666119597,7338.033411032405,6046.768852949348,18.797640155828162,0.7082879265844566,17329.30859375
SpikeLoRA-TS-R2-corrected-v1,EC,lora,2,0.5,high,3486,3421.6822916666665,8343.806640625,7142.868073793783,5663.483502985155,17.43317274277963,6620.9471456883975,5265.814181390741,16.243161522975818,6735.584946679258,5329.057807121342,16.375524108902365,6874.372833244635,5371.541943443416,16.39270351188314,7136.195623447488,5611.6197199512335,16.90951145039927,8228.941978870553,6739.38386301904,21.24496311973755,0.7880091795754446,17329.306640625
SpikeLoRA-TS-R2-corrected-v1,EC,spikelora,2,0.5,low,3487,3421.6822916666665,8343.806640625,6499.7630486849375,5812.74734124068,20.076619651854376,6654.7106085030655,6034.489251931281,20.8361757985938,6620.212157149923,5994.302200584313,20.722521105487676,6573.660409128335,5932.527496101592,20.52431891368239,6550.083920073029,5816.135936267745,20.137744002279025,6083.223292146283,5286.281821318468,18.162338439229003,0.8317751648981933,16469.505859375
SpikeLoRA-TS-R2-corrected-v1,EC,spikelora,2,0.5,medium,3487,3421.6822916666665,8343.806640625,7538.133208277348,6249.540301812984,20.274981430703605,7169.5447810048445,6059.756863103133,19.938902772497393,7305.650670989256,6127.672086723903,20.129123076441658,7657.014948686264,6338.862285363493,20.740737391606107,8299.00393522179,6760.457186962289,21.939311465401627,7199.931457595792,5960.953086912102,18.626832447571235,0.7286492687123602,16469.505859375
SpikeLoRA-TS-R2-corrected-v1,EC,spikelora,2,0.5,high,3486,3421.6822916666665,8343.806640625,6695.7217616026655,5264.084543979489,16.46251553832267,5881.253092906594,4629.728680906663,14.638367006577543,5981.50988247782,4691.320602163117,14.750463412322961,6246.323961465652,4872.996885981425,15.137360873818206,6748.8538309597425,5270.513713895762,16.02833722189144,8320.592530808988,6855.86283695048,21.758049177003198,0.7928858290304074,16469.505859375
